0	1	0
0	12	0
0	816	0
0	818	1
0	908	1
0	1406	1
0	1979	1
0	2600	0
0	2613	0
0	2651	1
1	207	0
1	643	0
1	885	0
1	1319	1
1	1328	0
1	1429	0
1	1595	1
1	2060	1
1	2135	1
1	2932	1
2	136	1
2	1784	0
2	2088	1
2	2268	0
2	2327	1
2	2509	0
2	2863	1
2	2875	1
2	2916	0
2	2958	0
3	183	0
3	304	0
3	597	0
3	997	1
3	1358	1
3	2133	1
3	2143	0
3	2316	0
3	2890	1
3	3011	1
4	30	0
4	550	1
4	748	0
4	1063	0
4	1266	1
4	1527	0
4	2281	1
4	2593	1
4	3009	1
4	3016	0
5	92	0
5	459	0
5	568	0
5	619	0
5	1825	1
5	2311	1
5	2455	1
5	2513	1
5	2959	0
5	3213	1
6	66	0
6	108	1
6	131	0
6	344	1
6	1421	0
6	1618	1
6	1752	1
6	1876	1
6	2539	0
6	2566	0
7	174	1
7	378	0
7	495	1
7	527	1
7	1280	1
7	1976	0
7	2178	0
7	2267	0
7	2274	0
7	3037	1
8	403	1
8	804	0
8	845	1
8	1351	1
8	1615	1
8	1629	1
8	1888	0
8	2702	0
8	2875	0
8	3248	0
9	213	0
9	257	1
9	422	0
9	1242	0
9	1717	1
9	1834	1
9	1927	1
9	2146	0
9	2468	1
9	2981	0
10	87	0
10	195	0
10	447	1
10	463	1
10	605	1
10	1117	1
10	1630	0
10	1924	0
10	2557	1
10	2688	0
11	86	1
11	606	0
11	847	1
11	924	0
11	1333	0
11	1391	1
11	1735	0
11	2018	1
11	2157	0
11	2640	1
12	252	1
12	422	1
12	694	0
12	1227	1
12	1646	0
12	2127	0
12	2132	0
12	2400	1
12	2529	1
12	2607	0
13	104	1
13	206	0
13	623	0
13	1047	0
13	1301	0
13	1612	0
13	1856	1
13	2479	1
13	2622	1
13	2706	1
14	211	1
14	262	1
14	598	1
14	643	0
14	926	1
14	1592	0
14	1827	0
14	1888	0
14	2789	0
14	2863	1
15	207	1
15	319	1
15	346	0
15	388	1
15	1199	1
15	2311	0
15	2451	0
15	2636	1
15	2775	0
15	3151	0
16	74	0
16	274	0
16	276	0
16	299	1
16	434	1
16	975	0
16	1119	1
16	2539	0
16	2753	1
16	3079	1
17	102	0
17	675	0
17	705	0
17	1226	1
17	1476	1
17	2401	1
17	2466	0
17	2619	1
17	2833	0
17	3117	1
18	208	1
18	992	0
18	1363	1
18	1446	1
18	1746	0
18	1854	1
18	2118	0
18	2651	1
18	2995	0
18	3194	0
19	585	1
19	624	1
19	1642	0
19	1765	1
19	1781	1
19	1840	1
19	2419	0
19	2822	0
19	3176	0
19	3216	0
20	86	1
20	278	1
20	904	1
20	1266	1
20	1499	0
20	1512	0
20	1816	1
20	2270	0
20	2572	0
20	3067	0
21	260	1
21	1066	0
21	1358	1
21	1495	0
21	1649	0
21	2427	0
21	2557	1
21	2661	1
21	2953	0
21	3152	1
22	92	0
22	116	0
22	644	0
22	731	0
22	813	1
22	910	1
22	977	1
22	1221	1
22	1391	1
22	1440	0
23	212	0
23	403	0
23	850	0
23	1046	1
23	1242	1
23	1266	1
23	1267	1
23	1915	0
23	3139	0
23	3200	1
24	813	0
24	904	1
24	1220	0
24	1454	1
24	1570	1
24	1636	1
24	1840	0
24	2951	0
24	3005	1
24	3011	0
25	257	1
25	701	1
25	791	0
25	800	1
25	1036	0
25	1123	0
25	1271	1
25	1783	1
25	2277	0
25	2442	0
26	169	0
26	309	0
26	1040	1
26	1211	0
26	1342	0
26	1358	1
26	1589	0
26	2104	1
26	2761	1
26	2925	1
27	965	0
27	1346	1
27	1754	1
27	1784	1
27	1812	1
27	2101	0
27	2572	0
27	2822	0
27	2875	0
27	2936	1
28	70	0
28	799	0
28	1332	0
28	1481	0
28	1685	0
28	1860	1
28	2631	1
28	2753	1
28	2831	1
28	3115	1
29	12	0
29	620	1
29	623	0
29	1036	0
29	1046	1
29	1232	0
29	1460	1
29	1575	1
29	2818	1
29	2956	0
30	216	1
30	843	0
30	1117	1
30	1166	0
30	1552	1
30	1816	0
30	1969	0
30	2442	1
30	2450	1
30	2503	0
31	162	0
31	340	1
31	885	1
31	1370	0
31	1806	0
31	1991	0
31	2268	0
31	2662	1
31	2818	1
31	2863	1
32	403	1
32	497	1
32	968	0
32	1473	0
32	1927	1
32	2466	1
32	2583	0
32	2663	0
32	2823	0
32	3213	1
33	49	1
33	319	0
33	871	1
33	1044	1
33	1444	0
33	1555	0
33	1617	0
33	1816	1
33	2153	1
33	2358	0
34	36	1
34	237	1
34	334	1
34	737	0
34	1030	0
34	1566	0
34	2249	0
34	2288	0
34	2834	1
34	3185	1
35	1156	1
35	1166	1
35	1361	1
35	1446	0
35	1485	0
35	1570	0
35	2030	0
35	2519	1
35	2640	0
35	3094	1
36	274	0
36	866	1
36	1086	1
36	1332	0
36	1523	0
36	1540	0
36	2138	1
36	2277	1
36	2627	1
36	3220	0
37	126	0
37	344	1
37	463	1
37	924	1
37	1310	1
37	1394	0
37	1737	0
37	2106	1
37	2680	0
37	2860	0
38	331	0
38	503	0
38	818	0
38	1399	0
38	1803	0
38	2187	1
38	2517	1
38	2661	1
38	2708	1
38	3238	1
39	248	1
39	906	0
39	908	0
39	1087	1
39	1142	0
39	1313	1
39	1812	0
39	2348	1
39	2818	1
39	3213	0
40	603	1
40	643	0
40	856	1
40	975	1
40	1615	1
40	2277	1
40	2634	0
40	2827	0
40	2932	0
40	3091	0
41	211	1
41	684	1
41	908	0
41	1201	0
41	1854	1
41	1888	1
41	2312	0
41	2464	1
41	2496	0
41	3101	0
42	487	0
42	1240	0
42	1439	0
42	1834	1
42	2619	1
42	2734	1
42	2860	1
42	2932	0
42	2995	0
42	3196	1
43	262	1
43	299	1
43	550	1
43	758	0
43	845	0
43	1307	1
43	1592	0
43	1629	0
43	2238	1
43	3256	0
44	106	0
44	1552	1
44	1617	0
44	1872	1
44	2118	1
44	2157	0
44	2717	0
44	2752	0
44	2828	1
44	2995	1
45	644	0
45	1358	1
45	1514	1
45	1531	0
45	1746	0
45	1801	0
45	1921	1
45	2455	1
45	2818	1
45	3066	0
46	135	0
46	154	0
46	497	0
46	940	1
46	1221	1
46	1972	1
46	1991	0
46	2281	1
46	2466	0
46	3212	1
47	238	1
47	563	0
47	854	0
47	1307	0
47	1927	0
47	2049	1
47	2651	0
47	2978	1
47	3193	1
47	3213	1
48	317	0
48	487	0
48	592	1
48	612	0
48	687	1
48	947	0
48	1088	1
48	1696	0
48	2001	1
48	2857	1
49	34	0
49	106	0
49	461	0
49	507	1
49	850	1
49	1205	1
49	1730	0
49	1834	1
49	1927	1
49	2956	0
50	895	0
50	1307	1
50	1972	1
50	2322	0
50	2756	1
50	2947	0
50	2951	0
50	3084	1
50	3156	1
50	3256	0
51	579	0
51	654	0
51	1552	0
51	1565	1
51	1790	0
51	1866	0
51	1914	1
51	2277	1
51	2877	1
51	3195	1
52	92	0
52	336	1
52	420	0
52	592	1
52	626	0
52	975	1
52	987	0
52	1439	0
52	1856	1
52	3154	1
53	276	0
53	806	0
53	1636	1
53	1774	1
53	1892	1
53	2374	0
53	2566	0
53	2686	0
53	3050	1
53	3078	1
54	158	0
54	566	1
54	664	0
54	1454	1
54	1681	0
54	1924	1
54	2097	0
54	2279	0
54	2337	1
54	2916	1
55	1213	0
55	1672	0
55	1866	0
55	2101	1
55	2361	0
55	2466	0
55	2619	1
55	2848	1
55	3058	1
55	3110	1
56	46	0
56	604	1
56	968	1
56	975	0
56	1012	1
56	1239	1
56	1473	1
56	1641	0
56	2159	0
56	2832	0
57	624	1
57	637	0
57	1146	0
57	1239	1
57	1307	1
57	1592	0
57	1860	0
57	2756	0
57	2816	1
57	3065	1
58	24	1
58	507	1
58	908	0
58	1382	1
58	1439	0
58	1526	0
58	2101	1
58	2761	1
58	3049	0
58	3115	0
59	121	1
59	357	1
59	466	1
59	1036	1
59	1057	1
59	1242	0
59	1523	0
59	2684	0
59	2794	0
59	2934	0
60	252	1
60	568	1
60	751	0
60	1172	0
60	1370	1
60	1676	0
60	2728	0
60	2848	0
60	2851	1
60	3097	1
61	135	1
61	497	0
61	643	0
61	1028	1
61	1729	0
61	1744	0
61	1990	0
61	2284	1
61	2756	1
61	3163	1
62	22	0
62	124	0
62	133	0
62	555	0
62	607	1
62	1847	1
62	2278	1
62	2285	1
62	2734	1
62	2776	0
63	154	1
63	511	1
63	703	0
63	1737	0
63	1757	1
63	2296	0
63	2808	0
63	2816	1
63	2975	1
63	3185	0
64	1088	1
64	1474	1
64	1552	1
64	1991	0
64	2030	0
64	2337	0
64	2373	0
64	2960	1
64	3007	0
64	3252	1
65	221	1
65	434	1
65	1227	1
65	1261	0
65	1324	0
65	1523	0
65	1802	0
65	2307	0
65	2794	1
65	3152	1
66	336	1
66	635	0
66	690	0
66	850	0
66	1117	0
66	1340	1
66	1605	1
66	2189	0
66	3075	1
66	3184	1
67	248	1
67	826	1
67	1213	0
67	1680	1
67	1734	0
67	2187	1
67	2460	0
67	2661	0
67	3079	1
67	3195	0
68	299	1
68	471	0
68	1190	1
68	1198	0
68	1202	0
68	1663	0
68	2320	1
68	2712	0
68	2759	1
68	3086	1
69	505	0
69	1605	1
69	1700	1
69	1964	0
69	2311	0
69	2356	1
69	2590	1
69	2760	1
69	2973	0
69	3172	0
70	142	1
70	429	0
70	501	1
70	1385	0
70	1784	1
70	1822	0
70	2960	1
70	2993	0
70	3132	1
70	3227	0
71	527	1
71	600	0
71	656	1
71	1156	0
71	1660	1
71	2170	0
71	2228	1
71	2315	1
71	2332	0
71	3038	0
72	136	1
72	243	1
72	452	0
72	1135	0
72	1211	0
72	1242	1
72	1469	0
72	2230	1
72	2563	0
72	2619	1
73	497	0
73	890	0
73	926	0
73	931	0
73	1816	1
73	1858	1
73	2023	1
73	3040	1
73	3075	0
73	3218	1
74	108	1
74	506	1
74	850	0
74	1138	0
74	1592	0
74	1779	0
74	1892	0
74	1972	1
74	2109	1
74	2585	1
75	22	0
75	208	1
75	558	0
75	835	1
75	881	0
75	1234	1
75	1546	1
75	1573	0
75	1731	1
75	2126	0
76	86	1
76	1017	1
76	1266	1
76	1565	0
76	1790	1
76	1956	0
76	2419	0
76	3011	1
76	3139	0
76	3184	0
77	489	0
77	751	1
77	921	0
77	1605	1
77	1852	0
77	1873	1
77	2110	0
77	2684	0
77	2694	1
77	3186	1
78	38	1
78	1066	0
78	1205	1
78	1375	0
78	2133	0
78	2240	1
78	2458	1
78	2469	0
78	2511	0
78	2949	1
79	536	0
79	560	1
79	820	1
79	891	1
79	1489	1
79	1633	1
79	2211	0
79	2782	0
79	2786	0
79	2979	0
80	174	1
80	968	0
80	1227	0
80	1234	1
80	1358	1
80	1811	1
80	2413	0
80	3039	1
80	3182	0
80	3220	0
81	12	0
81	52	0
81	425	1
81	1460	1
81	2211	0
81	2729	0
81	2858	1
81	2916	0
81	2951	1
81	3017	1
82	224	1
82	299	1
82	1123	0
82	1201	1
82	1261	0
82	1363	0
82	2080	0
82	2201	1
82	2583	0
82	3238	1
83	106	1
83	262	1
83	344	1
83	544	0
83	1307	1
83	2134	0
83	2157	0
83	2160	0
83	2619	1
83	2736	0
84	221	0
84	565	0
84	585	1
84	1033	0
84	1460	1
84	2011	1
84	2118	0
84	2463	1
84	2848	1
84	3152	0
85	208	0
85	257	1
85	994	0
85	1047	1
85	1774	1
85	1950	0
85	2318	1
85	2401	1
85	2475	0
85	2611	0
86	221	1
86	555	1
86	1142	1
86	1605	0
86	1730	0
86	2032	0
86	2209	1
86	2234	0
86	2385	0
86	2704	1
87	282	1
87	549	0
87	1068	0
87	1880	0
87	2034	1
87	2430	0
87	2572	1
87	2890	1
87	2952	1
87	3192	0
88	30	1
88	403	1
88	613	0
88	1056	1
88	1746	1
88	1860	0
88	1972	0
88	2046	0
88	2806	0
88	2834	1
89	336	1
89	714	0
89	1280	1
89	1358	1
89	1530	0
89	2479	1
89	2745	0
89	2776	0
89	2968	0
89	3000	1
90	111	1
90	302	1
90	334	0
90	452	0
90	564	1
90	1125	1
90	1194	0
90	2041	0
90	2752	0
90	2861	1
91	8	0
91	239	0
91	720	1
91	800	1
91	1207	1
91	1730	0
91	1796	0
91	1917	1
91	2278	0
91	2305	1
92	598	1
92	713	1
92	985	1
92	1173	0
92	2117	0
92	2340	0
92	2628	0
92	2742	1
92	2945	1
92	2968	0
93	86	0
93	183	1
93	636	0
93	722	0
93	1841	0
93	2086	1
93	2170	0
93	2343	1
93	2387	1
93	2661	1
94	128	0
94	174	0
94	597	0
94	1590	1
94	1786	1
94	1994	0
94	2281	1
94	2644	0
94	2920	1
94	3049	1
95	515	0
95	550	1
95	648	1
95	777	0
95	904	1
95	1125	1
95	2024	0
95	2134	1
95	2722	0
95	2877	0
96	179	0
96	208	1
96	387	1
96	573	0
96	577	1
96	1654	0
96	1787	1
96	1975	1
96	2046	0
96	2285	0
97	299	1
97	412	0
97	515	0
97	653	1
97	848	0
97	2046	0
97	2277	1
97	2717	1
97	3213	0
97	3230	1
98	45	0
98	777	0
98	938	1
98	1513	0
98	1711	1
98	1910	0
98	1996	1
98	2704	1
98	2749	0
98	3065	1
99	6	0
99	947	0
99	1485	1
99	1642	0
99	1727	0
99	1936	1
99	2179	0
99	2264	1
99	2277	1
99	3216	1
100	164	0
100	944	0
100	1146	1
100	1156	0
100	1282	1
100	2118	1
100	2611	1
100	2865	0
100	3076	0
100	3163	1
101	654	0
101	1066	1
101	1117	1
101	1201	0
101	2115	0
101	2463	0
101	2594	1
101	3026	1
101	3190	0
101	3213	1
102	207	0
102	260	1
102	642	0
102	690	0
102	1166	1
102	1215	1
102	2164	0
102	2752	0
102	2877	1
102	3224	1
103	503	0
103	796	1
103	1439	1
103	1860	0
103	2147	1
103	2316	0
103	2863	0
103	2916	1
103	3220	1
103	3254	0
104	220	0
104	221	1
104	428	0
104	856	0
104	1663	0
104	1784	0
104	2015	1
104	2848	1
104	2916	1
104	3001	1
105	220	1
105	221	0
105	473	0
105	599	1
105	797	1
105	893	0
105	1414	0
105	1803	1
105	2305	1
105	2562	0
106	257	1
106	1172	0
106	1207	1
106	2218	1
106	2401	1
106	2461	0
106	2565	0
106	2619	1
106	2622	0
106	3145	0
107	257	0
107	588	0
107	1281	0
107	1380	1
107	1552	0
107	1854	1
107	1892	0
107	2264	1
107	3069	1
107	3218	1
108	208	1
108	763	1
108	939	1
108	1055	0
108	1210	1
108	1399	0
108	1737	0
108	2073	0
108	2127	1
108	2999	0
109	158	1
109	386	0
109	495	1
109	552	0
109	665	1
109	997	1
109	2024	0
109	2157	0
109	2417	0
109	3037	1
110	299	0
110	309	1
110	487	1
110	550	1
110	949	0
110	1207	0
110	2084	0
110	2278	1
110	2581	0
110	3078	1
111	33	0
111	250	0
111	493	1
111	640	1
111	975	0
111	1117	1
111	1512	1
111	1608	0
111	2475	1
111	2503	0
112	516	0
112	539	1
112	1439	1
112	1460	1
112	1818	0
112	2001	0
112	2426	0
112	2728	1
112	2954	1
112	3238	0
113	39	0
113	466	0
113	687	0
113	1524	1
113	1743	1
113	1917	1
113	1956	1
113	2132	0
113	2460	0
113	2965	1
114	490	0
114	506	1
114	857	0
114	879	0
114	1636	1
114	2375	0
114	2427	1
114	2562	1
114	2595	0
114	2941	1
115	23	1
115	507	1
115	532	1
115	535	0
115	1105	0
115	1241	0
115	1349	0
115	1825	1
115	2419	0
115	2977	1
116	329	0
116	1429	1
116	1563	0
116	1820	1
116	1928	0
116	2037	0
116	2689	1
116	2818	1
116	3014	0
116	3058	1
117	381	0
117	564	1
117	742	0
117	914	1
117	1423	0
117	1654	0
117	1856	1
117	2837	1
117	2853	0
117	2877	1
118	341	1
118	624	1
118	1022	1
118	1146	1
118	1202	0
118	1239	0
118	1399	0
118	1559	0
118	1908	0
118	2770	1
119	47	0
119	410	0
119	554	0
119	640	1
119	650	1
119	1061	0
119	2036	1
119	2863	1
119	2925	1
119	3126	0
120	1271	0
120	1391	0
120	1891	0
120	2069	0
120	2646	1
120	2848	1
120	3065	1
120	3149	0
120	3216	1
120	3220	1
121	33	0
121	200	0
121	897	1
121	1123	0
121	1160	1
121	1212	0
121	1756	1
121	2424	1
121	2690	0
121	2734	1
122	360	0
122	544	0
122	1064	1
122	1399	0
122	2136	0
122	2221	1
122	2280	1
122	2734	1
122	3138	1
122	3213	0
123	214	1
123	216	0
123	1340	0
123	1377	1
123	1399	1
123	1560	0
123	1856	1
123	2387	1
123	2722	0
123	2852	0
124	613	1
124	768	1
124	1352	0
124	1668	0
124	1703	1
124	2380	1
124	2659	0
124	2669	1
124	2949	0
124	3200	0
125	106	0
125	299	0
125	403	1
125	570	1
125	648	0
125	758	0
125	1636	1
125	1784	0
125	2317	1
125	2327	1
126	478	1
126	1331	0
126	1439	0
126	2111	0
126	2222	1
126	2418	1
126	2595	0
126	2834	0
126	3075	1
126	3213	1
127	313	1
127	402	0
127	796	1
127	1394	0
127	1429	1
127	1891	0
127	2330	0
127	2860	1
127	2890	1
127	3156	0
128	400	0
128	403	0
128	1069	0
128	1243	0
128	1476	1
128	1666	1
128	2425	1
128	2459	1
128	2968	0
128	3154	1
129	366	1
129	584	0
129	984	1
129	1621	1
129	2001	0
129	2174	0
129	2320	0
129	2534	1
129	2546	0
129	3129	1
130	45	1
130	626	0
130	654	0
130	1306	1
130	1546	1
130	1677	0
130	1794	0
130	2095	1
130	2541	1
130	2722	0
131	1211	0
131	1856	0
131	2109	1
131	2221	1
131	2566	0
131	2582	1
131	2823	1
131	2932	1
131	3163	0
131	3184	0
132	206	1
132	274	0
132	950	1
132	1232	1
132	1696	0
132	1753	0
132	1856	1
132	2366	0
132	2375	0
132	2557	1
133	560	1
133	758	0
133	1011	0
133	1283	1
133	1990	0
133	2561	0
133	2606	1
133	2794	1
133	2915	1
133	2995	0
134	24	1
134	111	1
134	787	0
134	803	1
134	1056	1
134	1419	0
134	1523	0
134	2300	0
134	2355	1
134	2806	0
135	101	0
135	440	1
135	975	0
135	1106	1
135	1231	1
135	1577	1
135	1676	0
135	2421	0
135	2529	0
135	2818	1
136	207	0
136	660	1
136	1102	1
136	1972	0
136	2315	0
136	2419	1
136	2618	0
136	2731	1
136	2941	1
136	3042	0
137	233	0
137	249	0
137	260	1
137	1075	0
137	1201	0
137	1358	1
137	1947	0
137	2309	1
137	2409	1
137	2583	1
138	33	0
138	403	1
138	440	0
138	850	0
138	1117	1
138	1123	0
138	1283	1
138	1439	0
138	1929	1
138	2965	1
139	121	1
139	1201	1
139	1297	0
139	1449	0
139	2432	0
139	2442	0
139	2496	1
139	2557	1
139	2987	0
139	3227	1
140	153	0
140	220	0
140	434	0
140	598	1
140	1069	1
140	1749	1
140	2014	1
140	2507	0
140	2835	0
140	2916	1
141	173	1
141	185	0
141	202	1
141	788	0
141	967	0
141	1269	1
141	1960	0
141	2312	1
141	2718	1
141	2770	0
142	174	1
142	472	1
142	478	0
142	555	1
142	845	0
142	1106	0
142	1408	0
142	1727	1
142	2418	1
142	3227	0
143	52	1
143	996	0
143	1097	0
143	1370	1
143	1517	0
143	1912	0
143	2299	1
143	2453	1
143	2928	0
143	3051	1
144	626	0
144	1123	0
144	1160	1
144	1170	0
144	2143	1
144	2151	1
144	2318	1
144	2356	0
144	2782	1
144	3119	0
145	15	0
145	86	1
145	179	1
145	582	0
145	923	0
145	1379	1
145	1734	1
145	2036	0
145	2619	1
145	2738	0
146	80	0
146	847	1
146	968	1
146	1375	0
146	2134	1
146	2209	0
146	2635	1
146	2984	0
146	3079	1
146	3131	0
147	187	0
147	248	1
147	608	1
147	758	0
147	778	1
147	1296	1
147	1571	0
147	1591	0
147	1784	1
147	2374	0
148	403	1
148	597	0
148	654	0
148	1007	1
148	1752	1
148	2157	0
148	2217	1
148	2222	0
148	2927	0
148	3001	1
149	206	1
149	653	1
149	654	0
149	994	0
149	1241	0
149	1590	1
149	2413	0
149	2461	1
149	2593	0
149	2776	1
150	135	0
150	1211	0
150	1333	1
150	1552	1
150	1592	0
150	1892	1
150	2327	1
150	3010	0
150	3078	1
150	3182	0
151	91	0
151	206	0
151	302	1
151	387	0
151	897	1
151	1353	1
151	1875	0
151	1889	0
151	2518	1
151	3021	1
152	452	0
152	518	0
152	938	1
152	1011	1
152	1301	1
152	2566	0
152	2906	1
152	2909	0
152	3084	0
152	3213	1
153	271	0
153	831	0
153	1439	1
153	1974	0
153	2277	1
153	2278	1
153	2401	1
153	2463	1
153	2515	0
153	2909	0
154	299	1
154	336	0
154	527	1
154	626	0
154	1271	0
154	1652	1
154	2557	1
154	2877	0
154	3020	1
154	3060	0
155	1117	1
155	1387	0
155	1476	1
155	1746	1
155	1929	1
155	2088	0
155	2152	0
155	2518	0
155	2647	0
155	3051	1
156	490	1
156	1555	0
156	1746	1
156	1754	1
156	2024	1
156	2312	0
156	2797	1
156	3055	0
156	3154	0
156	3252	0
157	174	0
157	310	1
157	425	1
157	623	0
157	1021	1
157	1138	0
157	1560	1
157	1632	1
157	2507	0
157	3242	0
158	615	1
158	716	1
158	1485	1
158	1634	0
158	1675	0
158	1922	0
158	2175	0
158	2638	0
158	3184	1
158	3202	1
159	40	0
159	131	0
159	250	1
159	336	0
159	618	0
159	1702	1
159	1972	1
159	2345	1
159	2526	0
159	2619	1
160	196	1
160	337	0
160	459	1
160	492	0
160	850	1
160	991	0
160	2406	0
160	2453	1
160	2571	0
160	3043	1
161	39	0
161	99	0
161	108	0
161	403	0
161	507	1
161	1370	1
161	2427	1
161	2557	1
161	3096	0
161	3230	1
162	12	1
162	101	0
162	108	0
162	171	1
162	341	0
162	1222	1
162	2555	1
162	2651	1
162	2724	0
162	2761	0
163	222	1
163	968	0
163	1239	1
163	1446	0
163	2343	1
163	2573	1
163	2877	0
163	2890	0
163	3039	0
163	3040	1
164	487	0
164	520	1
164	1120	1
164	1439	0
164	1552	0
164	1784	0
164	1983	1
164	2318	0
164	2370	1
164	2844	1
165	103	0
165	923	0
165	1348	0
165	1419	0
165	1420	1
165	1454	1
165	1476	1
165	2136	1
165	2139	0
165	2762	1
166	174	1
166	224	0
166	299	1
166	1125	0
166	1243	0
166	1727	0
166	1746	0
166	2640	1
166	2818	1
166	2831	1
167	251	0
167	350	0
167	442	0
167	570	1
167	1266	1
167	1291	0
167	1630	1
167	2041	0
167	3156	1
167	3248	1
168	617	0
168	751	1
168	1227	1
168	1455	0
168	1815	0
168	1870	1
168	2253	1
168	2412	1
168	2585	0
168	2949	0
169	52	0
169	656	0
169	1022	1
169	1250	0
169	1615	1
169	1688	0
169	3007	1
169	3111	1
169	3185	0
169	3213	1
170	167	0
170	240	1
170	281	0
170	344	1
170	612	0
170	617	1
170	2421	0
170	2734	1
170	3049	1
170	3073	0
171	206	1
171	384	0
171	1592	0
171	1722	0
171	1802	1
171	2277	1
171	2467	0
171	2595	1
171	2863	0
171	3203	1
172	519	0
172	582	0
172	598	1
172	648	1
172	1138	1
172	1355	0
172	1866	0
172	2640	0
172	2689	1
172	3049	1
173	275	1
173	382	0
173	390	1
173	440	1
173	1654	0
173	1919	1
173	2001	0
173	2113	0
173	2635	0
173	2834	1
174	518	0
174	656	1
174	997	1
174	1118	1
174	1550	1
174	1790	0
174	2046	0
174	2370	1
174	2451	0
174	2680	0
175	720	0
175	1314	0
175	1476	1
175	1679	1
175	1895	0
175	2146	0
175	2514	1
175	2585	1
175	3129	1
175	3242	0
176	523	0
176	1064	1
176	1314	1
176	1759	1
176	1790	0
176	1852	0
176	2034	0
176	2136	1
176	2281	1
176	2462	0
177	4	0
177	933	0
177	1245	1
177	1972	1
177	2672	1
177	2756	1
177	2936	0
177	2964	1
177	3007	0
177	3099	0
178	28	0
178	119	0
178	340	1
178	387	1
178	1332	0
178	1476	1
178	2437	0
178	2643	1
178	2974	1
178	3106	0
179	169	1
179	208	1
179	967	1
179	1117	1
179	1648	0
179	2046	1
179	2370	0
179	2831	0
179	2877	0
179	2884	0
180	140	1
180	366	1
180	1201	1
180	1211	0
180	1361	0
180	1594	1
180	2181	0
180	2316	0
180	2337	1
180	3139	0
181	344	1
181	908	0
181	1160	1
181	1717	0
181	1803	1
181	1969	0
181	2482	0
181	2557	1
181	2717	1
181	2841	0
182	405	0
182	938	1
182	1198	1
182	1211	0
182	1224	0
182	1608	0
182	1960	1
182	2020	1
182	2268	1
182	2418	0
183	398	0
183	403	0
183	718	1
183	788	1
183	1418	1
183	1596	1
183	1856	0
183	2460	0
183	2635	0
183	2752	1
184	12	1
184	206	1
184	675	1
184	1234	0
184	1536	0
184	1752	1
184	2026	1
184	2351	0
184	2503	0
184	2762	0
185	173	0
185	463	0
185	617	1
185	1560	0
185	1728	1
185	2053	1
185	2579	1
185	2831	0
185	2834	1
185	3107	0
186	422	1
186	623	0
186	661	1
186	1036	1
186	1316	1
186	1441	1
186	1626	0
186	1955	0
186	2277	0
186	2384	0
187	141	1
187	923	0
187	928	0
187	1479	0
187	1727	1
187	1917	1
187	2114	1
187	2528	0
187	2708	0
187	3079	1
188	33	0
188	447	1
188	644	0
188	895	0
188	1635	1
188	1840	1
188	1899	1
188	1990	0
188	2073	0
188	2760	1
189	189	0
189	316	0
189	490	1
189	959	1
189	1606	1
189	2283	0
189	2739	0
189	2944	0
189	3040	1
189	3196	1
190	204	1
190	237	0
190	247	1
190	548	0
190	1476	1
190	1552	1
190	1849	0
190	1866	1
190	2458	0
190	2606	0
191	566	0
191	817	0
191	910	0
191	927	1
191	953	1
191	1005	0
191	1017	1
191	1589	0
191	1679	1
191	2001	1
192	310	1
192	531	0
192	546	0
192	731	0
192	1860	1
192	1872	1
192	2235	1
192	2734	0
192	2967	0
192	3076	1
193	121	1
193	463	0
193	1207	0
193	1596	0
193	1630	1
193	1856	1
193	2132	1
193	2827	0
193	2981	1
193	3221	0
194	257	1
194	1211	1
194	1473	0
194	1654	1
194	2132	1
194	2284	0
194	2316	0
194	2585	0
194	2745	0
194	3020	1
195	33	1
195	257	1
195	319	0
195	603	1
195	975	0
195	1211	0
195	1711	1
195	2425	1
195	2566	0
195	2722	0
196	319	0
196	1032	0
196	1239	1
196	1269	1
196	1772	0
196	2529	1
196	2828	1
196	2960	1
196	3020	0
196	3163	0
197	941	0
197	1036	0
197	1118	1
197	1151	0
197	1229	1
197	1475	1
197	1655	1
197	2046	0
197	2824	0
197	2916	1
198	155	0
198	224	1
198	341	0
198	508	1
198	1117	1
198	1495	1
198	1629	1
198	1630	0
198	2340	0
198	3007	0
199	455	0
199	624	1
199	1485	1
199	1511	1
199	2211	0
199	2431	1
199	2566	0
199	2818	1
199	2925	0
199	3020	0
200	306	1
200	1776	0
200	1927	0
200	1992	0
200	2280	1
200	2281	1
200	2644	0
200	2661	0
200	2849	1
200	2966	1
201	33	1
201	171	0
201	553	1
201	643	0
201	1269	1
201	1591	1
201	1724	0
201	1757	0
201	2585	0
201	2706	1
202	387	1
202	670	1
202	720	1
202	984	0
202	1654	0
202	1823	0
202	2039	0
202	2157	1
202	2501	0
202	3086	1
203	14	1
203	194	0
203	428	1
203	503	0
203	1592	1
203	1679	1
203	1816	0
203	2611	0
203	3182	0
203	3213	1
204	716	1
204	1117	0
204	1239	1
204	1476	1
204	1850	0
204	2106	1
204	2706	1
204	2848	0
204	2978	0
204	3178	0
205	848	1
205	923	0
205	1546	1
205	1950	1
205	2046	1
205	2069	0
205	2217	0
205	2619	1
205	3010	0
205	3078	0
206	174	1
206	716	0
206	804	1
206	1088	1
206	1566	0
206	1744	0
206	1774	0
206	1921	1
206	2938	1
206	3086	0
207	149	1
207	425	0
207	477	1
207	949	0
207	1231	0
207	2043	1
207	2201	1
207	2411	0
207	2517	1
207	2631	0
208	156	1
208	299	1
208	938	0
208	1051	1
208	1160	1
208	1745	0
208	2636	0
208	2778	1
208	2805	0
208	3152	0
209	424	1
209	1017	1
209	1267	0
209	1283	0
209	1375	0
209	1439	0
209	1811	1
209	2609	1
209	2890	1
209	3000	0
210	212	0
210	457	0
210	1227	0
210	1702	1
210	1834	1
210	2370	1
210	2717	1
210	2822	0
210	3203	0
210	3216	1
211	119	1
211	246	0
211	364	1
211	1070	0
211	1217	1
211	1645	0
211	1731	0
211	2940	1
211	3196	1
211	3236	0
212	448	0
212	758	1
212	1264	1
212	1804	0
212	2098	0
212	2104	1
212	2157	1
212	2305	0
212	2454	1
212	2588	0
213	239	0
213	310	1
213	1211	1
213	1266	0
213	1446	1
213	1746	0
213	2164	0
213	2483	1
213	3005	0
213	3138	1
214	257	0
214	294	0
214	675	1
214	1332	0
214	1546	1
214	1658	0
214	1725	0
214	1969	1
214	2277	1
214	2483	1
215	183	0
215	653	1
215	1227	0
215	1269	1
215	1565	0
215	2010	0
215	2877	1
215	3138	1
215	3182	0
215	3216	1
216	277	1
216	460	1
216	570	0
216	927	0
216	1193	0
216	1363	0
216	2047	1
216	2278	1
216	2435	0
216	2839	1
217	835	1
217	1207	0
217	1379	0
217	1552	0
217	1649	1
217	1803	0
217	1975	0
217	2373	1
217	2734	1
217	3052	1
218	415	0
218	924	1
218	1226	0
218	2023	0
218	2109	0
218	2118	1
218	2217	1
218	2427	1
218	2776	0
218	2789	1
219	39	0
219	425	1
219	687	1
219	1123	0
219	1392	0
219	1671	0
219	1780	1
219	2309	1
219	2705	0
219	2741	1
220	570	0
220	656	0
220	1838	1
220	1972	0
220	2413	1
220	2496	0
220	2627	0
220	2825	1
220	2938	1
220	3139	1
221	12	0
221	428	1
221	1088	0
221	1226	1
221	1382	0
221	1928	0
221	2513	0
221	2877	1
221	2882	1
221	2956	1
222	550	1
222	660	0
222	713	1
222	1363	0
222	1629	1
222	1640	0
222	1972	0
222	3176	1
222	3200	0
222	3238	1
223	14	1
223	34	0
223	155	1
223	637	0
223	1834	1
223	2311	0
223	2925	1
223	3066	1
223	3091	0
223	3238	0
224	164	1
224	585	1
224	1013	0
224	1825	1
224	1834	0
224	2118	1
224	2220	0
224	2437	1
224	2928	0
224	2932	0
225	831	0
225	939	1
225	1363	0
225	1468	0
225	1605	1
225	1636	0
225	2150	1
225	2344	1
225	2557	1
225	2752	0
226	121	1
226	257	0
226	1227	1
226	1298	1
226	1316	0
226	1636	1
226	1787	0
226	2316	1
226	2705	0
226	3181	0
227	850	0
227	994	0
227	1117	1
227	1255	0
227	2278	1
227	2920	1
227	2938	1
227	2984	0
227	2991	0
227	3154	1
228	446	0
228	1135	1
228	1346	1
228	1748	0
228	2238	1
228	2449	1
228	2819	1
228	3026	0
228	3056	0
228	3075	0
229	30	1
229	162	1
229	531	0
229	918	1
229	1067	0
229	1118	1
229	2091	0
229	2195	0
229	2843	0
229	3187	1
230	523	1
230	788	0
230	910	1
230	980	0
230	1394	1
230	1476	1
230	1498	0
230	1781	0
230	1816	0
230	2661	1
231	433	0
231	552	0
231	617	0
231	656	1
231	1731	1
231	1866	0
231	2454	1
231	2938	1
231	3213	1
231	3216	0
232	86	1
232	167	0
232	552	1
232	1032	1
232	1213	1
232	1727	0
232	1849	1
232	2753	0
232	2877	0
232	2932	0
233	148	1
233	183	0
233	690	0
233	793	1
233	855	0
233	1211	0
233	1636	1
233	2088	1
233	2944	0
233	3191	1
234	209	0
234	621	0
234	1269	1
234	1304	0
234	1552	1
234	1857	1
234	2301	0
234	2582	0
234	3156	1
234	3163	1
235	566	1
235	975	0
235	1432	0
235	1446	0
235	1892	1
235	2015	0
235	2418	1
235	2583	0
235	2621	1
235	2920	1
236	46	0
236	121	0
236	817	1
236	824	0
236	1066	1
236	1582	1
236	1631	0
236	1729	0
236	2585	1
236	2964	1
237	33	1
237	387	1
237	1324	0
237	1340	1
237	1558	0
237	1592	0
237	2154	0
237	2168	0
237	2635	1
237	3129	1
238	202	1
238	980	0
238	1486	0
238	1527	1
238	1652	0
238	1655	0
238	2046	1
238	2496	1
238	2722	0
238	3017	1
239	183	1
239	714	0
239	977	0
239	1291	0
239	1449	1
239	1560	1
239	2653	1
239	2968	0
239	3152	0
239	3203	1
240	1255	0
240	1746	0
240	1816	0
240	2320	1
240	2437	1
240	2461	1
240	2462	0
240	3045	1
240	3095	0
240	3215	1
241	316	1
241	638	1
241	653	1
241	2074	0
241	2212	0
241	2483	0
241	2557	1
241	2676	0
241	2708	1
241	3017	0
242	173	1
242	490	0
242	1055	1
242	1213	0
242	1242	0
242	1615	1
242	1717	1
242	1891	0
242	3039	1
242	3220	0
243	164	1
243	716	1
243	1076	0
243	1375	0
243	1523	1
243	1605	1
243	2307	0
243	2619	1
243	2789	0
243	3253	0
244	174	1
244	314	0
244	360	0
244	390	0
244	527	1
244	1607	0
244	1711	1
244	2459	1
244	3051	0
244	3087	1
245	403	1
245	503	0
245	831	1
245	1067	0
245	1240	1
245	1834	1
245	2566	0
245	2600	0
245	2619	1
245	2955	0
246	257	0
246	589	1
246	1118	1
246	1636	0
246	1929	1
246	2116	0
246	2427	0
246	2686	1
246	2734	1
246	2951	0
247	274	1
247	445	0
247	447	1
247	503	0
247	640	0
247	1527	1
247	1596	0
247	2529	1
247	2828	1
247	3094	0
248	111	0
248	193	1
248	813	1
248	890	0
248	1146	0
248	1207	1
248	1307	0
248	1359	0
248	2216	1
248	2593	1
249	52	0
249	274	0
249	540	1
249	968	1
249	1363	1
249	1711	0
249	1892	0
249	2363	0
249	3009	1
249	3149	1
250	22	0
250	206	0
250	350	0
250	784	1
250	1172	1
250	1856	1
250	1979	1
250	2479	1
250	2690	0
250	2960	0
251	440	0
251	674	0
251	824	0
251	1363	1
251	1525	1
251	2011	0
251	2086	0
251	2585	1
251	2717	1
251	2984	1
252	35	0
252	381	1
252	500	1
252	648	1
252	1062	0
252	1137	0
252	1872	0
252	2296	1
252	2519	1
252	2881	0
253	552	0
253	654	1
253	1292	0
253	1493	1
253	1514	0
253	1902	1
253	2042	0
253	2150	0
253	2640	1
253	2717	1
254	204	1
254	299	1
254	687	0
254	998	1
254	1269	0
254	1363	0
254	2047	1
254	2109	0
254	2118	1
254	2348	0
255	86	0
255	92	1
255	183	0
255	661	1
255	1418	1
255	2046	1
255	2118	1
255	2209	0
255	2460	0
255	2967	0
256	69	0
256	208	1
256	502	1
256	618	0
256	866	0
256	1160	1
256	1566	1
256	2073	0
256	2217	0
256	2833	1
257	1048	0
257	1605	1
257	1737	0
257	2096	0
257	2109	1
257	2408	0
257	2460	1
257	2519	0
257	2557	1
257	2863	1
258	580	0
258	908	1
258	927	1
258	1104	1
258	1276	0
258	1781	0
258	1980	1
258	2164	0
258	2768	1
258	2951	0
259	628	0
259	648	0
259	1284	1
259	1816	1
259	1914	0
259	2219	0
259	2375	1
259	2816	1
259	2920	0
259	3019	1
260	302	1
260	435	1
260	527	0
260	957	1
260	1412	0
260	1714	0
260	1754	1
260	1784	0
260	2023	0
260	2595	1
261	165	0
261	206	1
261	221	0
261	422	0
261	720	1
261	1201	1
261	1207	0
261	1605	1
261	2157	1
261	2315	0
262	546	1
262	784	1
262	791	0
262	994	0
262	1476	1
262	1601	1
262	2030	0
262	2936	0
262	3066	1
262	3178	0
263	219	0
263	244	0
263	310	1
263	532	0
263	537	0
263	2312	1
263	2496	0
263	2505	1
263	2823	1
263	2988	1
264	198	0
264	315	0
264	455	0
264	788	1
264	1333	1
264	1565	0
264	1604	0
264	1670	1
264	1929	1
264	2416	1
265	0	1
265	324	0
265	938	1
265	1036	0
265	1166	1
265	1592	0
265	1746	0
265	1752	0
265	1807	1
265	2517	1
266	440	1
266	1118	0
266	1546	1
266	1972	0
266	2084	1
266	2582	0
266	2706	1
266	2753	0
266	3049	1
266	3139	0
267	319	1
267	403	1
267	640	1
267	1474	0
267	2312	0
267	2539	1
267	2793	0
267	2967	0
267	3050	1
267	3084	0
268	1047	0
268	1636	1
268	1791	1
268	2118	0
268	2125	1
268	2233	1
268	2264	0
268	2315	1
268	2704	0
268	3241	0
269	4	1
269	1117	1
269	1270	1
269	1341	0
269	1420	0
269	1552	0
269	2115	1
269	2271	0
269	2437	1
269	2753	0
270	12	1
270	701	1
270	764	0
270	1439	0
270	1856	1
270	1951	0
270	2384	0
270	2611	1
270	3011	0
270	3110	1
271	159	0
271	273	0
271	360	1
271	421	1
271	448	0
271	874	0
271	1358	1
271	2026	0
271	2455	1
271	3163	1
272	76	0
272	299	1
272	1004	0
272	1138	0
272	1469	0
272	1605	1
272	2528	1
272	2640	1
272	3052	0
272	3055	1
273	80	1
273	117	0
273	183	0
273	213	0
273	1307	1
273	1886	1
273	2212	1
273	2718	1
273	2941	0
273	3052	0
274	252	0
274	1241	0
274	1410	0
274	2293	1
274	2437	1
274	2466	1
274	2479	0
274	2627	1
274	2789	0
274	2995	1
275	24	1
275	1207	1
275	1566	0
275	1588	1
275	1746	0
275	2248	0
275	2521	1
275	2925	0
275	3114	0
275	3196	1
276	262	1
276	1181	0
276	1250	1
276	1321	1
276	1512	0
276	1600	1
276	2281	0
276	2945	1
276	3091	0
276	3200	0
277	179	1
277	402	1
277	699	0
277	1774	1
277	2337	1
277	2355	0
277	2469	0
277	2486	0
277	2609	0
277	2694	1
278	213	1
278	440	1
278	676	1
278	784	0
278	804	0
278	866	0
278	1072	0
278	1481	0
278	1803	1
278	2160	1
279	518	0
279	901	1
279	1441	0
279	1879	1
279	2217	1
279	2920	1
279	2951	0
279	3017	1
279	3049	0
279	3086	0
280	376	0
280	624	1
280	1432	1
280	1747	1
280	1819	1
280	1990	1
280	2312	0
280	2361	0
280	2461	0
280	3084	0
281	80	1
281	110	0
281	507	0
281	705	0
281	856	0
281	1972	1
281	2045	0
281	2109	1
281	2348	1
281	2387	1
282	43	0
282	306	0
282	458	0
282	493	0
282	1636	1
282	1728	1
282	1914	1
282	2816	1
282	2886	0
282	3078	1
283	225	1
283	546	0
283	648	0
283	779	1
283	1752	1
283	2526	0
283	2583	1
283	3007	0
283	3048	1
283	3234	0
284	899	1
284	997	0
284	1029	1
284	1269	1
284	2034	0
284	2309	0
284	2690	0
284	2741	1
284	2818	0
284	2975	1
285	398	0
285	449	0
285	869	0
285	1135	1
285	1818	0
285	2053	1
285	2502	1
285	2875	1
285	3066	0
285	3159	1
286	97	0
286	533	0
286	826	0
286	1207	1
286	1380	1
286	1727	0
286	2565	0
286	2704	1
286	2734	1
286	3011	1
287	447	0
287	517	1
287	624	1
287	686	0
287	854	0
287	944	1
287	1181	0
287	1892	1
287	2298	0
287	3079	1
288	503	0
288	608	1
288	713	1
288	939	1
288	1017	1
288	1299	1
288	1439	0
288	1681	0
288	1816	0
288	2132	0
289	27	0
289	132	1
289	566	1
289	923	0
289	935	1
289	1021	0
289	1024	0
289	1035	0
289	1888	1
289	3238	1
290	289	1
290	608	1
290	636	0
290	957	1
290	1103	1
290	2034	0
290	2097	1
290	2343	0
290	2846	0
290	2941	0
291	126	0
291	687	1
291	1147	0
291	1881	1
291	2245	0
291	2461	1
291	2527	0
291	2619	1
291	2920	1
291	3199	0
292	758	0
292	1017	1
292	1118	1
292	1724	0
292	1727	1
292	2523	0
292	2818	1
292	2848	0
292	3038	0
292	3065	1
293	289	1
293	1046	1
293	1118	1
293	1314	1
293	2193	1
293	2400	0
293	2504	0
293	2525	0
293	3017	0
293	3102	0
294	173	0
294	221	1
294	1051	1
294	1379	0
294	1774	0
294	2437	1
294	2760	0
294	2818	1
294	3117	1
294	3178	0
295	319	1
295	507	1
295	994	0
295	1092	1
295	1605	1
295	1717	0
295	2690	0
295	2736	0
295	3010	0
295	3066	1
296	224	0
296	758	1
296	930	0
296	1251	1
296	1317	1
296	1806	0
296	1915	1
296	1969	1
296	2143	0
296	2684	0
297	336	0
297	1732	1
297	2038	1
297	2254	0
297	2459	1
297	2590	1
297	2722	0
297	2848	1
297	3058	0
297	3066	0
298	56	1
298	167	1
298	1047	1
298	1555	1
298	1761	0
298	1784	1
298	2118	0
298	2477	0
298	3095	0
298	3232	0
299	156	1
299	189	1
299	512	0
299	547	1
299	1421	0
299	1459	0
299	1617	0
299	2223	1
299	2290	1
299	2794	0
300	977	1
300	998	1
300	1006	0
300	1046	0
300	1255	1
300	1834	1
300	2555	0
300	2863	1
300	2988	0
300	3238	0
301	376	1
301	465	1
301	511	1
301	1063	0
301	1595	1
301	2529	1
301	2625	0
301	2644	0
301	2877	0
301	3216	0
302	36	0
302	216	1
302	506	1
302	1327	0
302	1552	1
302	1783	0
302	2814	1
302	2920	0
302	3086	0
302	3138	1
303	164	1
303	345	0
303	1267	1
303	1513	1
303	1684	0
303	1850	1
303	2010	0
303	2224	0
303	2384	0
303	2577	1
304	9	1
304	587	0
304	1085	0
304	1406	1
304	1508	0
304	1599	0
304	2254	0
304	2263	1
304	2593	1
304	3230	1
305	254	0
305	260	1
305	490	0
305	507	1
305	587	1
305	716	1
305	1156	0
305	2463	1
305	3058	0
305	3138	0
306	52	1
306	1078	0
306	1605	0
306	1666	1
306	2032	0
306	2419	1
306	2466	1
306	2869	0
306	2974	1
306	3066	0
307	85	1
307	786	0
307	1184	0
307	1757	1
307	2101	1
307	2401	1
307	2683	0
307	2941	1
307	3004	0
307	3220	0
308	381	1
308	1267	1
308	2464	0
308	2557	1
308	2927	1
308	2938	0
308	3017	1
308	3195	0
308	3196	0
308	3238	0
309	926	0
309	1333	1
309	1632	1
309	1883	0
309	2327	1
309	2529	0
309	2702	1
309	2932	1
309	3066	0
309	3086	0
310	1217	1
310	1640	0
310	1679	1
310	1969	1
310	2025	0
310	2104	1
310	2747	0
310	2770	0
310	2831	0
310	3226	1
311	410	0
311	495	1
311	648	1
311	1552	1
311	1761	0
311	1960	0
311	2275	0
311	2298	1
311	2794	0
311	2920	1
312	294	0
312	507	0
312	554	0
312	960	0
312	1117	1
312	1679	1
312	2373	1
312	2978	1
312	3138	1
312	3220	0
313	24	1
313	970	1
313	1199	0
313	1790	0
313	2083	0
313	2101	0
313	2348	1
313	3152	0
313	3194	1
313	3196	1
314	24	0
314	247	1
314	368	0
314	1790	1
314	1880	0
314	2085	0
314	2891	1
314	3020	1
314	3155	0
314	3194	1
315	95	1
315	661	0
315	1172	1
315	1495	1
315	1587	0
315	1784	1
315	1858	0
315	2424	1
315	2729	0
315	2745	0
316	33	1
316	104	1
316	466	0
316	1273	0
316	1475	1
316	2331	0
316	2451	0
316	2543	1
316	2909	0
316	3110	1
317	131	0
317	190	0
317	265	0
317	1716	1
317	2011	1
317	2019	0
317	2231	0
317	2277	1
317	2511	1
317	3001	1
318	65	0
318	959	0
318	1066	0
318	1439	1
318	1969	0
318	2233	1
318	2557	1
318	3087	1
318	3167	1
318	3213	0
319	47	0
319	1820	0
319	2218	1
319	2517	0
319	2627	0
319	2663	0
319	2756	1
319	2828	1
319	3187	1
319	3208	1
320	209	1
320	1044	0
320	1410	0
320	1630	0
320	1834	0
320	2055	0
320	2091	1
320	2318	1
320	2375	1
320	2529	1
321	192	1
321	298	1
321	555	0
321	1181	0
321	1444	0
321	1507	1
321	1675	1
321	2320	0
321	3019	1
321	3094	0
322	1066	1
322	1117	0
322	1393	1
322	1592	0
322	1746	1
322	2152	1
322	2209	0
322	2425	0
322	2722	0
322	2956	1
323	108	0
323	216	1
323	1652	0
323	1811	0
323	1891	1
323	2222	0
323	2281	1
323	2995	1
323	3213	0
323	3238	1
324	120	0
324	173	1
324	566	1
324	1452	0
324	1512	1
324	2434	0
324	2586	0
324	2591	1
324	2837	1
324	3254	0
325	169	0
325	650	1
325	1332	0
325	1979	1
325	2459	0
325	2557	1
325	2764	0
325	2809	1
325	2860	1
325	3066	0
326	643	0
326	1053	0
326	1477	1
326	1972	0
326	2380	1
326	2529	1
326	2956	0
326	3016	1
326	3066	1
326	3139	0
327	132	0
327	317	0
327	516	0
327	565	1
327	1106	0
327	1775	1
327	1918	0
327	1929	1
327	2284	1
327	2316	1
328	344	1
328	831	0
328	1047	0
328	1137	1
328	1298	1
328	1314	0
328	1630	0
328	2307	0
328	2466	1
328	2849	1
329	239	1
329	422	0
329	506	0
329	1370	1
329	2106	0
329	2143	1
329	2783	1
329	2960	0
329	2978	0
329	3066	1
330	593	0
330	731	0
330	1035	0
330	1380	1
330	1493	1
330	1760	1
330	2220	0
330	2298	1
330	2484	1
330	2660	0
331	33	1
331	306	1
331	429	0
331	487	0
331	1037	0
331	1552	1
331	1877	1
331	2252	0
331	2528	0
331	2818	1
332	446	1
332	552	1
332	891	0
332	1550	1
332	1605	0
332	1990	1
332	2443	0
332	2739	1
332	2978	0
332	3187	0
333	664	1
333	686	1
333	1277	0
333	1298	1
333	1670	0
333	1754	0
333	2020	1
333	2109	1
333	2290	0
333	3056	0
334	87	1
334	902	0
334	932	0
334	1227	0
334	1231	1
334	1605	1
334	1914	0
334	2064	1
334	2169	0
334	2797	1
335	294	0
335	641	1
335	796	0
335	1512	1
335	1552	0
335	1618	1
335	1929	1
335	1936	0
335	2906	1
335	3050	0
336	447	0
336	507	1
336	1234	0
336	1642	0
336	1670	0
336	1955	0
336	2302	1
336	2375	1
336	2510	1
336	2603	1
337	677	1
337	1128	0
337	1227	0
337	1420	0
337	1525	0
337	2355	1
337	2366	0
337	3005	1
337	3039	1
337	3174	1
338	174	0
338	612	1
338	901	0
338	1565	1
338	2150	0
338	2337	1
338	2618	0
338	2925	1
338	3067	0
338	3213	1
339	165	1
339	208	1
339	221	1
339	565	1
339	994	0
339	2374	0
339	2485	0
339	2932	0
339	2967	0
339	3034	1
340	167	0
340	527	1
340	664	1
340	908	1
340	1375	0
340	1679	1
340	1929	1
340	2228	0
340	2504	0
340	2783	0
341	162	1
341	605	1
341	612	0
341	1763	0
341	2413	1
341	2575	0
341	2594	1
341	2960	0
341	3011	1
341	3145	0
342	247	0
342	471	1
342	677	1
342	1036	1
342	1163	1
342	1481	0
342	1522	0
342	1711	0
342	1728	1
342	3178	0
343	85	1
343	120	0
343	1047	0
343	1218	0
343	1234	1
343	1306	1
343	1686	0
343	1709	0
343	2221	1
343	2978	1
344	566	1
344	896	1
344	947	0
344	1803	1
344	2104	0
344	2298	0
344	2421	1
344	2454	1
344	2621	0
344	3231	0
345	337	1
345	515	0
345	564	0
345	1542	1
345	1570	1
345	1618	0
345	1841	0
345	2143	1
345	2352	1
345	3223	0
346	106	0
346	387	0
346	390	1
346	570	0
346	1841	1
346	1848	0
346	1860	1
346	2109	1
346	2348	1
346	2466	0
347	503	0
347	608	0
347	960	1
347	1555	1
347	2106	1
347	2134	1
347	2496	0
347	2990	0
347	3087	1
347	3102	0
348	206	0
348	208	1
348	507	1
348	840	0
348	1370	1
348	1647	0
348	1792	0
348	1917	1
348	2423	1
348	3232	0
349	254	0
349	626	0
349	1066	1
349	1888	1
349	2293	0
349	2466	1
349	3094	0
349	3115	0
349	3139	1
349	3227	1
350	179	1
350	674	0
350	1117	1
350	1239	0
350	1332	1
350	1363	0
350	1475	0
350	2284	0
350	2496	1
350	2822	1
351	187	0
351	274	0
351	1066	1
351	1596	0
351	2015	1
351	2305	0
351	2337	1
351	2573	1
351	2990	0
351	3066	1
352	877	1
352	893	0
352	986	0
352	999	0
352	1021	1
352	1592	1
352	2125	1
352	2528	0
352	2541	0
352	2619	1
353	440	0
353	493	0
353	656	1
353	665	0
353	747	1
353	1746	0
353	1953	1
353	2108	1
353	2370	1
353	2551	0
354	796	1
354	1133	1
354	1214	1
354	1848	1
354	1933	0
354	2354	0
354	2848	0
354	2928	1
354	2929	0
354	3070	0
355	420	0
355	506	1
355	941	0
355	1269	1
355	1394	0
355	1724	0
355	1834	1
355	2101	0
355	2631	1
355	3213	1
356	174	0
356	432	1
356	517	1
356	1269	1
356	1280	0
356	1349	0
356	1728	0
356	1834	0
356	2143	1
356	2828	1
357	319	1
357	554	1
357	935	0
357	1033	1
357	1255	1
357	1696	1
357	2187	0
357	2358	0
357	2708	0
357	3100	0
358	759	1
358	935	1
358	1233	1
358	1447	0
358	1609	1
358	1895	0
358	2236	1
358	2461	0
358	2816	0
358	3234	0
359	11	1
359	34	0
359	855	0
359	1266	1
359	1834	0
359	2513	1
359	2661	1
359	2834	0
359	3066	1
359	3067	0
360	187	1
360	221	0
360	1234	1
360	2434	0
360	2638	0
360	2641	0
360	2760	1
360	3000	1
360	3066	1
360	3094	0
361	1044	0
361	2015	1
361	2277	1
361	2479	0
361	2611	0
361	2706	1
361	3049	1
361	3114	0
361	3126	0
361	3196	1
362	570	0
362	644	1
362	1207	1
362	1475	1
362	2277	1
362	2316	0
362	2460	0
362	2794	1
362	2809	0
362	3149	0
363	295	1
363	1032	1
363	2015	1
363	2406	0
363	2619	0
363	2836	0
363	3014	1
363	3094	0
363	3202	0
363	3216	1
364	295	0
364	404	1
364	475	0
364	797	1
364	900	0
364	1776	1
364	1907	1
364	2024	0
364	2178	0
364	3252	1
365	92	1
365	121	0
365	552	1
365	866	1
365	1370	1
365	1605	0
365	1627	0
365	2337	1
365	2873	0
365	2951	0
366	389	0
366	895	0
366	1118	1
366	1185	1
366	1269	1
366	1270	0
366	2055	0
366	2101	1
366	2327	0
366	3020	1
367	110	0
367	171	0
367	1972	1
367	2032	0
367	2157	0
367	2305	1
367	2316	0
367	2427	1
367	2940	1
367	3138	1
368	209	0
368	295	0
368	527	1
368	845	0
368	2747	1
368	2753	0
368	2783	0
368	2906	1
368	2992	1
368	3156	1
369	131	1
369	582	0
369	779	1
369	1555	1
369	1838	1
369	2138	0
369	2337	0
369	2375	1
369	2466	0
369	2914	0
370	299	0
370	570	0
370	1122	1
370	1530	1
370	1603	1
370	1949	1
370	2878	0
370	3027	0
370	3178	0
370	3232	1
371	552	1
371	877	1
371	1138	0
371	1284	1
371	1314	1
371	1734	0
371	1746	0
371	2023	1
371	2387	0
371	3119	0
372	169	0
372	1446	1
372	1468	0
372	1775	1
372	2152	0
372	2768	0
372	2942	1
372	2965	0
372	3216	1
372	3244	1
373	360	1
373	1228	1
373	1297	0
373	1441	0
373	1476	1
373	1552	1
373	1592	0
373	1679	1
373	2278	0
373	2785	0
374	608	0
374	803	1
374	1420	1
374	1592	1
374	1972	1
374	1989	0
374	2651	0
374	2857	0
374	3078	0
374	3163	1
375	340	1
375	1047	0
375	1129	0
375	1193	1
375	1357	0
375	1803	1
375	2307	0
375	2320	1
375	2593	1
375	2781	0
376	360	0
376	527	1
376	1026	0
376	1816	0
376	1972	0
376	2230	1
376	2299	1
376	2760	1
376	2794	0
376	2816	1
377	87	1
377	148	0
377	237	1
377	2032	0
377	2281	0
377	2330	1
377	2452	1
377	2557	0
377	2778	1
377	3019	0
378	344	1
378	463	1
378	548	0
378	738	1
378	921	0
378	2374	1
378	2526	0
378	2558	0
378	2956	0
378	2995	1
379	106	0
379	818	0
379	1227	1
379	1439	1
379	1592	0
379	1956	1
379	2370	1
379	2421	0
379	2760	1
379	3195	0
380	552	1
380	612	1
380	957	0
380	1807	0
380	2153	0
380	2373	0
380	2768	1
380	2837	1
380	3005	1
380	3220	0
381	12	0
381	279	1
381	506	1
381	911	0
381	1602	0
381	1615	0
381	2337	1
381	2619	1
381	2627	0
381	3076	1
382	295	1
382	758	1
382	845	0
382	1424	1
382	1920	0
382	1997	0
382	2425	0
382	2501	1
382	2990	0
382	3242	1
383	410	0
383	517	0
383	544	1
383	1377	1
383	1487	1
383	1636	1
383	1642	0
383	1994	0
383	2134	1
383	3176	0
384	447	1
384	507	0
384	908	1
384	1117	1
384	1160	1
384	1207	0
384	2277	0
384	2691	0
384	3066	0
384	3196	1
385	640	1
385	1256	1
385	1394	0
385	1446	0
385	1649	1
385	1864	0
385	2281	1
385	2540	1
385	2892	0
385	3110	0
386	346	0
386	440	1
386	554	0
386	845	1
386	1022	1
386	1245	1
386	1816	0
386	1852	0
386	2133	1
386	2468	0
387	659	1
387	744	1
387	1075	0
387	1266	1
387	1478	1
387	1735	0
387	1906	0
387	1953	1
387	2111	0
387	3200	0
388	244	0
388	250	0
388	314	1
388	1109	0
388	1172	1
388	1975	1
388	2221	1
388	2804	1
388	2927	0
388	3005	0
389	12	1
389	296	0
389	340	1
389	506	0
389	1724	1
389	2157	1
389	2878	0
389	2960	1
389	3076	0
389	3184	0
390	209	1
390	527	0
390	797	0
390	850	1
390	1420	0
390	1550	1
390	1717	0
390	2809	1
390	2834	0
390	2863	1
391	115	0
391	183	0
391	190	0
391	564	1
391	1284	1
391	2032	0
391	2268	1
391	2661	1
391	2960	1
391	3254	0
392	33	0
392	260	1
392	653	0
392	786	1
392	1267	0
392	1883	1
392	1929	1
392	2277	0
392	2486	0
392	2595	1
393	278	1
393	295	0
393	389	0
393	845	0
393	944	1
393	1117	1
393	1820	0
393	2454	1
393	2835	0
393	3017	1
394	106	0
394	560	1
394	758	0
394	980	1
394	1363	0
394	2988	1
394	3017	1
394	3099	0
394	3195	0
394	3227	1
395	384	0
395	477	1
395	1020	0
395	1227	0
395	1231	1
395	1363	1
395	1590	1
395	2209	0
395	2978	0
395	2995	1
396	154	1
396	778	0
396	970	0
396	1056	0
396	1527	0
396	2418	0
396	2557	1
396	2690	1
396	2883	1
396	2938	1
397	6	1
397	1008	0
397	1213	0
397	1752	0
397	1854	1
397	2008	1
397	2576	0
397	2643	1
397	2929	0
397	3050	1
398	449	1
398	568	0
398	1207	0
398	1258	0
398	1354	1
398	1649	1
398	2281	1
398	2337	1
398	2776	0
398	3005	0
399	86	0
399	428	0
399	513	0
399	624	1
399	1947	1
399	2179	1
399	2410	0
399	2454	1
399	2489	0
399	3017	1
400	104	0
400	162	1
400	536	0
400	850	1
400	933	1
400	1171	0
400	1640	1
400	1816	1
400	2219	0
400	3007	0
401	174	1
401	403	0
401	1446	1
401	1714	0
401	1724	1
401	2352	1
401	2466	0
401	2541	0
401	2557	1
401	2776	0
402	179	0
402	202	1
402	293	0
402	975	1
402	1075	0
402	1381	1
402	1852	0
402	2238	1
402	2939	0
402	3254	1
403	504	0
403	1551	0
403	1749	0
403	1917	1
403	2118	0
403	2326	1
403	2396	1
403	2828	1
403	3124	0
403	3158	1
404	108	0
404	507	0
404	1565	1
404	1841	1
404	1887	0
404	2515	0
404	2782	0
404	2816	1
404	2941	1
404	3026	1
405	174	1
405	823	1
405	1047	1
405	1298	1
405	2109	1
405	2116	0
405	2449	0
405	2848	0
405	3140	0
405	3216	0
406	1269	0
406	1333	1
406	1446	1
406	1552	1
406	1661	0
406	1820	0
406	1879	1
406	2037	0
406	2319	1
406	2925	0
407	590	1
407	637	0
407	913	0
407	990	0
407	1080	1
407	1615	1
407	2284	1
407	2566	0
407	3094	1
407	3244	0
408	340	1
408	542	0
408	1172	0
408	1476	1
408	1523	0
408	1717	1
408	1969	1
408	2011	0
408	2413	1
408	2835	0
409	174	1
409	222	1
409	360	0
409	946	0
409	1048	0
409	1752	0
409	1920	1
409	2104	1
409	2782	0
409	2783	1
410	169	0
410	221	1
410	222	0
410	604	1
410	648	1
410	1155	0
410	1394	0
410	1541	1
410	2528	1
410	3053	0
411	85	1
411	613	1
411	1508	0
411	1834	1
411	2189	0
411	2311	0
411	2418	1
411	2496	0
411	2605	0
411	3094	1
412	360	1
412	836	1
412	846	1
412	1095	1
412	1123	1
412	1138	0
412	1410	0
412	1697	0
412	2277	0
412	2311	0
413	325	1
413	336	0
413	340	0
413	508	0
413	940	1
413	1194	1
413	2562	0
413	2565	1
413	2775	1
413	2877	0
414	88	1
414	179	1
414	207	0
414	294	1
414	968	0
414	1307	0
414	1803	1
414	1948	0
414	2968	1
414	3078	0
415	253	1
415	523	1
415	1223	0
415	1526	0
415	1629	1
415	1891	0
415	2637	0
415	2786	0
415	2938	1
415	3139	1
416	162	1
416	310	0
416	731	0
416	970	0
416	1193	1
416	1307	1
416	1685	0
416	1960	1
416	2302	1
416	2752	0
417	181	1
417	517	1
417	560	1
417	701	0
417	1017	1
417	1784	1
417	2023	0
417	2318	0
417	2877	0
417	3095	0
418	64	0
418	366	1
418	1481	1
418	2278	0
418	2585	1
418	2680	0
418	2863	1
418	3021	0
418	3030	0
418	3182	1
419	506	1
419	891	1
419	1226	0
419	1495	1
419	1730	0
419	1774	1
419	2466	0
419	2501	1
419	2690	0
419	2761	0
420	207	0
420	503	0
420	1345	0
420	2073	0
420	2312	1
420	2866	1
420	3078	1
420	3131	1
420	3139	1
420	3184	0
421	324	0
421	1117	1
421	1232	0
421	2018	1
421	2151	1
421	2209	0
421	2408	0
421	2585	0
421	2760	1
421	2954	1
422	308	0
422	379	0
422	1111	1
422	1273	0
422	1300	1
422	1481	1
422	1869	0
422	2525	1
422	2631	0
422	3153	1
423	9	0
423	80	1
423	271	0
423	1078	1
423	2112	0
423	2486	0
423	2984	1
423	3029	0
423	3154	1
423	3178	1
424	19	0
424	800	1
424	860	1
424	1766	1
424	1864	0
424	2305	0
424	2425	1
424	2606	0
424	2928	0
424	3079	1
425	39	1
425	502	1
425	711	0
425	713	0
425	1226	1
425	1860	0
425	1953	1
425	2512	0
425	2529	1
425	2988	0
426	57	1
426	440	0
426	463	0
426	568	1
426	613	0
426	1989	0
426	2001	1
426	2289	1
426	2823	0
426	2848	1
427	1117	1
427	1139	1
427	1160	1
427	2132	0
427	2151	1
427	2222	0
427	2466	1
427	2503	0
427	2767	0
427	3253	0
428	39	1
428	209	0
428	653	1
428	733	0
428	1036	0
428	1953	0
428	2046	1
428	2336	0
428	2953	1
428	3049	1
429	1132	1
429	1231	0
429	1495	1
429	1747	1
429	1984	0
429	2049	1
429	2061	0
429	2424	1
429	2661	0
429	3152	0
430	19	0
430	153	0
430	257	0
430	935	1
430	1346	1
430	1429	0
430	2415	1
430	2467	1
430	2477	0
430	2959	1
431	319	0
431	518	0
431	527	0
431	1106	1
431	1156	1
431	1201	0
431	1481	1
431	1936	1
431	2676	0
431	2863	1
432	796	1
432	1295	1
432	1493	1
432	1648	0
432	1796	0
432	1822	0
432	1856	1
432	1925	1
432	2316	0
432	2406	0
433	590	0
433	968	1
433	1555	1
433	1615	1
433	1714	0
433	1818	1
433	2136	0
433	2719	0
433	2818	1
433	3237	0
434	390	1
434	459	0
434	579	1
434	1239	0
434	1439	0
434	1949	1
434	1972	0
434	2463	1
434	2661	1
434	3213	0
435	216	1
435	278	0
435	932	0
435	1117	1
435	1370	1
435	1749	0
435	2046	1
435	2531	0
435	3043	1
435	3221	0
436	148	1
436	503	1
436	626	1
436	649	1
436	1056	0
436	1426	0
436	1571	1
436	1901	0
436	1972	0
436	3066	0
437	171	0
437	357	1
437	441	1
437	648	1
437	781	1
437	1199	0
437	2124	0
437	2427	0
437	2627	1
437	2822	0
438	52	1
438	403	0
438	1264	0
438	1850	1
438	2023	1
438	2053	0
438	2305	1
438	2742	0
438	2951	0
438	3037	1
439	266	0
439	544	0
439	660	1
439	701	1
439	2024	0
439	2254	1
439	2290	1
439	2834	0
439	2858	1
439	2969	0
440	675	0
440	1327	0
440	1346	1
440	1476	1
440	2818	1
440	2843	0
440	2938	1
440	3086	0
440	3173	0
440	3238	1
441	49	0
441	183	0
441	422	1
441	1138	1
441	1717	0
441	2157	1
441	2187	1
441	2337	0
441	2704	0
441	3087	1
442	319	1
442	369	0
442	624	0
442	848	0
442	923	0
442	1017	1
442	1092	0
442	1834	1
442	2863	1
442	3082	1
443	156	1
443	302	1
443	466	0
443	1640	0
443	1721	1
443	1786	0
443	1891	0
443	2418	1
443	3156	0
443	3205	1
444	33	1
444	108	1
444	550	1
444	980	0
444	1239	0
444	2513	1
444	2578	0
444	2661	0
444	2978	1
444	3138	0
445	206	0
445	543	0
445	1927	1
445	2267	0
445	2299	1
445	2809	0
445	2818	1
445	2875	0
445	2896	1
445	3140	1
446	108	0
446	938	1
446	1626	0
446	1727	0
446	2151	1
446	2200	0
446	2332	0
446	2418	1
446	3066	1
446	3078	1
447	370	1
447	471	0
447	578	0
447	903	1
447	962	1
447	1174	0
447	1582	0
447	2142	1
447	2391	0
447	3206	1
448	88	1
448	449	0
448	664	1
448	957	1
448	1841	1
448	1880	0
448	2024	1
448	2221	0
448	2477	0
448	2702	0
449	193	0
449	731	1
449	1514	0
449	1552	1
449	1772	0
449	2108	0
449	2222	1
449	2466	1
449	3010	1
449	3079	0
450	66	0
450	100	0
450	237	1
450	618	0
450	741	1
450	1023	0
450	2164	1
450	2361	1
450	3066	1
450	3101	0
451	479	1
451	497	1
451	643	0
451	998	1
451	1562	1
451	1729	0
451	1834	1
451	2691	0
451	3076	0
451	3148	0
452	69	1
452	123	1
452	515	1
452	1002	1
452	1011	0
452	1772	0
452	2046	1
452	2408	0
452	2526	0
452	2949	0
453	86	1
453	126	0
453	207	1
453	277	0
453	570	0
453	665	0
453	970	1
453	1991	1
453	2150	1
453	2783	0
454	589	1
454	933	0
454	951	0
454	1160	1
454	1354	0
454	1589	0
454	1754	0
454	2245	1
454	2557	1
454	2609	1
455	69	0
455	186	0
455	490	1
455	592	1
455	933	1
455	970	0
455	1582	1
455	2116	0
455	2941	0
455	3222	1
456	341	0
456	1046	1
456	1774	1
456	2386	0
456	2513	0
456	2557	1
456	2619	0
456	2627	0
456	2932	1
456	2938	1
457	156	1
457	1066	0
457	1172	1
457	1306	0
457	1663	1
457	2330	1
457	2676	1
457	2834	0
457	3068	0
457	3238	0
458	360	0
458	440	1
458	497	0
458	617	0
458	1446	1
458	1834	1
458	2459	1
458	2680	0
458	2925	1
458	3076	0
459	336	0
459	716	1
459	1255	1
459	1358	1
459	1605	1
459	2104	0
459	2221	0
459	2595	0
459	2940	1
459	2978	0
460	411	1
460	1523	1
460	1883	0
460	2189	1
460	2211	0
460	2277	1
460	2513	0
460	2756	1
460	2789	0
460	3126	0
461	1332	0
461	1563	1
461	1700	1
461	1802	0
461	1807	0
461	2517	0
461	2622	1
461	2756	0
461	2776	1
461	2869	1
462	248	1
462	339	1
462	731	0
462	796	1
462	1695	1
462	1731	0
462	2157	0
462	2319	0
462	2427	1
462	3216	0
463	239	0
463	579	0
463	781	1
463	1605	0
463	2152	1
463	2416	1
463	2619	1
463	3032	0
463	3057	0
463	3108	1
464	21	0
464	295	1
464	297	0
464	1271	1
464	1391	0
464	2020	1
464	2337	1
464	2361	0
464	2738	1
464	2786	0
465	213	0
465	316	0
465	403	1
465	904	1
465	976	1
465	1137	1
465	1834	0
465	2486	0
465	2555	0
465	2753	1
466	0	1
466	221	1
466	1786	1
466	2150	0
466	2477	1
466	2511	0
466	2548	0
466	2722	0
466	2789	0
466	2833	1
467	115	0
467	199	0
467	537	1
467	1138	0
467	1783	1
467	1910	0
467	2233	1
467	2697	1
467	2886	0
467	2965	1
468	760	0
468	1351	1
468	2022	0
468	2035	1
468	2056	0
468	2136	1
468	2224	1
468	2422	1
468	2752	0
468	3187	0
469	184	0
469	847	0
469	989	0
469	1346	0
469	1835	1
469	2337	1
469	2643	1
469	2770	1
469	3038	0
469	3138	1
470	341	0
470	403	1
470	466	1
470	720	0
470	1059	1
470	1450	1
470	1886	0
470	2982	0
470	2990	1
470	3203	0
471	885	1
471	1776	0
471	1972	0
471	2108	0
471	2496	0
471	2661	1
471	2690	0
471	2747	1
471	3019	1
471	3157	1
472	290	1
472	428	1
472	905	0
472	1081	0
472	1512	1
472	1633	0
472	1994	0
472	2640	0
472	2663	1
472	3213	1
473	296	0
473	387	0
473	1250	1
473	1283	1
473	1888	1
473	1951	0
473	2032	1
473	2427	1
473	2634	0
473	3230	0
474	52	1
474	513	1
474	1332	0
474	1570	1
474	1706	0
474	1744	0
474	1834	0
474	1862	1
474	1870	1
474	3031	0
475	712	0
475	1317	1
475	1485	1
475	1714	0
475	1734	1
475	1803	1
475	2230	0
475	2427	1
475	2432	0
475	2557	0
476	221	1
476	325	1
476	765	0
476	850	0
476	2098	0
476	2315	1
476	2619	1
476	2662	0
476	2762	0
476	3182	1
477	252	0
477	460	1
477	823	1
477	1047	1
477	2035	1
477	2370	0
477	2419	0
477	2708	0
477	2717	0
477	3078	1
478	135	1
478	224	1
478	257	0
478	372	0
478	1234	0
478	1269	0
478	1847	1
478	2015	1
478	2137	0
478	2361	1
479	748	1
479	1110	0
479	1146	1
479	1160	1
479	1503	0
479	1908	1
479	2822	0
479	2850	1
479	2867	0
479	3066	0
480	221	1
480	235	0
480	864	0
480	1305	0
480	1524	1
480	1541	0
480	2270	1
480	2583	0
480	2752	1
480	3066	1
481	210	1
481	803	0
481	1003	0
481	1046	1
481	1194	1
481	1552	1
481	1757	0
481	1906	1
481	2134	0
481	2587	0
482	225	1
482	295	0
482	559	0
482	612	1
482	1284	1
482	1478	1
482	1523	0
482	1679	1
482	2284	0
482	2712	0
483	216	1
483	310	0
483	701	0
483	1747	0
483	2221	0
483	2327	0
483	2454	1
483	2484	1
483	2529	1
483	3139	1
484	153	0
484	507	1
484	1280	0
484	1391	1
484	1605	0
484	1969	1
484	2278	1
484	2332	0
484	2437	0
484	2782	1
485	69	0
485	169	0
485	196	0
485	440	1
485	1046	1
485	1137	1
485	1207	1
485	1977	0
485	2135	0
485	3238	1
486	299	0
486	341	1
486	1046	1
486	1224	0
486	1227	0
486	1929	1
486	2023	0
486	2529	1
486	3156	1
486	3238	0
487	97	1
487	758	0
487	960	0
487	995	0
487	1280	0
487	1387	0
487	2590	1
487	2619	1
487	2834	1
487	3195	1
488	2	1
488	554	0
488	1092	0
488	1358	0
488	1834	1
488	2337	0
488	2717	0
488	2744	1
488	3020	1
488	3182	1
489	336	1
489	478	0
489	835	0
489	1239	1
489	1615	0
489	2023	1
489	2618	1
489	2770	1
489	2963	0
489	3226	0
490	400	1
490	1046	0
490	1255	0
490	1856	1
490	1990	1
490	1991	1
490	2024	0
490	2143	0
490	2643	1
490	2713	0
491	52	0
491	340	1
491	1170	0
491	1306	0
491	1340	1
491	1560	1
491	2374	0
491	2598	0
491	2875	1
491	3174	1
492	429	1
492	603	0
492	659	0
492	836	1
492	1662	1
492	1907	1
492	2016	0
492	2877	0
492	3019	1
492	3156	0
493	86	0
493	183	1
493	262	1
493	387	0
493	648	1
493	783	0
493	1066	1
493	1766	0
493	2670	1
493	2824	0
494	106	1
494	169	1
494	217	0
494	481	0
494	1280	0
494	1376	0
494	1382	0
494	1589	1
494	2529	1
494	2960	1
495	648	1
495	674	0
495	1512	1
495	1796	1
495	1864	1
495	2024	0
495	2108	0
495	2281	1
495	2314	0
495	2496	0
496	21	0
496	183	1
496	1687	0
496	1729	0
496	1883	0
496	2375	1
496	2635	1
496	2752	1
496	2920	0
496	3139	1
497	466	0
497	928	1
497	970	0
497	1227	0
497	1757	1
497	1877	0
497	1960	1
497	2222	0
497	2863	1
497	3017	1
498	17	1
498	88	0
498	339	0
498	1220	1
498	1298	0
498	1924	1
498	2059	0
498	2734	1
498	2824	0
498	2992	1
499	243	0
499	369	1
499	1215	0
499	1396	0
499	2135	0
499	2592	1
499	2920	1
499	2958	0
499	3066	1
499	3220	1
500	104	0
500	181	1
500	737	0
500	949	1
500	2132	0
500	2307	0
500	2375	0
500	2437	1
500	2517	1
500	3221	1
501	251	0
501	582	0
501	1476	1
501	1565	0
501	1702	0
501	1990	1
501	2277	0
501	2968	1
501	3086	1
501	3213	1
502	252	0
502	387	0
502	938	1
502	1064	1
502	1429	1
502	1523	0
502	2463	1
502	2789	0
502	2828	1
502	3238	0
503	85	0
503	313	0
503	336	0
503	664	1
503	1006	1
503	1269	1
503	1323	1
503	1481	0
503	1806	0
503	2427	1
504	257	0
504	339	1
504	491	0
504	653	1
504	835	0
504	891	0
504	1746	1
504	2221	0
504	2704	1
504	3066	1
505	640	0
505	872	0
505	1332	0
505	1636	1
505	1784	1
505	2319	1
505	2466	0
505	2541	1
505	2944	0
505	3181	1
506	208	1
506	554	0
506	1731	1
506	1907	1
506	2342	0
506	2482	0
506	2515	0
506	2731	0
506	2770	1
506	3213	1
507	84	0
507	403	0
507	422	1
507	457	0
507	1118	1
507	1591	0
507	1592	1
507	1850	1
507	2247	1
507	2782	0
508	552	0
508	845	0
508	944	1
508	1743	0
508	1746	0
508	1917	1
508	1997	1
508	2386	1
508	2496	0
508	2929	1
509	508	0
509	664	1
509	873	1
509	951	1
509	1284	1
509	1358	0
509	1591	0
509	1784	0
509	1854	1
509	2143	0
510	319	0
510	877	1
510	1249	0
510	1446	1
510	2046	1
510	2299	1
510	2307	0
510	2691	0
510	3007	1
510	3216	0
511	207	0
511	831	1
511	1026	1
511	1659	0
511	1774	1
511	1936	0
511	2551	1
511	2666	0
511	2688	1
511	2775	0
512	135	0
512	202	1
512	360	1
512	845	0
512	938	1
512	1063	0
512	1096	1
512	1615	0
512	2782	1
512	3076	0
513	433	1
513	664	1
513	1087	0
513	1226	0
513	1358	1
513	1592	0
513	1603	1
513	1776	1
513	1784	0
513	2585	0
514	24	0
514	202	1
514	508	0
514	570	1
514	926	0
514	1153	0
514	1211	0
514	1250	1
514	1847	1
514	3017	1
515	612	0
515	933	1
515	2044	1
515	2133	0
515	2134	1
515	2408	0
515	2454	1
515	2464	1
515	2635	0
515	3234	0
516	165	0
516	1211	0
516	1552	1
516	1605	1
516	1746	1
516	2209	0
516	2278	1
516	2454	1
516	2460	0
516	2847	0
517	14	1
517	428	1
517	1591	0
517	1592	0
517	1744	0
517	2201	1
517	2277	1
517	2418	0
517	2756	0
517	3020	1
518	660	1
518	788	0
518	1136	1
518	1552	1
518	2016	0
518	2222	1
518	2522	0
518	2704	1
518	3107	0
518	3139	0
519	497	0
519	1146	1
519	1340	0
519	1554	1
519	1784	0
519	2053	1
519	2311	0
519	2731	1
519	2863	1
519	3114	0
520	167	1
520	169	1
520	239	0
520	648	1
520	2030	1
520	2150	1
520	2160	0
520	2419	0
520	2752	0
520	2951	0
521	1067	0
521	2221	1
521	2318	0
521	2375	0
521	2501	1
521	2522	1
521	2565	1
521	2752	0
521	2987	0
521	3005	1
522	507	1
522	939	0
522	1066	0
522	1269	0
522	1333	1
522	1350	0
522	1953	1
522	2458	1
522	2651	0
522	3050	1
523	515	1
523	1151	0
523	1453	1
523	1596	0
523	1631	0
523	1911	0
523	2314	1
523	2756	1
523	2786	0
523	3110	1
524	1284	0
524	1304	1
524	2170	1
524	2427	1
524	2528	0
524	2557	0
524	2828	0
524	2941	1
524	2960	1
524	3226	0
525	477	1
525	503	0
525	1563	1
525	1605	0
525	1730	0
525	1774	1
525	1929	1
525	2118	1
525	2235	0
525	2704	0
526	100	0
526	497	0
526	1233	0
526	1432	1
526	1575	1
526	1592	0
526	2166	0
526	2544	1
526	2669	1
526	2960	1
527	309	1
527	440	1
527	758	1
527	1004	0
527	1013	0
527	1067	1
527	1441	1
527	1816	0
527	2822	0
527	2956	0
528	1032	0
528	1076	0
528	1153	0
528	1207	1
528	1370	0
528	1412	0
528	1605	1
528	1902	1
528	2916	1
528	2942	1
529	65	0
529	183	1
529	517	1
529	559	1
529	768	0
529	1284	1
529	1301	0
529	1420	1
529	1565	0
529	2164	0
530	47	0
530	206	1
530	491	0
530	661	0
530	1615	0
530	1629	1
530	2483	0
530	2828	1
530	3138	1
530	3216	1
531	930	1
531	1035	0
531	1330	0
531	1349	0
531	1527	0
531	2459	1
531	2661	1
531	2702	0
531	2741	1
531	3216	1
532	457	0
532	546	1
532	603	1
532	1118	1
532	1652	0
532	1928	0
532	2211	1
532	2361	0
532	3213	0
532	3242	1
533	12	0
533	237	1
533	495	0
533	1123	0
533	1440	0
533	1575	1
533	1914	1
533	2418	1
533	2640	1
533	2729	0
534	420	1
534	854	0
534	906	1
534	1328	0
534	1623	1
534	2406	0
534	2663	0
534	2794	0
534	3124	1
534	3253	1
535	22	0
535	644	0
535	1717	1
535	1784	0
535	2157	1
535	2413	1
535	2421	0
535	2694	0
535	2863	1
535	3221	1
536	207	1
536	224	0
536	534	0
536	908	1
536	1016	1
536	1017	0
536	1682	1
536	2385	0
536	2419	1
536	2683	0
537	39	1
537	257	0
537	653	1
537	670	0
537	718	1
537	1234	1
537	1921	0
537	1969	0
537	2583	0
537	3066	1
538	221	1
538	239	1
538	257	1
538	582	0
538	999	0
538	1006	1
538	1527	0
538	1722	0
538	1841	0
538	2280	1
539	328	0
539	412	1
539	558	1
539	1119	0
539	1166	1
539	1527	1
539	2187	0
539	2276	0
539	3019	1
539	3195	0
540	472	0
540	606	0
540	796	1
540	845	1
540	995	0
540	2152	1
540	2299	1
540	2641	0
540	2734	0
540	2849	1
541	75	0
541	101	1
541	121	1
541	1454	0
541	1605	0
541	1951	0
541	2222	0
541	2337	1
541	2920	1
541	2995	1
542	258	0
542	712	0
542	913	1
542	1653	0
542	1847	1
542	2325	0
542	2702	1
542	2938	1
542	2995	0
542	3129	1
543	294	1
543	316	0
543	375	1
543	1527	1
543	1936	1
543	2083	0
543	2456	0
543	2544	0
543	2825	0
543	2992	1
544	387	0
544	1137	1
544	1303	1
544	1541	0
544	2104	0
544	2302	1
544	2548	0
544	2708	1
544	3187	0
544	3249	1
545	425	1
545	705	0
545	850	0
545	938	1
545	1439	0
545	2449	0
545	2455	1
545	2501	1
545	3074	1
545	3186	0
546	281	1
546	601	1
546	717	1
546	1355	1
546	1741	0
546	1891	1
546	2342	0
546	2501	0
546	2623	0
546	2814	0
547	550	1
547	626	0
547	653	0
547	1283	0
547	1363	1
547	1476	1
547	1711	1
547	2011	0
547	2299	0
547	2863	1
548	653	1
548	923	0
548	1222	0
548	1796	1
548	1930	0
548	2111	0
548	2609	1
548	2663	1
548	2690	0
548	2968	1
549	207	0
549	949	1
549	1118	1
549	1857	0
549	1955	0
549	2327	0
549	2557	1
549	2582	0
549	3131	1
549	3208	1
550	104	1
550	208	0
550	951	1
550	957	0
550	2280	1
550	2419	0
550	2461	0
550	2835	0
550	3007	1
550	3021	1
551	179	0
551	457	1
551	1941	1
551	2337	0
551	2348	1
551	2419	1
551	2425	0
551	2438	0
551	2522	1
551	3076	0
552	29	0
552	403	0
552	938	1
552	1244	1
552	1278	0
552	1410	0
552	2417	1
552	2431	1
552	2603	1
552	2940	0
553	819	0
553	1284	0
553	1937	0
553	2513	1
553	2522	1
553	2557	0
553	2619	0
553	2906	1
553	2941	1
553	3226	1
554	221	0
554	429	1
554	560	1
554	1297	0
554	1512	0
554	1888	1
554	2270	1
554	2594	1
554	3195	0
554	3216	0
555	359	1
555	1072	1
555	1201	0
555	1446	0
555	1950	0
555	2046	1
555	2233	1
555	2459	1
555	2783	0
555	2818	0
556	25	0
556	158	0
556	716	1
556	1284	0
556	2109	1
556	2118	1
556	2320	1
556	2419	0
556	2752	0
556	2818	1
557	271	1
557	615	1
557	1291	0
557	1370	0
557	1566	1
557	1702	0
557	1784	1
557	1790	0
557	2375	0
557	2557	1
558	247	0
558	1066	0
558	1582	0
558	1759	1
558	2379	1
558	2700	1
558	3016	1
558	3220	0
558	3238	1
558	3242	0
559	9	0
559	944	1
559	1001	0
559	1698	1
559	2126	1
559	2315	0
559	2595	1
559	2934	0
559	3000	1
559	3149	0
560	780	0
560	1201	1
560	1316	1
560	1555	1
560	1888	1
560	1972	0
560	2582	0
560	2722	0
560	2920	0
560	3225	1
561	206	0
561	390	1
561	422	1
561	435	0
561	777	0
561	1760	1
561	1838	0
561	2095	0
561	2226	1
561	2963	1
562	52	1
562	459	1
562	466	0
562	505	1
562	1675	0
562	2151	1
562	2217	0
562	2350	0
562	2562	0
562	2595	1
563	252	0
563	299	0
563	977	1
563	1476	1
563	1745	0
563	1834	0
563	2175	0
563	2275	1
563	2418	1
563	2938	1
564	30	1
564	361	0
564	847	1
564	1006	1
564	1174	0
564	1269	0
564	1748	0
564	1972	1
564	2503	0
564	3016	1
565	319	0
565	660	1
565	716	0
565	1432	1
565	1632	0
565	2023	1
565	2172	0
565	2277	1
565	3084	1
565	3163	0
566	1002	0
566	1005	0
566	1231	1
566	1615	1
566	1724	1
566	1746	1
566	2019	0
566	2163	0
566	2916	1
566	3133	0
567	490	1
567	550	0
567	1297	1
567	1784	1
567	2115	0
567	2164	0
567	2445	0
567	2460	1
567	3076	0
567	3085	1
568	86	1
568	495	0
568	1066	1
568	1314	1
568	1872	0
568	2183	0
568	2828	1
568	2875	0
568	3025	0
568	3066	1
569	193	0
569	687	0
569	904	1
569	1570	0
569	1640	1
569	1685	0
569	1907	1
569	2736	0
569	3140	1
569	3176	1
570	24	1
570	210	0
570	641	1
570	1616	1
570	1816	0
570	1914	0
570	2300	0
570	2593	1
570	2960	1
570	3203	0
571	422	1
571	425	1
571	503	0
571	1410	0
571	1648	1
571	2201	0
571	2336	0
571	2425	1
571	2834	0
571	2960	1
572	244	0
572	290	1
572	364	0
572	1226	1
572	2277	0
572	2299	0
572	2600	0
572	2770	1
572	2877	1
572	3150	1
573	302	1
573	653	0
573	999	1
573	1266	0
573	1284	1
573	1301	0
573	1663	1
573	2373	0
573	2661	1
573	2928	0
574	250	0
574	1389	0
574	1410	1
574	1754	0
574	2249	0
574	2421	1
574	2483	1
574	2585	1
574	2828	1
574	3147	0
575	1117	0
575	1137	1
575	1160	1
575	1514	1
575	1931	1
575	2308	0
575	2941	0
575	3038	0
575	3107	0
575	3132	1
576	885	0
576	960	0
576	975	1
576	1222	1
576	1646	1
576	2442	1
576	2462	0
576	2548	0
576	2591	1
576	3055	0
577	299	1
577	1266	1
577	1354	0
577	1512	1
577	1798	0
577	1891	0
577	2268	0
577	2517	0
577	2816	1
577	2818	1
578	985	0
578	1473	1
578	1763	0
578	1848	0
578	2104	1
578	2284	1
578	2711	0
578	2719	1
578	2927	1
578	3028	0
579	579	0
579	866	0
579	1138	0
579	1891	1
579	1902	1
579	2005	1
579	2018	0
579	2187	1
579	2661	1
579	2940	0
580	206	1
580	813	0
580	908	1
580	1221	1
580	1278	1
580	1365	0
580	1843	0
580	2354	1
580	2827	0
580	3178	0
581	102	1
581	405	1
581	1046	1
581	1474	0
581	1820	0
581	1892	1
581	2195	0
581	2327	1
581	2566	0
581	3184	0
582	171	0
582	403	1
582	532	0
582	617	1
582	824	0
582	891	1
582	1566	1
582	1948	0
582	2195	0
582	2281	1
583	312	0
583	940	0
583	977	1
583	1307	1
583	1380	0
583	1746	1
583	1796	1
583	2020	0
583	2133	1
583	2797	0
584	751	1
584	958	1
584	1036	0
584	1563	0
584	1590	1
584	1679	0
584	1737	1
584	2418	1
584	3212	0
584	3221	0
585	247	1
585	382	0
585	440	1
585	633	0
585	1036	1
585	1226	1
585	1974	0
585	2073	0
585	2104	1
585	2466	0
586	544	0
586	744	1
586	1046	1
586	1458	1
586	1742	1
586	2115	0
586	2308	1
586	2327	0
586	2857	0
586	2963	0
587	69	0
587	440	1
587	804	0
587	857	1
587	1735	0
587	1772	1
587	2046	1
587	2132	0
587	2209	0
587	3017	1
588	302	1
588	856	0
588	857	0
588	1064	1
588	1323	0
588	1368	0
588	2049	1
588	2416	1
588	2708	0
588	2858	1
589	554	1
589	587	0
589	933	1
589	1024	0
589	1109	0
589	1633	0
589	2305	1
589	2375	1
589	2763	0
589	2956	1
590	201	0
590	697	0
590	845	1
590	877	0
590	1221	0
590	1369	1
590	1424	1
590	1854	1
590	2928	0
590	3187	1
591	578	1
591	592	1
591	1239	1
591	1514	1
591	1800	0
591	2104	0
591	2150	0
591	2844	0
591	2848	1
591	3093	0
592	208	1
592	297	0
592	344	1
592	848	0
592	1122	0
592	1888	1
592	2151	1
592	2585	1
592	2628	0
592	3152	0
593	796	1
593	826	0
593	908	1
593	1174	0
593	1269	0
593	2049	1
593	2449	1
593	2848	1
593	3011	0
593	3184	0
594	92	1
594	252	0
594	436	1
594	653	1
594	744	0
594	784	0
594	1011	0
594	1211	1
594	1711	1
594	2138	0
595	150	1
595	276	0
595	319	1
595	675	0
595	1474	1
595	1523	0
595	1527	0
595	1858	0
595	2046	1
595	2863	1
596	86	0
596	108	0
596	204	0
596	206	1
596	310	1
596	1746	0
596	1991	1
596	2268	1
596	2762	1
596	3007	0
597	411	0
597	1438	0
597	1652	1
597	2030	1
597	2348	1
597	2548	0
597	2642	0
597	2791	0
597	2828	1
597	3017	1
598	92	0
598	260	1
598	403	0
598	871	1
598	1215	1
598	1731	1
598	1858	0
598	1972	0
598	2361	1
598	2835	0
599	57	1
599	142	0
599	156	1
599	237	1
599	257	0
599	566	0
599	1377	1
599	1998	1
599	2295	0
599	2318	0
600	406	1
600	540	1
600	582	0
600	879	0
600	1211	1
600	1573	0
600	2314	1
600	2634	0
600	2741	0
600	2859	1
601	403	1
601	642	1
601	1036	0
601	1958	0
601	2213	0
601	2421	1
601	2442	1
601	2834	0
601	3049	1
601	3205	0
602	389	0
602	390	1
602	845	0
602	1160	1
602	1972	1
602	2418	0
602	2686	1
602	2877	0
602	3026	0
602	3242	1
603	162	1
603	180	0
603	459	1
603	481	1
603	847	0
603	944	1
603	1265	0
603	2831	0
603	2889	0
603	3115	1
604	96	1
604	484	0
604	796	1
604	1161	1
604	1848	0
604	2152	1
604	2260	0
604	2282	0
604	2348	1
604	3061	0
605	134	1
605	165	0
605	970	1
605	1148	0
605	1284	0
605	2134	1
605	2285	0
605	2706	1
605	2986	0
605	3108	1
606	1063	0
606	1241	0
606	1363	0
606	1679	1
606	1897	1
606	2003	0
606	2427	1
606	2758	1
606	2965	1
606	3058	0
607	183	1
607	437	0
607	919	0
607	924	1
607	1358	1
607	1890	0
607	2221	0
607	2418	1
607	2809	1
607	2927	0
608	389	1
608	487	0
608	493	1
608	1332	0
608	1401	1
608	1412	0
608	1936	1
608	3042	0
608	3163	1
608	3182	0
609	187	1
609	660	1
609	1432	0
609	1477	0
609	1577	0
609	2077	0
609	2470	1
609	2681	0
609	2731	1
609	3216	1
610	344	1
610	578	0
610	748	0
610	1194	1
610	2097	0
610	3034	0
610	3184	1
610	3195	0
610	3196	1
610	3254	1
611	211	1
611	883	1
611	1524	0
611	1608	1
611	1636	1
611	1771	1
611	2278	0
611	2427	0
611	2455	0
611	2646	0
612	503	1
612	675	1
612	938	1
612	1172	1
612	1242	0
612	1474	0
612	1816	0
612	2178	0
612	3020	1
612	3163	0
613	299	1
613	694	0
613	1013	0
613	1111	1
613	1271	0
613	1399	1
613	1523	0
613	2151	1
613	2342	1
613	2752	0
614	6	0
614	239	1
614	268	0
614	618	1
614	926	0
614	1592	0
614	2585	1
614	2634	1
614	3066	1
614	3163	0
615	460	1
615	501	0
615	702	0
615	896	1
615	1223	0
615	1929	1
615	2055	0
615	2762	0
615	2824	1
615	3095	1
616	336	1
616	457	1
616	968	0
616	1185	1
616	1299	1
616	1653	0
616	1888	1
616	2113	0
616	2316	0
616	2775	0
617	111	1
617	487	0
617	821	1
617	1199	1
617	1592	0
617	1774	0
617	1841	0
617	1849	0
617	3181	1
617	3254	1
618	274	0
618	664	1
618	896	1
618	1322	0
618	1384	0
618	2199	1
618	2254	1
618	2684	0
618	2816	1
618	3146	0
619	1446	1
619	1495	1
619	1774	1
619	1776	0
619	2680	0
619	2753	0
619	2757	0
619	2910	0
619	2992	1
619	3220	1
620	319	1
620	398	0
620	1348	1
620	2494	0
620	2635	1
620	2644	1
620	3058	0
620	3159	1
620	3220	0
620	3248	0
621	203	0
621	299	1
621	1138	0
621	1266	1
621	2148	0
621	2278	1
621	2319	1
621	2548	0
621	2764	0
621	2858	1
622	209	1
622	552	1
622	624	1
622	854	0
622	1207	0
622	1700	0
622	1906	0
622	2140	0
622	2818	1
622	2860	1
623	864	0
623	1205	1
623	1956	0
623	2104	0
623	2320	1
623	2413	0
623	2435	1
623	2447	1
623	2960	0
623	2988	1
624	114	0
624	181	1
624	225	0
624	287	0
624	1118	1
624	1278	1
624	1305	1
624	1869	0
624	2010	0
624	2778	1
625	208	1
625	403	1
625	1223	0
625	1625	1
625	1774	0
625	2015	1
625	2025	0
625	2195	0
625	2229	0
625	2595	1
626	209	0
626	213	0
626	390	0
626	573	1
626	1670	0
626	1834	1
626	1949	1
626	2088	0
626	3005	1
626	3242	1
627	299	1
627	1123	0
627	1306	0
627	1856	0
627	2138	0
627	2157	0
627	2217	1
627	2501	1
627	2912	1
627	3012	1
628	126	1
628	1222	0
628	1361	0
628	2195	0
628	2211	1
628	2255	1
628	3009	1
628	3082	0
628	3094	1
628	3123	0
629	108	1
629	309	1
629	490	1
629	994	0
629	1118	0
629	1447	0
629	1573	1
629	2280	0
629	2635	1
629	2936	0
630	387	1
630	1036	0
630	1232	0
630	1340	1
630	1856	1
630	1955	1
630	2384	0
630	2418	1
630	2752	0
630	3139	0
631	0	1
631	102	0
631	119	1
631	1255	1
631	1615	0
631	1702	1
631	1731	0
631	2221	1
631	2240	0
631	2670	0
632	46	0
632	708	0
632	833	1
632	1009	1
632	1125	1
632	1621	1
632	1870	1
632	2276	0
632	3091	0
632	3224	0
633	985	1
633	1250	1
633	1763	0
633	1816	1
633	1915	1
633	2135	0
633	2216	1
633	2317	0
633	2477	0
633	2960	0
634	401	0
634	403	0
634	967	1
634	1093	1
634	1301	0
634	1605	0
634	1784	0
634	2160	1
634	2273	1
634	2704	1
635	502	1
635	1118	0
635	1774	0
635	1914	0
635	1972	1
635	2157	1
635	2557	0
635	2960	1
635	3017	1
635	3045	0
636	33	1
636	389	0
636	405	0
636	2178	1
636	2327	1
636	2475	1
636	2582	0
636	2999	0
636	3065	1
636	3084	0
637	208	1
637	440	1
637	690	0
637	923	0
637	1223	1
637	1391	1
637	1629	0
637	2332	0
637	2529	1
637	3057	0
638	503	0
638	600	0
638	675	1
638	831	0
638	1545	0
638	1757	1
638	1929	1
638	2753	1
638	2908	1
638	2967	0
639	243	1
639	314	0
639	857	1
639	1361	1
639	2375	0
639	2717	1
639	2860	1
639	2863	0
639	2956	0
639	3015	0
640	52	1
640	57	1
640	338	1
640	784	1
640	954	0
640	1267	0
640	1700	1
640	2421	0
640	2517	0
640	2558	0
641	309	0
641	787	0
641	854	1
641	1066	1
641	1804	0
641	2619	1
641	3039	0
641	3091	1
641	3182	0
641	3187	1
642	257	1
642	463	1
642	1036	0
642	1227	0
642	1324	1
642	2418	0
642	2517	0
642	2661	1
642	2706	0
642	3220	1
643	171	1
643	360	1
643	661	0
643	1596	1
643	1615	1
643	1856	0
643	1860	0
643	2401	1
643	2598	0
643	2909	0
644	106	1
644	1048	0
644	1724	0
644	1746	0
644	1834	1
644	2211	1
644	2373	1
644	2418	1
644	2834	0
644	3094	0
645	56	0
645	295	1
645	434	0
645	519	0
645	1283	1
645	2278	1
645	2455	0
645	2651	1
645	2942	1
645	3107	0
646	222	0
646	604	1
646	742	0
646	905	0
646	1358	1
646	2023	0
646	2024	0
646	2285	1
646	2418	1
646	3031	1
647	224	1
647	758	1
647	1701	0
647	1728	0
647	1815	1
647	1902	1
647	2446	1
647	2672	0
647	2689	0
647	2960	0
648	86	0
648	257	0
648	1363	1
648	1802	0
648	1915	1
648	2023	1
648	2157	1
648	2418	0
648	2753	0
648	2938	1
649	153	1
649	720	1
649	1036	0
649	1439	1
649	1636	1
649	2418	0
649	2432	0
649	2557	0
649	2619	0
649	2910	1
650	561	1
650	606	0
650	1118	1
650	1514	1
650	1565	0
650	1775	1
650	2118	0
650	2125	0
650	2662	0
650	2704	1
651	174	1
651	193	1
651	860	1
651	975	0
651	1264	1
651	1307	0
651	1332	0
651	1570	0
651	1823	0
651	2852	1
652	27	0
652	169	1
652	420	0
652	544	1
652	836	1
652	1683	0
652	2173	0
652	2435	0
652	2816	1
652	2837	1
653	299	1
653	1255	1
653	1283	1
653	1636	1
653	2046	1
653	2221	0
653	2307	0
653	2375	0
653	2611	0
653	3087	0
654	257	1
654	592	1
654	670	0
654	1194	0
654	1642	1
654	2046	1
654	2818	0
654	3065	1
654	3102	0
654	3138	0
655	478	0
655	866	0
655	1032	1
655	1043	1
655	1527	1
655	1711	0
655	2159	0
655	2209	0
655	2337	1
655	2418	1
656	772	0
656	939	1
656	968	0
656	1125	0
656	1474	1
656	2037	0
656	2099	1
656	2651	1
656	2932	0
656	3111	1
657	635	0
657	640	0
657	731	1
657	744	1
657	938	1
657	1474	0
657	1485	0
657	1555	0
657	1784	1
657	2938	1
658	446	0
658	904	1
658	1133	0
658	1301	0
658	1429	1
658	1626	0
658	2804	0
658	2916	1
658	3087	1
658	3226	1
659	317	0
659	623	0
659	661	0
659	1565	0
659	1629	1
659	2459	1
659	2644	0
659	2770	1
659	2783	1
659	2988	1
660	366	1
660	457	0
660	694	0
660	824	0
660	1211	1
660	1700	0
660	2467	1
660	2501	1
660	2863	1
660	2969	0
661	56	0
661	278	1
661	977	0
661	998	1
661	1156	0
661	1969	0
661	2016	0
661	2046	1
661	2418	1
661	2425	1
662	174	1
662	478	0
662	592	1
662	1011	0
662	1711	1
662	1976	0
662	2046	1
662	2252	0
662	2913	0
662	3196	1
663	162	1
663	241	1
663	709	1
663	839	0
663	1331	1
663	1430	0
663	1481	1
663	2129	0
663	2313	0
663	2456	0
664	162	1
664	257	1
664	626	0
664	649	1
664	994	0
664	1816	0
664	1955	0
664	1972	1
664	2015	1
664	3152	0
665	164	0
665	165	0
665	206	1
665	1044	0
665	1160	1
665	1630	0
665	1676	1
665	2418	1
665	2691	0
665	2753	1
666	208	1
666	804	0
666	999	1
666	1172	0
666	1207	1
666	1303	0
666	1357	0
666	1370	1
666	2284	1
666	3021	0
667	271	0
667	516	0
667	555	1
667	960	1
667	1193	1
667	2135	0
667	2775	0
667	3020	0
667	3094	1
667	3213	1
668	189	0
668	663	1
668	968	0
668	1271	0
668	1525	0
668	2405	1
668	2496	0
668	2519	1
668	2828	1
668	2875	1
669	336	0
669	1375	0
669	1615	1
669	1746	1
669	1749	1
669	1888	1
669	2011	0
669	2761	0
669	3066	0
669	3213	1
670	238	1
670	294	1
670	330	0
670	733	1
670	1102	1
670	1230	0
670	1323	0
670	1686	0
670	1872	0
670	2072	1
671	503	1
671	710	0
671	765	1
671	1381	0
671	1527	0
671	2101	0
671	2197	1
671	2543	1
671	3017	1
671	3102	0
672	169	0
672	239	0
672	289	0
672	659	1
672	1330	1
672	1365	1
672	2454	1
672	2477	0
672	2595	0
672	2680	1
673	133	0
673	179	0
673	930	0
673	1150	1
673	1217	0
673	1464	1
673	1822	0
673	2387	1
673	3154	1
673	3161	1
674	86	0
674	866	1
674	1021	1
674	1043	0
674	1052	0
674	1117	1
674	1269	1
674	1523	0
674	3032	0
674	3078	1
675	1017	1
675	1066	1
675	1201	0
675	1599	1
675	1807	1
675	2570	0
675	2672	0
675	2752	0
675	3070	0
675	3086	1
676	360	0
676	900	0
676	1385	1
676	2151	1
676	2418	0
676	2860	1
676	2925	0
676	3009	1
676	3076	1
676	3182	0
677	29	1
677	92	0
677	425	1
677	541	0
677	1137	0
677	1495	1
677	2327	0
677	2483	0
677	2690	1
677	2941	1
678	295	1
678	938	1
678	1117	0
678	1552	0
678	1812	1
678	2049	1
678	2418	1
678	2863	0
678	2906	0
678	2960	0
679	185	0
679	252	1
679	296	0
679	733	1
679	1303	0
679	1570	1
679	1577	1
679	2104	1
679	2834	0
679	2946	0
680	290	0
680	540	0
680	550	1
680	598	0
680	902	1
680	1069	0
680	1825	1
680	1827	0
680	2734	1
680	2739	1
681	6	0
681	274	0
681	844	0
681	845	0
681	940	1
681	1485	1
681	1955	1
681	2101	0
681	2460	1
681	2551	1
682	1391	1
682	1486	0
682	1636	1
682	2413	0
682	2463	1
682	2483	0
682	2502	1
682	2517	0
682	2988	1
682	2991	0
683	336	1
683	420	0
683	850	0
683	1063	0
683	1552	0
683	1639	1
683	1844	1
683	2734	1
683	2946	1
683	2959	0
684	46	0
684	102	1
684	129	0
684	148	1
684	305	0
684	1332	1
684	1364	0
684	1617	0
684	2023	1
684	2875	1
685	88	0
685	214	0
685	334	0
685	612	1
685	1481	1
685	1841	1
685	2073	0
685	2968	1
685	3067	0
685	3225	1
686	507	1
686	1303	0
686	1361	0
686	1552	0
686	1614	0
686	1702	0
686	1865	1
686	2011	1
686	2046	1
686	2995	1
687	650	1
687	804	0
687	1223	0
687	1303	0
687	1421	0
687	1681	1
687	1784	1
687	1969	1
687	2314	0
687	2704	1
688	119	1
688	791	0
688	1697	0
688	1914	0
688	2329	0
688	2477	1
688	2486	1
688	2661	1
688	2932	0
688	3076	1
689	103	0
689	550	1
689	881	0
689	960	1
689	1332	0
689	2170	0
689	2319	1
689	2860	1
689	3007	1
689	3009	0
690	88	1
690	350	0
690	641	1
690	1136	1
690	1530	0
690	1969	0
690	2152	0
690	2405	0
690	2459	1
690	3167	1
691	420	0
691	500	0
691	603	1
691	1284	1
691	1481	0
691	1672	1
691	2354	1
691	2663	0
691	2938	0
691	2978	1
692	221	1
692	1452	1
692	1560	0
692	2337	0
692	2437	1
692	2515	0
692	2558	0
692	2661	1
692	2706	1
692	2753	0
693	80	1
693	148	0
693	295	0
693	1362	1
693	1764	0
693	2517	0
693	2858	1
693	2960	1
693	2995	1
693	3043	0
694	495	0
694	585	1
694	1007	0
694	1454	0
694	2374	1
694	2408	0
694	2421	0
694	2517	1
694	2595	1
694	2752	1
695	199	0
695	670	0
695	1255	0
695	1514	1
695	1929	1
695	2161	0
695	2224	0
695	2284	1
695	2760	1
695	3196	1
696	56	0
696	637	0
696	941	0
696	1333	1
696	1679	1
696	1954	0
696	2719	0
696	2816	1
696	2916	1
696	3110	1
697	623	0
697	847	1
697	1013	0
697	1526	1
697	1797	1
697	1995	1
697	2344	0
697	2557	1
697	2586	0
697	2945	0
698	431	1
698	695	1
698	858	0
698	1598	1
698	1614	0
698	2011	0
698	2058	1
698	2427	1
698	2833	0
698	3038	0
699	173	0
699	507	1
699	527	1
699	534	1
699	573	0
699	671	0
699	1307	0
699	2088	1
699	2728	0
699	2877	1
700	315	1
700	459	0
700	633	1
700	1587	1
700	1681	0
700	1757	1
700	1802	0
700	2093	1
700	2920	0
700	2931	0
701	289	1
701	537	0
701	1314	1
701	1317	1
701	1439	1
701	2229	0
701	2296	1
701	2729	0
701	3123	0
701	3216	0
702	403	0
702	430	0
702	617	0
702	1969	0
702	2066	1
702	2564	0
702	2747	1
702	2863	1
702	2903	1
702	3078	1
703	155	0
703	507	1
703	648	0
703	958	1
703	960	0
703	2134	1
703	2361	0
703	2375	1
703	2466	0
703	3086	1
704	104	1
704	164	0
704	314	0
704	447	1
704	701	1
704	1201	1
704	2214	0
704	2217	0
704	2357	0
704	2676	1
705	278	1
705	478	0
705	508	0
705	1043	1
705	1652	0
705	1972	1
705	2161	0
705	2640	0
705	3107	1
705	3163	1
706	268	0
706	1055	0
706	1592	0
706	2118	1
706	2311	1
706	2398	0
706	2427	1
706	2619	0
706	2925	1
706	3243	1
707	507	0
707	896	0
707	1570	0
707	1605	1
707	1850	1
707	2268	1
707	2319	1
707	2680	0
707	2761	1
707	3049	0
708	447	1
708	554	0
708	737	0
708	1555	1
708	1955	1
708	2062	0
708	2331	0
708	2519	1
708	2744	1
708	3122	0
709	209	1
709	697	0
709	1261	0
709	1267	1
709	1369	0
709	1373	1
709	1746	0
709	2284	1
709	2517	0
709	2834	1
710	80	1
710	257	0
710	291	0
710	390	1
710	600	1
710	1591	0
710	1649	1
710	2442	0
710	2609	1
710	2753	0
711	297	0
711	550	1
711	624	0
711	1231	1
711	1806	1
711	1983	0
711	2151	1
711	2818	1
711	3020	0
711	3181	0
712	171	0
712	248	1
712	369	0
712	980	0
712	1266	1
712	2427	1
712	2459	1
712	2529	1
712	2789	0
712	2984	0
713	174	1
713	1047	1
713	1486	0
713	1573	0
713	1648	0
713	1972	1
713	2463	1
713	2512	0
713	2910	0
713	3194	1
714	544	0
714	1476	1
714	1780	1
714	2118	1
714	2744	0
714	2828	1
714	3017	0
714	3078	0
714	3086	0
714	3213	1
715	12	0
715	1696	0
715	1802	1
715	1972	0
715	2421	0
715	2595	1
715	2627	1
715	2753	1
715	3203	1
715	3205	0
716	691	1
716	1193	0
716	1289	1
716	1554	1
716	1603	1
716	2187	0
716	2259	1
716	2672	0
716	2936	0
716	2960	0
717	360	0
717	579	1
717	784	0
717	1593	0
717	2284	1
717	2446	1
717	2644	0
717	3028	0
717	3057	1
717	3213	1
718	138	1
718	296	0
718	730	1
718	1530	1
718	1621	1
718	1934	0
718	2256	0
718	2704	0
718	2779	1
718	2965	0
719	157	1
719	403	1
719	544	0
719	1046	0
719	1675	0
719	1728	1
719	1784	0
719	2030	1
719	2133	0
719	2700	1
720	306	0
720	883	1
720	1322	0
720	1936	0
720	2001	1
720	2073	1
720	2266	0
720	2312	1
720	2916	1
720	3139	0
721	196	0
721	262	1
721	315	0
721	514	1
721	691	0
721	1207	1
721	1972	0
721	2310	1
721	2570	0
721	3019	1
722	325	1
722	527	1
722	713	0
722	716	0
722	1563	1
722	1880	0
722	2088	1
722	2104	0
722	2425	0
722	2704	1
723	165	1
723	307	1
723	550	0
723	653	1
723	1088	0
723	1612	0
723	1780	1
723	2080	0
723	3087	1
723	3231	0
724	299	1
724	310	1
724	573	0
724	881	0
724	887	0
724	1207	1
724	1276	0
724	1439	1
724	2857	0
724	3020	1
725	390	1
725	403	0
725	460	1
725	672	1
725	1129	1
725	1969	0
725	2278	0
725	2635	0
725	2848	1
725	3039	0
726	206	0
726	624	1
726	649	1
726	1894	0
726	2134	1
726	2138	0
726	2348	1
726	2635	0
726	2747	1
726	2960	0
727	121	0
727	533	1
727	1123	1
727	1730	1
727	2001	0
727	2046	1
727	2318	0
727	2421	1
727	2811	0
727	3221	0
728	66	0
728	263	0
728	895	1
728	965	1
728	1118	1
728	1617	1
728	1736	0
728	1772	0
728	2650	0
728	2684	1
729	22	0
729	74	0
729	171	1
729	1026	0
729	1088	0
729	1523	0
729	2278	1
729	2318	1
729	2690	1
729	2964	1
730	86	0
730	845	0
730	1284	1
730	1361	0
730	1790	0
730	2172	1
730	2375	1
730	2482	1
730	2848	1
730	3216	0
731	664	1
731	897	0
731	1410	1
731	1454	1
731	1565	0
731	1618	1
731	1652	1
731	2238	0
731	2828	0
731	3095	0
732	19	0
732	181	1
732	240	1
732	257	0
732	316	0
732	592	1
732	1288	1
732	1305	0
732	2517	0
732	2593	1
733	41	1
733	189	0
733	620	1
733	628	1
733	648	1
733	2348	0
733	2459	1
733	2548	0
733	2752	0
733	2909	0
734	337	1
734	2157	0
734	2307	0
734	2367	1
734	2459	1
734	2531	1
734	2753	0
734	2797	1
734	2848	0
734	3223	0
735	228	0
735	896	1
735	900	1
735	929	1
735	1615	1
735	1735	0
735	2098	0
735	2466	0
735	3010	0
735	3131	1
736	411	0
736	731	0
736	994	0
736	1020	1
736	1060	1
736	1956	1
736	2109	0
736	2366	1
736	2374	1
736	2878	0
737	88	1
737	561	0
737	623	1
737	985	1
737	1087	0
737	1283	1
737	1921	0
737	2307	0
737	2916	1
737	2960	0
738	653	1
738	899	0
738	1207	1
738	1364	0
738	2285	0
738	2734	1
738	2828	1
738	2928	0
738	3019	1
738	3196	0
739	457	0
739	906	1
739	1013	0
739	1226	1
739	1269	1
739	1629	1
739	1856	0
739	2088	0
739	2483	0
739	2878	1
740	239	1
740	608	1
740	995	0
740	1697	0
740	1790	0
740	2562	1
740	2863	1
740	2944	0
740	2951	1
740	3213	0
741	281	1
741	1234	1
741	1394	0
741	1454	1
741	1514	1
741	2335	0
741	2386	0
741	2493	0
741	2652	1
741	3208	0
742	290	0
742	760	0
742	1117	1
742	1622	0
742	1754	1
742	1812	1
742	1860	0
742	2300	0
742	2418	1
742	2551	1
743	641	1
743	926	1
743	1565	0
743	1685	0
743	1841	1
743	2134	1
743	3095	0
743	3102	0
743	3163	1
743	3213	0
744	796	1
744	1227	0
744	1354	1
744	1746	1
744	1834	0
744	2449	0
744	2652	1
744	2713	0
744	2863	1
744	3066	0
745	661	0
745	1006	1
745	1439	1
745	1590	0
745	1630	0
745	1669	0
745	1812	1
745	2442	1
745	2453	1
745	2585	0
746	86	1
746	88	0
746	169	0
746	440	1
746	1211	0
746	1394	0
746	1420	1
746	2722	0
746	2832	1
746	2877	1
747	33	1
747	123	0
747	336	1
747	479	0
747	890	0
747	1318	0
747	2278	1
747	2312	0
747	2690	1
747	3020	1
748	154	1
748	998	1
748	1174	0
748	1266	1
748	1346	1
748	1952	0
748	1990	0
748	2296	0
748	2419	1
748	2466	0
749	207	1
749	405	1
749	938	1
749	1117	1
749	1774	1
749	2615	0
749	2618	0
749	3038	0
749	3076	0
749	3139	0
750	344	0
750	517	1
750	716	1
750	1224	1
750	1301	0
750	1806	0
750	2270	1
750	2370	0
750	2863	1
750	3254	0
751	3	0
751	20	1
751	137	0
751	228	1
751	1176	0
751	1394	1
751	1994	1
751	2600	0
751	2672	0
751	2910	1
752	135	0
752	379	0
752	491	0
752	1816	1
752	1856	1
752	2475	0
752	2619	1
752	3065	1
752	3066	1
752	3156	0
753	150	0
753	510	0
753	512	0
753	750	1
753	1110	0
753	1555	1
753	1906	1
753	2154	0
753	2920	1
753	3129	1
754	328	0
754	350	1
754	926	1
754	1181	1
754	1637	0
754	2075	0
754	2307	0
754	2782	1
754	2815	0
754	3221	1
755	281	1
755	322	1
755	529	0
755	1042	0
755	1468	1
755	1848	0
755	2019	0
755	2283	1
755	2913	1
755	3205	0
756	661	0
756	1016	0
756	1047	0
756	1424	1
756	2004	0
756	2135	0
756	2319	1
756	2522	1
756	2794	1
756	3011	1
757	389	0
757	943	1
757	1095	1
757	1141	0
757	1198	0
757	1234	1
757	2315	0
757	2438	0
757	2978	1
757	3076	1
758	25	0
758	541	0
758	797	1
758	1803	1
758	1872	1
758	2216	1
758	2275	0
758	2519	0
758	2927	1
758	3038	0
759	590	0
759	845	0
759	856	1
759	1211	1
759	1630	0
759	2384	0
759	2756	1
759	2818	1
759	2877	1
759	3107	0
760	173	0
760	967	0
760	1399	1
760	2118	0
760	2644	0
760	2689	0
760	2708	1
760	2842	1
760	2938	1
760	2984	1
761	140	0
761	315	0
761	527	1
761	592	1
761	1921	1
761	2311	0
761	2608	0
761	2938	1
761	3007	0
761	3038	1
762	344	1
762	523	1
762	935	1
762	1005	0
762	1982	0
762	2216	1
762	2378	0
762	2467	0
762	2860	1
762	3138	0
763	394	0
763	731	0
763	923	0
763	924	1
763	1050	1
763	1745	0
763	1825	1
763	2278	0
763	2477	1
763	2798	1
764	295	0
764	818	1
764	1297	0
764	1512	1
764	2178	1
764	2627	0
764	2747	1
764	2832	0
764	2903	0
764	3163	1
765	895	1
765	1006	1
765	1550	0
765	2046	0
765	2179	1
765	2449	1
765	2583	0
765	2619	0
765	2816	1
765	3159	0
766	641	0
766	924	1
766	933	1
766	1032	0
766	1550	1
766	1864	0
766	2312	1
766	2418	1
766	2619	0
766	3163	0
767	605	1
767	1267	1
767	1301	0
767	1363	0
767	2238	1
767	2480	1
767	2557	0
767	2753	0
767	3007	0
767	3017	1
768	22	1
768	260	1
768	624	1
768	1573	0
768	1648	1
768	1757	0
768	2613	0
768	2990	1
768	3241	0
768	3256	0
769	653	1
769	1220	0
769	1226	1
769	1266	1
769	1796	1
769	1974	0
769	2073	0
769	2159	0
769	2644	0
769	2818	1
770	160	1
770	442	1
770	625	0
770	656	1
770	807	0
770	1532	0
770	2000	1
770	2401	1
770	2901	0
770	3067	0
771	1008	0
771	1361	1
771	1552	1
771	1629	1
771	2164	0
771	2634	1
771	2674	0
771	2791	1
771	3146	0
771	3203	0
772	250	1
772	601	0
772	960	1
772	989	1
772	1394	1
772	1548	1
772	1730	0
772	1806	0
772	2570	0
772	2764	0
773	110	1
773	506	0
773	1375	1
773	1841	0
773	1860	1
773	2164	0
773	2384	0
773	2690	0
773	2794	1
773	2823	1
774	387	1
774	442	0
774	687	1
774	1352	0
774	2106	1
774	2278	0
774	2878	1
774	2956	0
774	2965	1
774	3178	0
775	45	1
775	351	0
775	587	0
775	640	0
775	1117	1
775	1856	1
775	2350	0
775	3131	0
775	3156	1
775	3213	1
776	239	0
776	379	1
776	1213	0
776	1592	0
776	1929	1
776	2143	1
776	2296	0
776	2408	1
776	2718	1
776	3038	0
777	548	0
777	902	1
777	1181	1
777	1384	1
777	1483	1
777	2034	0
777	2151	1
777	2778	0
777	3086	0
777	3200	0
778	158	0
778	424	1
778	449	0
778	845	1
778	970	0
778	1545	0
778	1612	0
778	1812	1
778	1998	1
778	2575	1
779	487	1
779	1231	1
779	1729	0
779	1974	0
779	1983	0
779	2017	0
779	2105	1
779	2719	0
779	2848	1
779	3019	1
780	180	1
780	341	0
780	758	0
780	1107	1
780	1324	0
780	2247	1
780	2330	1
780	2628	1
780	3216	0
780	3221	0
781	251	0
781	336	1
781	908	1
781	1625	0
781	1972	1
781	2266	0
781	2316	1
781	2496	0
781	2783	0
781	3017	1
782	323	0
782	425	1
782	615	1
782	623	0
782	1007	0
782	1227	1
782	1715	0
782	1764	0
782	2157	1
782	2299	1
783	29	1
783	552	0
783	568	0
783	606	1
783	741	1
783	1075	0
783	1413	1
783	2066	1
783	2794	0
783	3165	0
784	550	1
784	1116	0
784	1136	0
784	1226	1
784	1514	1
784	2005	0
784	2020	1
784	2088	0
784	2337	1
784	3086	0
785	154	1
785	845	0
785	1187	0
785	1527	0
785	1679	1
785	2077	0
785	2109	1
785	2118	1
785	2517	0
785	2756	1
786	108	1
786	733	1
786	994	1
786	1024	0
786	1063	0
786	1552	0
786	1746	1
786	2418	0
786	2557	0
786	2752	1
787	14	0
787	39	1
787	1375	1
787	1512	1
787	1605	1
787	2253	0
787	2562	0
787	2791	0
787	2980	1
787	3010	0
788	111	1
788	257	0
788	1175	0
788	1227	0
788	1724	1
788	2160	1
788	2783	0
788	3039	0
788	3212	1
788	3227	1
789	403	1
789	939	0
789	1484	1
789	1860	1
789	1883	0
789	2418	1
789	2650	0
789	2950	0
789	3156	1
789	3163	0
790	523	1
790	1007	0
790	1201	0
790	1211	1
790	1224	0
790	1552	1
790	2619	0
790	2875	0
790	2881	1
790	3195	1
791	459	0
791	733	0
791	1454	1
791	1791	1
791	1864	0
791	1891	1
791	1907	1
791	2386	1
791	2743	0
791	2868	0
792	119	0
792	568	0
792	885	1
792	1116	0
792	1636	1
792	1890	0
792	1969	1
792	2437	0
792	2551	1
792	3244	1
793	336	0
793	503	0
793	507	1
793	994	1
793	1432	1
793	2141	0
793	2916	0
793	3043	0
793	3068	1
793	3217	1
794	208	1
794	1017	1
794	1117	0
794	1601	1
794	1816	1
794	1834	1
794	2088	0
794	2157	0
794	2343	0
794	3021	0
795	180	1
795	466	1
795	477	1
795	1037	0
795	1040	0
795	1399	0
795	1675	0
795	2253	1
795	2477	0
795	2858	1
796	336	0
796	490	0
796	507	0
796	960	1
796	1117	1
796	1615	0
796	2593	1
796	2833	0
796	2995	1
796	3213	1
797	85	0
797	174	1
797	640	0
797	1036	1
797	1234	1
797	1834	1
797	2337	0
797	2595	1
797	3066	0
797	3213	0
798	86	1
798	552	0
798	1215	1
798	1255	1
798	2557	0
798	2627	1
798	2706	0
798	2828	0
798	2920	1
798	3223	0
799	54	1
799	169	1
799	743	0
799	1224	0
799	1247	0
799	1544	1
799	1892	0
799	2235	0
799	2836	1
799	2860	1
800	167	1
800	221	1
800	257	0
800	497	1
800	517	0
800	924	0
800	1002	0
800	1375	1
800	2517	0
800	3056	1
801	46	0
801	123	1
801	237	0
801	497	0
801	503	1
801	1017	1
801	1591	1
801	2073	0
801	2221	1
801	3131	0
802	453	0
802	661	0
802	667	1
802	1682	1
802	1784	1
802	2010	0
802	2112	0
802	2517	1
802	2814	1
802	2831	0
803	390	1
803	520	0
803	550	1
803	625	0
803	850	0
803	1820	0
803	2281	1
803	2449	0
803	2768	1
803	2834	1
804	664	1
804	1194	0
804	1220	1
804	1365	0
804	1552	1
804	1562	0
804	1864	0
804	1920	1
804	2375	0
804	2938	1
805	221	1
805	252	1
805	1138	1
805	1181	0
805	1266	1
805	2361	0
805	2459	0
805	2583	0
805	2938	0
805	3138	1
806	9	0
806	360	1
806	664	1
806	1142	1
806	1937	1
806	2348	0
806	2449	0
806	2828	0
806	3019	0
806	3059	1
807	135	0
807	400	0
807	1207	1
807	1523	1
807	1560	0
807	1730	0
807	2375	1
807	2460	0
807	2484	1
807	2863	1
808	243	0
808	369	1
808	472	0
808	807	0
808	1213	1
808	1363	1
808	1864	0
808	2042	0
808	2362	1
808	2739	1
809	43	0
809	85	1
809	319	0
809	1223	1
809	1303	0
809	1552	1
809	1593	0
809	1870	1
809	2141	0
809	2984	1
810	845	0
810	1093	1
810	1156	1
810	1346	1
810	1552	0
810	2282	1
810	2449	0
810	2465	1
810	2523	0
810	3200	0
811	15	0
811	847	1
811	908	1
811	998	1
811	1840	0
811	2088	0
811	2109	1
811	2818	1
811	2819	0
811	2920	0
812	507	1
812	585	1
812	866	0
812	1004	0
812	1056	0
812	1125	1
812	1711	1
812	1856	0
812	2914	0
812	2960	1
813	207	1
813	834	1
813	939	0
813	1513	0
813	1636	1
813	1724	1
813	1757	1
813	1921	0
813	2556	0
813	3254	0
814	136	0
814	360	1
814	503	1
814	597	0
814	1226	1
814	1333	1
814	2274	1
814	2670	0
814	2708	0
814	2761	0
815	360	0
815	506	1
815	968	0
815	1363	1
815	1523	0
815	1570	1
815	1847	1
815	2425	1
815	3085	0
815	3139	0
816	135	0
816	243	0
816	341	0
816	502	1
816	697	1
816	1222	0
816	1724	1
816	1841	1
816	2041	0
816	2375	1
817	8	0
817	548	1
817	604	1
817	648	0
817	1284	1
817	1446	1
817	1841	0
817	2400	0
817	2618	0
817	2640	1
818	531	0
818	745	1
818	1081	0
818	1533	1
818	1566	1
818	1841	0
818	2555	0
818	2558	1
818	2690	0
818	3214	1
819	171	0
819	202	1
819	503	0
819	738	1
819	989	1
819	1133	1
819	1439	0
819	1615	1
819	1914	0
819	2312	0
820	101	0
820	148	0
820	490	1
820	926	1
820	1349	0
820	1614	0
820	2222	1
820	2484	1
820	2833	0
820	3221	1
821	314	0
821	537	0
821	748	1
821	1117	0
821	1241	0
821	1361	1
821	1577	1
821	1757	0
821	1897	1
821	2995	1
822	818	1
822	945	0
822	981	1
822	1285	1
822	1301	1
822	1576	0
822	1797	0
822	1984	0
822	2080	0
822	2916	1
823	831	0
823	975	1
823	1300	0
823	1512	1
823	1724	0
823	1744	0
823	1936	1
823	2462	1
823	2582	1
823	3078	0
824	626	1
824	1192	0
824	2015	1
824	2178	0
824	2293	0
824	2595	1
824	2691	1
824	3170	0
824	3219	1
824	3221	0
825	404	1
825	938	1
825	1066	1
825	1269	0
825	1305	0
825	1860	0
825	2828	0
825	3000	0
825	3131	1
825	3213	1
826	206	1
826	603	1
826	930	0
826	1702	1
826	1709	0
826	1783	1
826	2337	1
826	2722	0
826	2894	0
826	3178	0
827	4	0
827	294	1
827	1064	1
827	2109	0
827	2387	0
827	2459	1
827	2519	1
827	2597	0
827	2619	1
827	3207	0
828	131	0
828	208	1
828	791	0
828	904	1
828	1160	1
828	1394	1
828	2708	1
828	2909	0
828	3221	0
828	3253	0
829	34	0
829	834	1
829	933	0
829	1002	1
829	1319	0
829	1755	1
829	2217	0
829	2570	1
829	2619	0
829	2917	1
830	174	1
830	239	0
830	257	1
830	641	1
830	1028	1
830	1204	1
830	1512	0
830	2049	0
830	3181	0
830	3195	0
831	175	1
831	332	0
831	561	1
831	1062	1
831	1365	1
831	1368	0
831	1649	1
831	2157	0
831	2321	0
831	3082	0
832	148	1
832	366	1
832	920	1
832	1031	1
832	1119	1
832	1139	0
832	1523	0
832	2386	0
832	2626	0
832	3178	0
833	221	1
833	1370	0
833	1724	0
833	1972	0
833	2305	0
833	2684	1
833	2956	0
833	3045	1
833	3156	1
833	3232	1
834	299	1
834	307	1
834	369	0
834	441	1
834	532	0
834	1129	0
834	1330	1
834	1803	1
834	1921	0
834	3213	0
835	158	0
835	239	0
835	299	0
835	891	1
835	1362	1
835	1562	1
835	1746	1
835	2512	0
835	2823	1
835	3163	0
836	252	0
836	644	1
836	701	0
836	842	0
836	1603	1
836	1897	0
836	2151	1
836	2661	1
836	2794	1
836	3129	0
837	222	1
837	340	1
837	507	0
837	998	0
837	1002	0
837	1217	0
837	1784	1
837	2116	1
837	2259	1
837	2988	0
838	257	1
838	294	1
838	423	0
838	989	0
838	1242	0
838	1358	0
838	1429	1
838	1555	1
838	2164	0
838	2644	1
839	716	1
839	1213	0
839	1474	1
839	1672	0
839	1687	1
839	1888	1
839	2157	1
839	2583	0
839	2634	0
839	3163	0
840	376	0
840	518	0
840	831	1
840	1032	1
840	1772	0
840	1921	1
840	2328	1
840	2582	0
840	2660	0
840	3010	1
841	86	0
841	246	0
841	334	1
841	420	1
841	608	1
841	820	0
841	2400	0
841	2482	1
841	2732	0
841	2804	1
842	206	1
842	1009	0
842	1126	0
842	1555	0
842	1680	0
842	1929	1
842	2464	0
842	2477	1
842	2662	1
842	2848	1
843	208	1
843	1484	0
843	1636	1
843	2088	0
843	2273	1
843	2672	1
843	2743	1
843	2770	0
843	2981	0
843	3005	0
844	224	1
844	319	0
844	487	1
844	845	0
844	920	1
844	1410	0
844	1546	0
844	1614	1
844	3039	0
844	3075	1
845	516	0
845	1744	0
845	1806	1
845	1834	1
845	1964	0
845	2057	1
845	2195	1
845	2648	0
845	2660	1
845	3091	0
846	6	0
846	56	1
846	221	0
846	926	1
846	1702	0
846	1796	1
846	2098	1
846	2585	0
846	2847	0
846	3048	1
847	279	1
847	450	0
847	957	0
847	977	1
847	1213	1
847	1469	0
847	1570	1
847	1991	1
847	2049	0
847	2132	0
848	274	0
848	550	1
848	944	0
848	1046	1
848	1207	1
848	1266	1
848	1305	0
848	2073	0
848	2109	1
848	2129	0
849	26	1
849	221	0
849	312	0
849	713	0
849	716	0
849	931	0
849	1632	1
849	1929	1
849	2256	1
849	2308	1
850	527	1
850	544	0
850	1714	1
850	1790	1
850	2008	0
850	2273	1
850	2540	0
850	2661	0
850	2818	0
850	3213	1
851	135	0
851	493	0
851	497	0
851	503	0
851	1552	1
851	1790	0
851	1834	1
851	2418	1
851	2863	1
851	3156	1
852	49	0
852	874	1
852	885	1
852	2241	1
852	2291	1
852	2392	0
852	2419	1
852	2526	0
852	2875	0
852	3044	0
853	1334	0
853	1363	1
853	1803	0
853	1977	0
853	2118	1
853	2279	0
853	2425	1
853	2818	1
853	3121	0
853	3200	1
854	209	0
854	540	1
854	654	0
854	1067	0
854	2012	0
854	2084	1
854	2418	1
854	2521	0
854	2848	1
854	3220	1
855	497	0
855	1454	0
855	1629	1
855	1860	1
855	2327	1
855	2526	0
855	2541	1
855	3010	0
855	3078	0
855	3156	1
856	165	0
856	319	1
856	804	1
856	1023	0
856	1466	0
856	1475	0
856	1854	0
856	2327	1
856	2704	1
856	2968	1
857	515	1
857	917	0
857	1016	1
857	1332	0
857	1605	1
857	2083	0
857	2143	1
857	2611	0
857	2848	1
857	3200	0
858	237	1
858	500	0
858	550	0
858	648	0
858	872	0
858	901	1
858	1166	1
858	1481	0
858	1724	1
858	1850	1
859	390	0
859	656	0
859	796	1
859	1790	0
859	1907	1
859	2418	1
859	2731	1
859	2760	1
859	2960	0
859	3076	0
860	1036	0
860	1636	1
860	2001	0
860	2157	1
860	2201	0
860	2453	1
860	2463	1
860	2619	0
860	2753	0
860	2818	1
861	503	1
861	507	1
861	1612	1
861	2016	0
861	2138	0
861	2222	0
861	2277	1
861	2418	1
861	2815	0
861	3126	0
862	85	1
862	104	1
862	1014	0
862	2393	0
862	2467	0
862	2495	0
862	2595	1
862	2819	1
862	2978	0
862	3035	1
863	162	0
863	244	0
863	532	0
863	938	1
863	1047	1
863	1571	1
863	1929	1
863	2337	1
863	2548	0
863	3038	0
864	30	1
864	1406	0
864	1439	1
864	1474	1
864	1907	0
864	2151	0
864	2312	1
864	2375	0
864	2484	0
864	3105	1
865	164	1
865	209	0
865	731	0
865	1682	1
865	1729	0
865	2178	1
865	2254	0
865	2978	1
865	3044	1
865	3094	0
866	366	0
866	624	1
866	941	0
866	1133	1
866	1138	0
866	1333	1
866	1631	0
866	1835	1
866	1892	0
866	2557	1
867	88	1
867	732	1
867	854	0
867	1297	0
867	1389	0
867	1803	1
867	2022	1
867	2219	1
867	2325	0
867	3220	0
868	33	1
868	169	0
868	202	1
868	606	1
868	758	1
868	1006	1
868	1304	0
868	2435	0
868	2643	0
868	3078	0
869	361	0
869	1213	0
869	1306	1
869	1399	0
869	1796	1
869	1990	0
869	2583	1
869	2760	0
869	3086	1
869	3177	1
870	102	0
870	350	0
870	949	1
870	1324	0
870	1590	0
870	1737	1
870	1953	0
870	2557	1
870	2627	1
870	3203	1
871	352	1
871	447	1
871	487	1
871	738	0
871	806	0
871	995	1
871	1694	0
871	2278	0
871	2482	1
871	2979	0
872	299	1
872	336	0
872	555	1
872	636	0
872	1642	1
872	1894	0
872	2049	1
872	2782	0
872	3019	1
872	3107	0
873	277	0
873	398	0
873	1004	1
873	1046	1
873	1059	0
873	1075	0
873	1716	0
873	1975	1
873	2023	1
873	3140	1
874	80	0
874	157	1
874	237	1
874	298	0
874	661	0
874	678	1
874	791	0
874	1879	1
874	2133	0
874	2522	1
875	110	1
875	453	0
875	1266	1
875	1267	1
875	1271	0
875	1997	1
875	2595	1
875	2941	0
875	3020	0
875	3220	0
876	212	0
876	721	0
876	926	0
876	1663	1
876	1762	1
876	1818	1
876	2037	0
876	2418	1
876	2611	1
876	2910	0
877	92	0
877	495	1
877	847	0
877	1062	0
877	1629	1
877	1803	1
877	1931	0
877	2046	1
877	2311	0
877	2925	1
878	88	1
878	463	1
878	1560	0
878	2109	1
878	2157	0
878	2289	0
878	2583	0
878	2717	1
878	2734	0
878	2776	1
879	33	1
879	155	0
879	162	1
879	312	1
879	552	0
879	1172	0
879	2159	0
879	2299	1
879	2388	0
879	3017	1
880	165	0
880	299	1
880	1979	1
880	2109	0
880	2125	0
880	2155	0
880	2374	0
880	2517	1
880	2700	1
880	2798	1
881	60	0
881	316	0
881	523	0
881	550	1
881	1017	1
881	1629	1
881	1888	1
881	2266	0
881	2760	0
881	3059	1
882	648	1
882	1207	1
882	1239	0
882	1266	1
882	1972	0
882	2032	1
882	2756	0
882	2818	1
882	3019	0
882	3178	0
883	506	1
883	1078	1
883	1485	1
883	1907	0
883	2118	1
883	2337	1
883	2425	0
883	2590	0
883	2819	0
883	2848	0
884	173	1
884	583	0
884	672	0
884	1301	0
884	1571	0
884	2019	1
884	2038	1
884	2043	0
884	2445	1
884	2453	1
885	336	1
885	938	1
885	970	0
885	1066	1
885	1927	1
885	2407	0
885	2533	0
885	2884	0
885	2916	1
885	3226	0
886	45	0
886	120	0
886	608	1
886	896	0
886	1020	0
886	2380	1
886	2588	0
886	2599	1
886	2749	1
886	3187	1
887	39	1
887	238	1
887	1148	0
887	1545	1
887	1972	0
887	2862	0
887	2990	0
887	3039	1
887	3195	1
887	3238	0
888	208	1
888	453	0
888	737	1
888	1172	0
888	1676	0
888	1776	1
888	2277	1
888	2278	0
888	2460	0
888	2981	1
889	336	0
889	620	0
889	851	1
889	944	1
889	1017	1
889	1146	1
889	1552	1
889	1894	0
889	2512	0
889	2794	0
890	209	0
890	854	0
890	933	1
890	935	1
890	938	1
890	1146	0
890	1307	0
890	1990	1
890	2311	0
890	2928	1
891	477	1
891	626	0
891	810	1
891	1211	0
891	1582	1
891	1702	0
891	2421	1
891	2634	0
891	2836	0
891	3066	1
892	457	1
892	1172	0
892	1194	0
892	1523	1
892	2132	0
892	2406	0
892	2555	1
892	2706	1
892	2818	1
892	3117	0
893	167	1
893	302	0
893	513	0
893	1155	0
893	1605	0
893	1952	0
893	2477	1
893	2863	1
893	2940	1
893	3114	1
894	319	0
894	479	1
894	507	1
894	552	1
894	1307	0
894	1719	0
894	2425	1
894	3131	1
894	3152	0
894	3213	0
895	257	0
895	310	1
895	900	0
895	1193	1
895	1552	1
895	2109	1
895	2644	0
895	2761	0
895	3131	0
895	3138	1
896	102	0
896	140	0
896	1485	1
896	1552	1
896	1566	0
896	1892	1
896	2361	0
896	2634	0
896	3017	1
896	3181	1
897	503	1
897	515	0
897	1221	1
897	1714	0
897	1914	1
897	1955	1
897	2016	0
897	2098	0
897	2234	0
897	2407	1
898	34	0
898	566	0
898	1380	1
898	1498	0
898	1746	0
898	1808	1
898	2277	1
898	2431	0
898	2445	1
898	2686	1
899	287	1
899	824	0
899	938	1
899	1234	1
899	1327	0
899	1577	0
899	2455	1
899	2862	0
899	3019	1
899	3245	0
900	517	1
900	977	1
900	1135	1
900	1785	0
900	1927	0
900	2170	0
900	2579	0
900	2968	0
900	3001	1
900	3066	1
901	46	0
901	208	1
901	586	0
901	817	0
901	1520	1
901	1774	1
901	2305	0
901	2708	0
901	2818	1
901	2877	1
902	117	0
902	237	1
902	1032	0
902	1340	1
902	1513	0
902	1816	0
902	1892	1
902	2327	1
902	2618	0
902	3139	1
903	350	1
903	578	0
903	985	0
903	1117	1
903	1194	0
903	1702	1
903	1858	0
903	2046	1
903	2442	0
903	3221	1
904	100	0
904	479	0
904	1336	1
904	1542	0
904	1754	0
904	2373	0
904	2454	1
904	3130	1
904	3213	1
904	3224	1
905	360	0
905	653	1
905	932	0
905	1848	1
905	2151	1
905	2220	0
905	2221	1
905	2425	1
905	2719	0
905	2924	0
906	592	1
906	675	1
906	1118	0
906	1266	1
906	1305	0
906	1630	0
906	2151	1
906	2978	0
906	3020	1
906	3221	0
907	265	0
907	1530	0
907	1652	1
907	2877	1
907	2934	0
907	3017	1
907	3026	0
907	3066	1
907	3213	1
907	3216	0
908	460	1
908	1239	0
908	1370	0
908	1790	1
908	2235	0
908	2309	1
908	2327	0
908	2455	1
908	2517	1
908	3220	0
909	88	1
909	900	0
909	935	1
909	1595	0
909	1687	1
909	2137	0
909	2187	1
909	2274	1
909	2455	0
909	2910	0
910	1062	0
910	1605	1
910	1788	1
910	2133	0
910	2361	1
910	2437	1
910	2694	0
910	2736	1
910	2774	0
910	2996	0
911	387	1
911	549	1
911	924	1
911	1314	0
911	1399	1
911	1652	0
911	1858	0
911	2045	0
911	2509	1
911	3048	0
912	92	0
912	254	1
912	1032	1
912	1227	0
912	1389	0
912	1513	1
912	2047	1
912	2072	1
912	2984	0
912	3115	0
913	85	1
913	239	1
913	251	1
913	1118	0
913	1622	0
913	1779	0
913	1841	0
913	2529	1
913	3037	0
913	3163	1
914	518	0
914	845	0
914	901	1
914	2421	1
914	2513	1
914	2793	0
914	3010	0
914	3017	1
914	3107	0
914	3156	1
915	615	1
915	827	0
915	985	1
915	1029	0
915	1093	0
915	2273	1
915	2797	0
915	2978	1
915	3043	1
915	3238	0
916	101	1
916	208	1
916	342	0
916	850	0
916	1644	0
916	1760	1
916	2030	0
916	2669	0
916	3019	1
916	3215	1
917	190	1
917	851	1
917	1076	0
917	1614	0
917	2077	0
917	2455	1
917	2848	1
917	2936	1
917	3060	0
917	3106	0
918	1217	0
918	1681	0
918	1979	0
918	2230	0
918	2551	1
918	2661	1
918	2680	0
918	2689	1
918	2745	1
918	2848	1
919	184	1
919	283	0
919	319	1
919	538	1
919	949	0
919	1104	1
919	1884	0
919	2245	0
919	2784	0
919	3036	1
920	503	0
920	507	0
920	554	0
920	1138	1
920	1266	1
920	1998	1
920	2299	1
920	2461	1
920	2691	0
920	2809	0
921	149	1
921	496	0
921	507	0
921	671	0
921	1379	0
921	1533	1
921	2151	1
921	2600	1
921	2844	0
921	3181	1
922	221	0
922	257	0
922	933	1
922	1267	1
922	1439	0
922	1589	1
922	2118	1
922	2295	0
922	2595	1
922	2818	0
923	33	0
923	576	0
923	639	1
923	1098	0
923	1495	1
923	1630	1
923	1834	0
923	2499	1
923	2755	0
923	2858	1
924	85	0
924	360	0
924	644	0
924	872	0
924	938	1
924	1333	1
924	1512	1
924	1652	1
924	1974	0
924	2913	1
925	789	0
925	968	0
925	1006	1
925	1552	0
925	1937	0
925	2010	1
925	2134	0
925	2418	1
925	2863	1
925	3181	1
926	440	0
926	759	1
926	867	1
926	1117	1
926	1465	1
926	1636	0
926	1772	0
926	2722	0
926	3010	0
926	3194	1
927	302	0
927	847	1
927	967	1
927	1088	0
927	1269	1
927	1605	1
927	1969	1
927	2285	0
927	3213	0
927	3254	0
928	299	1
928	411	0
928	533	1
928	552	0
928	891	1
928	1032	0
928	1138	0
928	2361	0
928	2618	1
928	2863	1
929	523	1
929	970	0
929	990	0
929	1783	1
929	2151	0
929	2195	0
929	2281	1
929	2591	1
929	2696	0
929	2950	1
930	111	0
930	247	0
930	592	0
930	1032	1
930	1790	1
930	2208	1
930	2418	1
930	3042	0
930	3187	0
930	3254	1
931	102	0
931	148	1
931	866	1
931	1495	0
931	1590	1
931	2061	0
931	2619	0
931	2995	1
931	3019	0
931	3241	1
932	183	1
932	592	1
932	674	0
932	1024	1
932	1486	0
932	2361	0
932	2571	0
932	2670	1
932	2684	0
932	2979	1
933	135	0
933	390	0
933	847	0
933	850	1
933	908	1
933	1006	1
933	1565	1
933	1614	0
933	1856	1
933	2288	0
934	1123	0
934	1207	1
934	1226	0
934	1255	0
934	1266	0
934	1454	1
934	1784	1
934	2299	0
934	2848	1
934	3232	1
935	169	1
935	403	1
935	508	0
935	626	1
935	1118	1
935	1565	1
935	1655	0
935	1730	0
935	1806	0
935	1888	0
936	21	0
936	566	1
936	665	0
936	1138	1
936	1226	1
936	1652	0
936	1746	1
936	2501	0
936	3020	1
936	3095	0
937	140	0
937	403	0
937	1269	1
937	1476	0
937	1891	1
937	1894	1
937	1907	1
937	2281	1
937	2753	0
937	3138	0
938	506	0
938	1207	1
938	1370	1
938	1560	0
938	2373	0
938	2501	1
938	2557	0
938	2640	0
938	2753	1
938	2816	1
939	654	1
939	1636	1
939	1652	1
939	2319	1
939	2361	0
939	2477	0
939	2582	0
939	3058	0
939	3148	0
939	3156	1
940	424	1
940	940	1
940	1103	0
940	1118	1
940	2151	1
940	2285	0
940	2418	0
940	2910	0
940	2963	0
940	3042	1
941	319	0
941	578	1
941	720	0
941	796	1
941	895	1
941	1615	1
941	1698	0
941	1990	1
941	2201	0
941	2928	0
942	86	0
942	429	1
942	804	1
942	900	0
942	1118	1
942	1744	0
942	1969	1
942	2634	0
942	2944	0
942	3076	1
943	155	0
943	221	1
943	278	0
943	411	0
943	1234	1
943	1877	1
943	2118	1
943	2413	0
943	2651	1
943	2829	0
944	309	0
944	355	0
944	497	0
944	1017	1
944	1266	1
944	1936	0
944	2073	0
944	2793	1
944	2828	1
944	3065	1
945	387	0
945	403	0
945	519	1
945	687	1
945	965	1
945	1218	0
945	1917	0
945	2284	1
945	2594	0
945	2978	1
946	121	1
946	190	0
946	515	1
946	732	1
946	906	0
946	1201	0
946	1202	1
946	2307	0
946	2477	0
946	2484	1
947	643	0
947	1284	1
947	1440	0
947	1485	1
947	1727	1
947	1728	1
947	2211	0
947	2305	0
947	2340	0
947	2595	1
948	183	0
948	246	1
948	297	1
948	661	1
948	1234	0
948	1915	1
948	2270	0
948	2513	0
948	2702	1
948	3236	0
949	171	0
949	252	1
949	784	1
949	920	1
949	1228	1
949	1340	0
949	1523	0
949	2309	1
949	2460	0
949	3031	0
950	70	1
950	366	0
950	687	1
950	1165	0
950	1316	1
950	1418	0
950	1525	0
950	1915	0
950	1972	1
950	3149	1
951	52	1
951	208	1
951	296	0
951	1239	1
951	1632	0
951	1746	0
951	2370	1
951	2833	0
951	2978	0
951	3238	1
952	656	0
952	1199	0
952	1207	1
952	1679	1
952	2016	1
952	2157	1
952	2454	1
952	2557	0
952	2619	0
952	2925	0
953	737	0
953	823	1
953	932	0
953	1116	0
953	1178	1
953	1476	1
953	1970	0
953	2374	0
953	2794	1
953	3220	1
954	945	1
954	1023	0
954	1266	1
954	1539	0
954	1653	1
954	1752	0
954	2021	1
954	2644	0
954	2752	1
954	3038	0
955	380	0
955	654	0
955	896	1
955	1198	0
955	2032	1
955	2157	0
955	2938	1
955	3044	0
955	3087	1
955	3179	1
956	550	1
956	850	1
956	1024	0
956	1353	1
956	1588	1
956	1792	0
956	2893	0
956	2950	0
956	2992	1
956	3151	0
957	319	1
957	515	0
957	930	1
957	1297	1
957	1481	0
957	2023	0
957	2236	0
957	2441	1
957	2684	0
957	3099	1
958	654	0
958	841	0
958	1171	0
958	1271	1
958	1476	1
958	1552	1
958	1649	1
958	2132	0
958	2529	0
958	2619	1
959	274	0
959	457	0
959	960	1
959	1023	0
959	1207	1
959	1363	0
959	2024	1
959	2427	1
959	3044	1
959	3086	0
960	52	0
960	229	0
960	598	1
960	1021	1
960	1243	0
960	1670	1
960	1917	0
960	2108	0
960	2282	1
960	3185	1
961	102	1
961	316	0
961	434	1
961	1670	0
961	1797	1
961	1974	0
961	2218	0
961	2407	1
961	2753	0
961	2776	1
962	403	0
962	425	1
962	1047	0
962	1227	0
962	1280	0
962	1520	1
962	1948	1
962	2585	0
962	2652	1
962	3043	1
963	171	0
963	486	0
963	1797	1
963	1879	1
963	2117	0
963	2278	0
963	2732	1
963	2779	0
963	3078	1
963	3182	1
964	278	0
964	302	1
964	968	1
964	1340	0
964	1629	1
964	1803	1
964	2061	1
964	2213	0
964	3057	0
964	3221	0
965	64	1
965	221	1
965	720	1
965	970	0
965	985	1
965	1148	0
965	1358	0
965	2278	0
965	2373	0
965	2794	1
966	169	1
966	203	1
966	410	1
966	757	0
966	910	1
966	1694	0
966	1764	0
966	2221	0
966	2676	1
966	2716	0
967	552	1
967	1513	1
967	1552	1
967	1555	1
967	1770	0
967	2011	0
967	2049	0
967	2760	0
967	2920	0
967	2960	1
968	344	1
968	370	0
968	1487	1
968	1989	0
968	2348	0
968	2458	1
968	2760	1
968	2778	1
968	2896	0
968	3181	0
969	297	1
969	478	0
969	1184	0
969	1484	0
969	1655	0
969	1883	0
969	2268	1
969	2496	1
969	2523	1
969	3220	1
970	183	1
970	640	0
970	842	0
970	931	0
970	1095	0
970	1363	1
970	1563	1
970	1724	0
970	1850	1
970	2731	1
971	422	0
971	560	0
971	1066	1
971	1250	0
971	1533	0
971	1832	1
971	2320	1
971	2511	0
971	2562	1
971	2849	1
972	404	1
972	847	0
972	1123	1
972	1305	0
972	1924	1
972	2238	1
972	2352	1
972	2453	0
972	2651	0
972	3099	0
973	257	0
973	403	1
973	1024	1
973	1255	1
973	1280	0
973	1565	1
973	2407	0
973	2427	0
973	2942	1
973	3239	0
974	654	1
974	1075	1
974	1370	0
974	1446	1
974	1663	0
974	1800	1
974	1931	1
974	2090	0
974	2109	0
974	2690	0
975	66	0
975	126	1
975	606	1
975	1675	0
975	1681	1
975	2024	0
975	2046	1
975	2598	0
975	2849	1
975	2946	0
976	122	0
976	181	0
976	1284	1
976	1313	0
976	1771	1
976	2466	1
976	2713	1
976	2941	0
976	3049	0
976	3138	1
977	390	0
977	550	0
977	624	0
977	664	1
977	813	1
977	1339	0
977	1907	0
977	2352	1
977	2546	1
977	2888	1
978	43	0
978	80	1
978	540	0
978	1340	0
978	1495	1
978	1735	0
978	2299	1
978	2345	0
978	2691	1
978	3213	1
979	867	1
979	1118	1
979	1591	1
979	1730	0
979	1893	0
979	2526	0
979	2627	0
979	2916	1
979	3049	1
979	3196	0
980	640	0
980	1239	1
980	1332	0
980	1892	0
980	2277	1
980	2280	1
980	2519	1
980	2555	1
980	2955	0
980	3094	0
981	47	0
981	100	0
981	558	1
981	577	0
981	1590	0
981	1760	1
981	1832	0
981	1850	1
981	2320	1
981	2782	1
982	388	1
982	960	1
982	1003	0
982	1171	0
982	1340	1
982	1652	1
982	1775	0
982	2135	0
982	2603	0
982	2941	1
983	653	1
983	1138	0
983	2116	0
983	2151	1
983	2152	1
983	2158	0
983	2421	1
983	2477	0
983	2484	0
983	3238	1
984	164	0
984	278	0
984	838	0
984	1340	0
984	1582	1
984	1652	1
984	1964	1
984	2651	1
984	2760	0
984	3078	1
985	222	0
985	225	1
985	298	0
985	793	1
985	1250	1
985	1264	0
985	1649	1
985	2104	0
985	2361	0
985	2920	1
986	257	1
986	299	1
986	804	1
986	848	0
986	1088	1
986	1283	1
986	1418	0
986	1552	0
986	2483	0
986	2925	0
987	479	1
987	940	0
987	1221	0
987	1636	1
987	1746	0
987	2343	0
987	2454	1
987	2706	1
987	3021	0
987	3232	1
988	344	1
988	403	0
988	720	1
988	772	0
988	1009	1
988	1027	1
988	1514	1
988	1560	0
988	3013	0
988	3111	0
989	213	0
989	250	0
989	585	1
989	653	1
989	995	0
989	1139	1
989	1341	0
989	1476	1
989	2505	0
989	2518	1
990	153	1
990	216	1
990	400	1
990	578	0
990	1255	0
990	1566	0
990	2858	1
990	3154	1
990	3252	0
990	3254	0
991	221	0
991	760	0
991	994	0
991	1614	1
991	1702	0
991	1774	0
991	2353	1
991	2483	1
991	2834	1
991	3139	1
992	174	1
992	1036	1
992	1117	1
992	1476	1
992	1717	0
992	1877	0
992	1955	0
992	2619	1
992	2794	0
992	2938	0
993	173	1
993	617	0
993	1239	0
993	2046	1
993	2169	1
993	2277	0
993	2374	1
993	2595	0
993	2704	1
993	2745	0
994	319	0
994	867	1
994	1283	1
994	1566	0
994	1956	0
994	2151	1
994	2222	0
994	2421	1
994	2484	1
994	2878	0
995	319	0
995	531	0
995	654	1
995	716	1
995	1513	0
995	1683	1
995	1964	1
995	2691	0
995	2884	0
995	2984	1
996	316	0
996	623	0
996	1192	0
996	1332	0
996	1591	1
996	1746	1
996	2220	0
996	2421	1
996	2914	1
996	3038	1
997	52	0
997	106	0
997	643	1
997	1216	0
997	1654	0
997	1994	0
997	2026	1
997	2133	1
997	2320	1
997	3224	1
998	403	1
998	649	1
998	1226	1
998	1227	1
998	1439	0
998	1527	0
998	1672	0
998	1731	0
998	2330	0
998	2661	1
999	379	0
999	800	1
999	804	1
999	891	0
999	1681	0
999	2463	1
999	2635	0
999	2932	0
999	2940	1
999	3051	1
1000	449	0
1000	534	1
1000	1358	1
1000	1359	1
1000	1484	0
1000	2479	0
1000	2564	0
1000	2661	1
1000	3045	0
1000	3232	1
1001	56	0
1001	850	1
1001	998	0
1001	1301	0
1001	1340	0
1001	1632	1
1001	2001	1
1001	2023	1
1001	2405	1
1001	3216	0
1002	716	1
1002	777	0
1002	998	1
1002	1139	1
1002	1240	0
1002	1685	0
1002	2299	0
1002	2661	1
1002	2704	1
1002	3152	0
1003	221	1
1003	239	1
1003	403	1
1003	559	0
1003	731	1
1003	1207	0
1003	1711	0
1003	2133	0
1003	2150	0
1003	2270	1
1004	278	1
1004	422	1
1004	970	0
1004	1525	0
1004	1703	0
1004	1717	1
1004	2133	1
1004	2316	0
1004	2455	1
1004	3086	0
1005	204	0
1005	344	1
1005	375	0
1005	908	1
1005	996	1
1005	1085	0
1005	1118	0
1005	2592	1
1005	2860	1
1005	3070	0
1006	615	1
1006	926	0
1006	1106	0
1006	1592	0
1006	1635	1
1006	1649	1
1006	1748	1
1006	1894	0
1006	2327	1
1006	2676	0
1007	86	1
1007	517	1
1007	1002	1
1007	1253	0
1007	2024	1
1007	2163	0
1007	2188	0
1007	2400	0
1007	2539	1
1007	2791	0
1008	804	0
1008	1148	1
1008	1546	1
1008	1784	0
1008	1803	1
1008	2717	1
1008	2822	0
1008	2960	0
1008	3174	1
1008	3180	0
1009	257	1
1009	1454	1
1009	1577	1
1009	1691	0
1009	1746	1
1009	1958	0
1009	1979	0
1009	2768	0
1009	3020	1
1009	3107	0
1010	324	1
1010	650	1
1010	742	0
1010	1013	0
1010	2016	1
1010	2104	0
1010	2662	0
1010	3044	1
1010	3112	0
1010	3173	1
1011	52	1
1011	306	0
1011	339	1
1011	410	1
1011	985	0
1011	1126	0
1011	2023	0
1011	2747	1
1011	2951	1
1011	2978	0
1012	673	1
1012	1175	0
1012	1233	0
1012	1592	0
1012	1834	1
1012	2164	0
1012	2455	1
1012	2690	0
1012	2999	1
1012	3087	1
1013	478	1
1013	1013	1
1013	1087	1
1013	1648	0
1013	1757	0
1013	1953	1
1013	2063	0
1013	2557	0
1013	2932	0
1013	3214	1
1014	135	1
1014	531	1
1014	1092	0
1014	2001	0
1014	2483	0
1014	2661	1
1014	2929	0
1014	3037	1
1014	3038	1
1014	3094	0
1015	108	0
1015	344	1
1015	405	1
1015	1085	1
1015	1485	0
1015	1936	0
1015	2067	0
1015	2427	1
1015	2557	1
1015	3156	0
1016	257	0
1016	457	0
1016	958	0
1016	1630	1
1016	2277	1
1016	2753	1
1016	2776	1
1016	2909	1
1016	2981	0
1016	3253	0
1017	106	0
1017	487	0
1017	928	1
1017	944	0
1017	1432	1
1017	1476	1
1017	1834	0
1017	2157	1
1017	2828	1
1017	3051	0
1018	986	0
1018	1454	1
1018	1487	1
1018	1828	1
1018	2449	1
1018	2465	1
1018	2670	0
1018	2752	0
1018	2988	0
1018	3205	0
1019	33	1
1019	274	1
1019	613	1
1019	640	1
1019	847	0
1019	1340	0
1019	1847	0
1019	1972	0
1019	2496	0
1019	2794	1
1020	415	1
1020	447	1
1020	1431	1
1020	1560	0
1020	1642	1
1020	1879	0
1020	2024	0
1020	2225	0
1020	2421	0
1020	2782	1
1021	260	0
1021	1201	0
1021	1581	1
1021	1943	1
1021	2064	1
1021	2084	0
1021	2419	1
1021	2459	0
1021	2826	0
1021	2952	1
1022	70	1
1022	403	1
1022	1055	1
1022	1156	0
1022	1802	0
1022	1928	0
1022	1972	0
1022	2635	0
1022	2938	1
1022	3085	1
1023	908	1
1023	1280	1
1023	1680	0
1023	1823	1
1023	1860	0
1023	2030	1
1023	2083	0
1023	2496	0
1023	3084	1
1023	3163	0
1024	76	0
1024	305	1
1024	586	0
1024	675	0
1024	932	1
1024	1363	0
1024	1587	0
1024	1648	1
1024	1818	1
1024	3066	1
1025	52	1
1025	648	1
1025	1454	0
1025	1681	0
1025	1788	0
1025	1915	1
1025	2216	1
1025	2329	0
1025	3147	0
1025	3169	1
1026	336	1
1026	513	0
1026	595	0
1026	1370	1
1026	1964	0
1026	2146	0
1026	2278	1
1026	2337	1
1026	3013	0
1026	3094	1
1027	278	1
1027	324	0
1027	783	0
1027	1172	1
1027	1596	0
1027	1760	1
1027	2157	1
1027	2595	1
1027	2809	0
1027	2927	0
1028	506	1
1028	559	0
1028	981	1
1028	1410	0
1028	1615	0
1028	1890	1
1028	2220	0
1028	2565	1
1028	2680	0
1028	2941	1
1029	319	1
1029	498	0
1029	648	1
1029	715	0
1029	1883	0
1029	2299	1
1029	2513	1
1029	2744	1
1029	2815	0
1029	2956	0
1030	531	0
1030	891	1
1030	1043	0
1030	1269	1
1030	1469	0
1030	2447	1
1030	2744	1
1030	3010	1
1030	3021	0
1030	3057	0
1031	6	0
1031	515	1
1031	1088	0
1031	1729	0
1031	1757	0
1031	2217	1
1031	2513	0
1031	2980	1
1031	3017	1
1031	3163	1
1032	390	0
1032	422	0
1032	589	1
1032	659	1
1032	1136	1
1032	1313	0
1032	2387	1
1032	2700	0
1032	2708	1
1032	2713	0
1033	155	0
1033	319	0
1033	502	0
1033	960	1
1033	975	0
1033	1652	1
1033	2327	1
1033	2366	0
1033	2466	1
1033	3163	1
1034	115	1
1034	155	0
1034	537	1
1034	712	1
1034	1165	1
1034	1774	0
1034	2278	0
1034	2635	0
1034	2670	0
1034	2818	1
1035	325	1
1035	495	0
1035	598	1
1035	2285	0
1035	2427	1
1035	2640	0
1035	2783	0
1035	2863	1
1035	3075	0
1035	3214	1
1036	1026	1
1036	2048	0
1036	2307	0
1036	2517	0
1036	2619	1
1036	2646	1
1036	2804	0
1036	2818	1
1036	2877	1
1036	3020	0
1037	52	0
1037	1123	1
1037	1271	0
1037	1746	1
1037	1834	1
1037	2477	0
1037	2557	0
1037	2690	1
1037	2774	0
1037	3066	1
1038	110	0
1038	1142	0
1038	1856	1
1038	1955	1
1038	2016	0
1038	2280	1
1038	2595	1
1038	2828	1
1038	3147	0
1038	3196	0
1039	181	1
1039	507	1
1039	1363	1
1039	1730	0
1039	1746	1
1039	2023	0
1039	2375	0
1039	2797	0
1039	2932	1
1039	3117	0
1040	344	0
1040	415	1
1040	596	1
1040	939	0
1040	1623	0
1040	1902	1
1040	1972	1
1040	2360	0
1040	2418	1
1040	3175	0
1041	400	0
1041	648	1
1041	957	0
1041	1137	1
1041	2216	1
1041	2305	0
1041	2315	1
1041	2359	0
1041	2419	1
1041	2424	0
1042	222	1
1042	237	0
1042	659	1
1042	1129	1
1042	1284	0
1042	1429	0
1042	1618	1
1042	2784	0
1042	2992	1
1042	3226	0
1043	21	0
1043	636	1
1043	1017	1
1043	1424	0
1043	1657	0
1043	1734	0
1043	2217	0
1043	2449	1
1043	3181	1
1043	3184	1
1044	447	1
1044	670	1
1044	967	0
1044	1144	1
1044	1985	1
1044	2318	1
1044	2439	0
1044	2635	0
1044	2717	0
1044	3149	0
1045	64	0
1045	393	1
1045	847	1
1045	1002	0
1045	1418	0
1045	1827	0
1045	2001	1
1045	2399	0
1045	2562	1
1045	2906	1
1046	16	0
1046	88	1
1046	270	0
1046	1605	1
1046	1652	1
1046	2706	0
1046	2734	1
1046	2938	1
1046	2992	0
1046	3065	0
1047	422	1
1047	589	1
1047	612	0
1047	1679	0
1047	1778	0
1047	2109	1
1047	2278	1
1047	2425	1
1047	3129	0
1047	3188	0
1048	1211	1
1048	1870	0
1048	1888	0
1048	2141	0
1048	2337	0
1048	2619	1
1048	2910	1
1048	3086	1
1048	3126	0
1048	3213	1
1049	244	0
1049	397	0
1049	403	1
1049	417	0
1049	731	1
1049	1332	0
1049	1687	0
1049	2327	1
1049	2375	1
1049	3244	1
1050	495	1
1050	603	0
1050	1304	0
1050	1349	1
1050	1439	0
1050	2001	1
1050	2164	0
1050	2234	1
1050	2447	0
1050	3213	1
1051	293	0
1051	559	1
1051	1181	0
1051	1680	0
1051	1714	1
1051	2638	1
1051	2932	1
1051	3047	0
1051	3114	0
1051	3223	1
1052	319	0
1052	390	0
1052	1118	0
1052	1816	1
1052	1892	1
1052	2101	1
1052	2156	0
1052	2619	1
1052	2634	0
1052	2863	1
1053	306	1
1053	554	1
1053	598	0
1053	687	0
1053	1474	1
1053	2023	0
1053	2318	1
1053	2562	0
1053	2940	0
1053	2963	1
1054	209	1
1054	440	0
1054	845	0
1054	1211	0
1054	1595	0
1054	2164	0
1054	2619	1
1054	2960	1
1054	3038	1
1054	3213	1
1055	248	0
1055	673	0
1055	796	1
1055	1413	1
1055	1424	1
1055	1485	1
1055	1754	0
1055	1856	1
1055	2852	0
1055	3131	0
1056	758	1
1056	1311	0
1056	1333	1
1056	1629	0
1056	1724	0
1056	1746	0
1056	1784	1
1056	2024	1
1056	2113	1
1056	2941	0
1057	22	0
1057	429	0
1057	1231	1
1057	1271	0
1057	1722	1
1057	1772	0
1057	2614	0
1057	2818	1
1057	2831	1
1057	3058	1
1058	140	0
1058	694	0
1058	994	0
1058	1476	1
1058	2358	0
1058	2407	0
1058	2555	1
1058	2557	1
1058	3201	1
1058	3203	1
1059	299	1
1059	325	0
1059	360	0
1059	403	0
1059	592	1
1059	1243	0
1059	2136	1
1059	2172	1
1059	2455	1
1059	2920	0
1060	97	0
1060	111	1
1060	463	0
1060	707	1
1060	1075	0
1060	1125	0
1060	1306	1
1060	1481	0
1060	1866	1
1060	1921	1
1061	315	1
1061	573	1
1061	1089	0
1061	1226	1
1061	1301	0
1061	1838	0
1061	1872	1
1061	2454	1
1061	2828	0
1061	3139	0
1062	73	0
1062	527	0
1062	608	0
1062	1090	1
1062	1198	0
1062	1825	1
1062	1929	1
1062	2283	0
1062	2653	1
1062	2915	1
1063	5	0
1063	626	1
1063	888	1
1063	904	1
1063	1232	1
1063	1807	0
1063	2226	1
1063	2824	0
1063	3000	0
1063	3178	0
1064	237	1
1064	507	1
1064	893	0
1064	908	1
1064	1285	0
1064	1333	1
1064	1439	0
1064	1526	0
1064	2343	0
1064	3138	1
1065	52	1
1065	900	0
1065	1052	0
1065	1697	1
1065	1746	1
1065	1914	0
1065	2018	1
1065	2663	1
1065	3095	0
1065	3109	0
1066	6	0
1066	102	0
1066	457	1
1066	845	0
1066	1592	1
1066	1729	0
1066	2312	1
1066	2460	0
1066	2466	1
1066	3107	1
1067	52	1
1067	179	0
1067	324	0
1067	534	0
1067	1106	0
1067	1284	1
1067	1340	1
1067	1476	1
1067	2265	0
1067	2418	1
1068	677	0
1068	1136	1
1068	1797	0
1068	1927	1
1068	1998	1
1068	2066	1
1068	2513	0
1068	2863	1
1068	2967	0
1068	3182	0
1069	34	1
1069	938	1
1069	1468	0
1069	1555	1
1069	2586	0
1069	2634	1
1069	2967	0
1069	3091	0
1069	3095	0
1069	3156	1
1070	384	0
1070	626	1
1070	847	0
1070	939	0
1070	1333	1
1070	1722	0
1070	2015	1
1070	2222	0
1070	3017	1
1070	3138	1
1071	654	0
1071	891	1
1071	1391	0
1071	1473	0
1071	1591	0
1071	1777	1
1071	1836	0
1071	1862	1
1071	2290	1
1071	2910	1
1072	1340	0
1072	1775	1
1072	1806	0
1072	1816	0
1072	1877	0
1072	1929	1
1072	1972	0
1072	2348	1
1072	2385	1
1072	2980	1
1073	155	0
1073	295	0
1073	400	0
1073	507	1
1073	896	1
1073	986	0
1073	1891	1
1073	2271	0
1073	2363	1
1073	2842	1
1074	206	1
1074	360	1
1074	479	0
1074	799	1
1074	958	0
1074	1629	1
1074	2046	1
1074	2477	0
1074	2714	0
1074	2835	0
1075	440	0
1075	558	0
1075	927	1
1075	1041	1
1075	1075	0
1075	1485	1
1075	2001	1
1075	2818	0
1075	2822	0
1075	3066	1
1076	252	0
1076	515	1
1076	623	0
1076	648	1
1076	1047	1
1076	1730	0
1076	2218	0
1076	2312	1
1076	2555	1
1076	2690	0
1077	52	1
1077	80	0
1077	206	0
1077	208	1
1077	895	1
1077	908	1
1077	1972	0
1077	2818	0
1077	3086	1
1077	3242	0
1078	716	1
1078	788	0
1078	891	0
1078	901	0
1078	1307	1
1078	1591	1
1078	2418	1
1078	2738	0
1078	2753	0
1078	2831	1
1079	476	1
1079	1016	1
1079	1367	1
1079	1649	0
1079	2023	0
1079	2066	0
1079	2108	1
1079	2143	0
1079	2672	1
1079	2875	0
1080	195	0
1080	617	0
1080	1046	1
1080	1523	0
1080	1524	1
1080	1757	0
1080	1920	1
1080	1975	0
1080	2151	1
1080	3230	1
1081	605	1
1081	1066	1
1081	1233	0
1081	1512	1
1081	1685	1
1081	1956	0
1081	2435	0
1081	2529	1
1081	2644	0
1081	2717	0
1082	0	0
1082	468	0
1082	1514	1
1082	1802	0
1082	1877	0
1082	1963	1
1082	2489	1
1082	2618	0
1082	2661	1
1082	3020	1
1083	52	0
1083	57	0
1083	564	1
1083	608	0
1083	826	1
1083	847	1
1083	1227	1
1083	1702	0
1083	2130	0
1083	3017	1
1084	299	1
1084	425	1
1084	1201	0
1084	1666	1
1084	1764	0
1084	1784	1
1084	1891	0
1084	2615	1
1084	2960	0
1084	3242	0
1085	171	1
1085	174	1
1085	461	0
1085	507	0
1085	700	0
1085	1928	0
1085	2138	0
1085	2277	1
1085	2706	1
1085	3221	1
1086	519	0
1086	654	1
1086	1047	0
1086	1763	1
1086	1841	0
1086	2118	1
1086	2137	0
1086	2427	0
1086	2697	1
1086	3044	1
1087	174	1
1087	183	0
1087	1439	0
1087	1632	1
1087	1860	0
1087	1972	1
1087	2111	1
1087	2353	0
1087	2635	1
1087	3129	0
1088	86	1
1088	169	0
1088	554	0
1088	648	1
1088	797	0
1088	1000	0
1088	1929	1
1088	2311	1
1088	3044	1
1088	3226	0
1089	153	1
1089	221	1
1089	1139	0
1089	1476	0
1089	1948	1
1089	2133	0
1089	2157	1
1089	2555	1
1089	2741	0
1089	3215	0
1090	262	1
1090	965	0
1090	1052	1
1090	1066	0
1090	1211	0
1090	2361	0
1090	2474	1
1090	2823	0
1090	2828	1
1090	3050	1
1091	458	0
1091	565	1
1091	1757	0
1091	1932	0
1091	2234	1
1091	2300	0
1091	2749	0
1091	2967	1
1091	3143	1
1091	3170	1
1092	618	1
1092	716	0
1092	1365	1
1092	1802	0
1092	2381	0
1092	2557	1
1092	2651	1
1092	2890	0
1092	3078	1
1092	3115	0
1093	848	0
1093	1007	1
1093	1655	1
1093	1858	0
1093	1883	1
1093	2209	0
1093	2670	0
1093	2954	1
1093	2988	0
1093	3139	1
1094	875	1
1094	999	0
1094	1222	0
1094	1366	0
1094	1487	1
1094	1596	0
1094	1803	1
1094	2164	1
1094	2770	1
1094	2969	0
1095	1004	1
1095	1032	0
1095	1311	1
1095	1711	1
1095	1754	0
1095	2120	0
1095	2177	1
1095	2346	0
1095	2641	0
1095	2849	1
1096	108	1
1096	403	1
1096	661	0
1096	2032	0
1096	2304	0
1096	2371	0
1096	2374	1
1096	2635	0
1096	3087	1
1096	3152	1
1097	550	1
1097	920	1
1097	1629	1
1097	1878	1
1097	2319	1
1097	2535	0
1097	2585	0
1097	2663	0
1097	2968	0
1097	3049	0
1098	25	0
1098	312	0
1098	356	0
1098	817	1
1098	1146	1
1098	1207	1
1098	1808	0
1098	2201	0
1098	2592	1
1098	3000	1
1099	202	0
1099	624	1
1099	765	1
1099	1047	0
1099	1468	1
1099	2037	0
1099	2327	0
1099	2380	1
1099	2601	1
1099	3095	0
1100	52	1
1100	384	0
1100	403	1
1100	457	0
1100	1370	1
1100	1838	0
1100	2407	0
1100	2734	1
1100	3026	1
1100	3139	0
1101	206	1
1101	552	1
1101	924	0
1101	1560	1
1101	1645	0
1101	1956	0
1101	1969	1
1101	2187	0
1101	2920	1
1101	2979	0
1102	308	0
1102	403	1
1102	608	0
1102	908	0
1102	1032	0
1102	2619	1
1102	2760	1
1102	2791	1
1102	3110	1
1102	3237	0
1103	198	0
1103	653	0
1103	847	0
1103	1514	1
1103	1550	1
1103	1879	0
1103	2216	1
1103	2289	1
1103	2832	0
1103	3086	1
1104	636	0
1104	758	1
1104	802	1
1104	1358	0
1104	1546	1
1104	1762	1
1104	1927	0
1104	2134	1
1104	3094	0
1104	3194	0
1105	653	1
1105	1118	1
1105	1784	0
1105	1856	0
1105	2133	0
1105	2178	1
1105	2706	1
1105	3087	1
1105	3108	0
1105	3151	0
1106	495	0
1106	508	0
1106	1198	0
1106	1865	1
1106	2008	0
1106	2049	1
1106	2109	1
1106	2756	1
1106	3043	0
1106	3216	1
1107	441	1
1107	623	0
1107	994	1
1107	1545	1
1107	1605	0
1107	1730	1
1107	2421	0
1107	2557	0
1107	2794	1
1107	3221	0
1108	173	0
1108	938	1
1108	1175	0
1108	1266	1
1108	1373	0
1108	1477	1
1108	1512	1
1108	1921	0
1108	2335	0
1108	2459	1
1109	389	1
1109	476	1
1109	793	1
1109	1652	1
1109	2287	0
1109	2418	1
1109	2925	0
1109	3026	0
1109	3138	0
1109	3156	0
1110	1201	0
1110	1266	1
1110	1541	1
1110	1865	1
1110	2314	0
1110	2438	0
1110	2627	0
1110	2662	1
1110	3039	0
1110	3205	1
1111	503	1
1111	550	1
1111	939	0
1111	1123	0
1111	1429	1
1111	1632	0
1111	1808	0
1111	2267	1
1111	2878	1
1111	3216	0
1112	185	1
1112	577	0
1112	890	0
1112	954	0
1112	1359	0
1112	1514	1
1112	1618	1
1112	1626	1
1112	2153	0
1112	2593	1
1113	177	0
1113	586	0
1113	768	0
1113	913	1
1113	2266	0
1113	2285	1
1113	2432	0
1113	2557	1
1113	2622	1
1113	3154	1
1114	360	0
1114	519	0
1114	845	0
1114	941	1
1114	1340	0
1114	1765	1
1114	1775	1
1114	2047	1
1114	2927	1
1114	3159	0
1115	324	0
1115	610	1
1115	1031	0
1115	1047	0
1115	1280	1
1115	2305	1
1115	2437	1
1115	2728	0
1115	3205	1
1115	3220	0
1116	69	0
1116	237	0
1116	502	1
1116	1250	1
1116	1394	1
1116	2037	0
1116	2619	1
1116	3075	1
1116	3076	0
1116	3196	0
1117	440	1
1117	926	1
1117	1513	1
1117	1566	0
1117	2209	1
1117	2643	0
1117	2717	0
1117	2801	0
1117	3139	0
1117	3213	1
1118	31	0
1118	45	1
1118	763	1
1118	1849	1
1118	2074	0
1118	2149	0
1118	2398	0
1118	2643	1
1118	2747	0
1118	3187	1
1119	707	1
1119	1202	1
1119	1711	1
1119	1841	0
1119	1969	0
1119	2345	0
1119	2496	0
1119	2877	1
1119	2941	0
1119	2968	1
1120	1592	0
1120	1666	1
1120	1734	0
1120	1806	0
1120	2019	1
1120	2095	0
1120	2348	1
1120	2425	1
1120	2857	1
1120	3256	0
1121	664	1
1121	665	1
1121	756	1
1121	909	0
1121	1278	1
1121	1493	0
1121	1832	1
1121	2661	0
1121	2941	0
1121	2945	0
1122	502	1
1122	1358	0
1122	1636	1
1122	2150	0
1122	2327	1
1122	2513	0
1122	2634	0
1122	2770	0
1122	2967	1
1122	3066	1
1123	575	0
1123	577	0
1123	1232	0
1123	1362	1
1123	1628	0
1123	2181	0
1123	2501	1
1123	2557	1
1123	2670	1
1123	2708	1
1124	46	1
1124	344	1
1124	697	0
1124	1563	1
1124	1892	0
1124	1990	0
1124	2502	0
1124	2828	1
1124	3021	1
1124	3163	0
1125	246	0
1125	711	1
1125	1026	0
1125	1834	0
1125	1856	1
1125	2314	0
1125	2744	0
1125	2941	1
1125	2951	1
1125	3039	1
1126	246	0
1126	940	0
1126	1379	0
1126	1642	0
1126	2097	1
1126	2459	1
1126	2778	1
1126	2828	1
1126	3131	0
1126	3238	1
1127	238	0
1127	257	0
1127	344	1
1127	496	1
1127	1271	1
1127	2084	1
1127	2221	0
1127	2297	0
1127	2592	0
1127	3023	1
1128	497	0
1128	758	0
1128	1118	1
1128	1551	1
1128	2151	1
1128	2250	1
1128	2519	0
1128	2690	0
1128	2904	1
1128	3133	0
1129	108	0
1129	648	1
1129	654	0
1129	804	0
1129	994	0
1129	1166	1
1129	1333	1
1129	1729	0
1129	2277	1
1129	2676	1
1130	372	0
1130	847	1
1130	1267	1
1130	1473	0
1130	1565	0
1130	1652	1
1130	1892	1
1130	1931	1
1130	2316	0
1130	3139	0
1131	17	0
1131	181	1
1131	1269	1
1131	1790	0
1131	2147	0
1131	2619	0
1131	2818	1
1131	2888	1
1131	3017	1
1131	3138	0
1132	174	1
1132	208	1
1132	1227	0
1132	1241	0
1132	1388	0
1132	2195	0
1132	2252	0
1132	2277	1
1132	3038	1
1132	3066	1
1133	600	0
1133	1327	0
1133	1389	0
1133	1570	0
1133	1872	1
1133	2049	1
1133	2375	0
1133	2932	1
1133	3020	1
1133	3031	1
1134	86	0
1134	490	0
1134	891	0
1134	1636	1
1134	1670	0
1134	2517	1
1134	2557	1
1134	2694	1
1134	3017	0
1134	3049	1
1135	479	1
1135	626	1
1135	1255	0
1135	1514	0
1135	1592	0
1135	1605	1
1135	1752	1
1135	2157	0
1135	2250	1
1135	2684	0
1136	1036	0
1136	1746	1
1136	1914	0
1136	2061	1
1136	2551	0
1136	2661	1
1136	2837	1
1136	2860	1
1136	2941	0
1136	3182	0
1137	8	0
1137	396	0
1137	1181	0
1137	1670	1
1137	2260	0
1137	2507	1
1137	3049	1
1137	3078	0
1137	3129	1
1137	3225	1
1138	1156	1
1138	1355	0
1138	1512	0
1138	1972	1
1138	2566	0
1138	2944	1
1138	2960	0
1138	3066	1
1138	3129	1
1138	3184	0
1139	206	1
1139	500	0
1139	927	1
1139	1036	0
1139	1267	1
1139	1640	1
1139	1789	0
1139	2069	0
1139	2672	0
1139	2724	1
1140	344	0
1140	592	1
1140	904	1
1140	938	1
1140	1021	1
1140	1856	0
1140	2327	0
1140	2844	1
1140	2941	0
1140	3213	0
1141	244	1
1141	1358	0
1141	1565	1
1141	1668	0
1141	1702	1
1141	1790	1
1141	2168	0
1141	2337	0
1141	2753	0
1141	2968	1
1142	228	0
1142	360	1
1142	550	1
1142	891	0
1142	1032	0
1142	1295	1
1142	1514	1
1142	2596	0
1142	2661	1
1142	3076	0
1143	64	0
1143	120	0
1143	438	1
1143	469	0
1143	606	1
1143	645	0
1143	1377	1
1143	2108	1
1143	2883	0
1143	2941	1
1144	217	0
1144	403	0
1144	763	0
1144	1221	1
1144	1239	1
1144	1543	0
1144	1552	1
1144	1636	1
1144	2284	1
1144	3237	0
1145	157	1
1145	533	1
1145	548	0
1145	632	0
1145	1160	1
1145	1377	1
1145	1584	0
1145	1979	1
1145	2382	0
1145	2878	0
1146	620	0
1146	800	0
1146	1214	1
1146	1584	1
1146	1856	0
1146	2134	1
1146	2509	1
1146	2522	1
1146	2529	0
1146	2747	0
1147	306	1
1147	660	0
1147	687	1
1147	1269	0
1147	1759	1
1147	1796	0
1147	1832	1
1147	1990	0
1147	2385	1
1147	2661	0
1148	477	0
1148	533	1
1148	615	0
1148	933	0
1148	1126	0
1148	1563	1
1148	2652	0
1148	2858	1
1148	2883	1
1148	3196	1
1149	111	0
1149	266	1
1149	403	1
1149	856	0
1149	1426	1
1149	1816	0
1149	2427	1
1149	2974	1
1149	3152	0
1149	3196	0
1150	40	0
1150	43	0
1150	332	0
1150	531	0
1150	690	1
1150	1412	1
1150	1870	1
1150	2141	1
1150	2316	1
1150	2835	0
1151	350	0
1151	434	0
1151	737	0
1151	975	1
1151	1160	1
1151	2284	1
1151	2775	0
1151	2819	0
1151	2944	1
1151	3139	1
1152	403	1
1152	603	0
1152	1439	0
1152	1513	0
1152	1527	1
1152	2046	1
1152	2418	1
1152	2990	0
1152	3086	0
1152	3216	1
1153	135	1
1153	313	1
1153	336	1
1153	387	0
1153	795	0
1153	847	0
1153	1879	0
1153	2342	1
1153	2539	1
1153	3060	0
1154	257	0
1154	585	1
1154	975	1
1154	1291	0
1154	1304	0
1154	1972	1
1154	2175	0
1154	2319	1
1154	2580	0
1154	3152	1
1155	652	0
1155	1363	1
1155	1762	0
1155	2150	0
1155	2151	1
1155	2501	1
1155	2797	1
1155	2826	0
1155	3006	0
1155	3154	1
1156	295	1
1156	621	0
1156	1566	0
1156	1702	0
1156	1711	1
1156	1746	1
1156	1772	0
1156	1834	0
1156	1969	1
1156	2496	1
1157	122	1
1157	541	0
1157	1199	1
1157	2157	0
1157	2427	0
1157	2661	1
1157	2828	1
1157	2849	1
1157	2877	0
1157	3055	0
1158	92	0
1158	420	0
1158	900	0
1158	1375	1
1158	1440	0
1158	1857	0
1158	2046	1
1158	2104	1
1158	2251	1
1158	3163	1
1159	246	0
1159	550	1
1159	665	1
1159	1211	0
1159	1883	0
1159	2275	0
1159	2804	0
1159	2951	1
1159	3131	1
1159	3176	1
1160	422	0
1160	429	1
1160	578	1
1160	596	0
1160	1512	1
1160	1915	0
1160	2157	1
1160	2797	1
1160	3032	0
1160	3138	0
1161	62	1
1161	224	1
1161	316	1
1161	451	1
1161	886	0
1161	1440	0
1161	2175	0
1161	2797	1
1161	3113	0
1161	3152	0
1162	74	0
1162	213	0
1162	360	1
1162	1165	0
1162	2046	1
1162	2091	0
1162	2217	1
1162	2585	1
1162	2702	0
1162	3129	1
1163	157	1
1163	319	0
1163	664	1
1163	1213	1
1163	2319	1
1163	2466	1
1163	2690	0
1163	2704	0
1163	2827	0
1163	2938	0
1164	341	1
1164	552	1
1164	612	0
1164	648	1
1164	804	0
1164	1201	1
1164	1702	0
1164	2222	0
1164	2484	0
1164	2877	1
1165	624	1
1165	1207	1
1165	1550	0
1165	1734	0
1165	2106	0
1165	2343	0
1165	2372	1
1165	2938	1
1165	2995	1
1165	3078	0
1166	569	0
1166	653	1
1166	994	0
1166	1136	1
1166	1146	1
1166	1789	0
1166	1860	1
1166	2228	0
1166	2419	1
1166	2875	0
1167	403	0
1167	841	0
1167	2111	0
1167	2367	1
1167	2468	0
1167	2739	1
1167	2844	1
1167	2944	0
1167	3128	1
1167	3238	1
1168	108	1
1168	678	0
1168	867	0
1168	1418	1
1168	1677	0
1168	1786	1
1168	2032	1
1168	2151	1
1168	2421	0
1168	3203	0
1169	125	0
1169	620	1
1169	1153	1
1169	1357	0
1169	2267	0
1169	2284	0
1169	2651	1
1169	3001	0
1169	3086	1
1169	3254	1
1170	216	1
1170	404	0
1170	490	0
1170	816	1
1170	1333	1
1170	1474	0
1170	1746	0
1170	1929	1
1170	1936	1
1170	2375	0
1171	351	0
1171	852	0
1171	1047	0
1171	1239	0
1171	1332	1
1171	1838	1
1171	1915	1
1171	2526	0
1171	2529	1
1171	2828	1
1172	452	0
1172	566	1
1172	713	1
1172	720	0
1172	938	1
1172	1047	0
1172	1211	1
1172	1663	0
1172	2623	0
1172	3216	1
1173	97	1
1173	890	1
1173	1201	1
1173	1216	0
1173	1346	0
1173	1609	0
1173	1756	0
1173	2816	1
1173	2847	0
1173	3031	1
1174	108	1
1174	148	0
1174	197	0
1174	477	1
1174	749	1
1174	972	1
1174	1227	0
1174	1465	1
1174	1592	0
1174	1594	0
1175	336	0
1175	1012	0
1175	1117	1
1175	1883	0
1175	2164	1
1175	2717	0
1175	2828	1
1175	2858	0
1175	3078	1
1175	3216	1
1176	104	1
1176	252	0
1176	550	1
1176	579	0
1176	847	1
1176	881	0
1176	1917	0
1176	2172	0
1176	2337	1
1176	3216	1
1177	217	0
1177	299	1
1177	319	0
1177	605	1
1177	1380	1
1177	1593	0
1177	2017	1
1177	2824	0
1177	2857	0
1177	3017	1
1178	325	0
1178	497	1
1178	1138	1
1178	1633	0
1178	1646	1
1178	1860	1
1178	1915	1
1178	2427	0
1178	2663	0
1178	3216	0
1179	436	0
1179	1056	0
1179	1646	1
1179	2268	1
1179	2278	1
1179	2456	0
1179	2467	0
1179	2483	1
1179	2661	1
1179	2671	0
1180	220	0
1180	548	1
1180	731	0
1180	975	0
1180	1636	1
1180	1803	1
1180	2135	0
1180	2600	1
1180	2890	0
1180	2894	1
1181	350	1
1181	603	1
1181	647	1
1181	1004	1
1181	1240	0
1181	1746	0
1181	1891	0
1181	2104	0
1181	2995	1
1181	3253	0
1182	877	1
1182	900	0
1182	901	0
1182	1860	1
1182	1994	0
1182	2164	0
1182	2327	0
1182	2400	1
1182	2418	1
1182	3038	1
1183	1088	1
1183	1213	1
1183	1380	1
1183	1446	0
1183	1523	0
1183	1629	0
1183	2099	1
1183	2619	0
1183	2752	1
1183	2863	0
1184	585	1
1184	856	0
1184	994	0
1184	1731	1
1184	1786	1
1184	1800	0
1184	1930	1
1184	2181	0
1184	2373	1
1184	3045	0
1185	208	1
1185	257	0
1185	633	0
1185	690	1
1185	910	1
1185	1527	1
1185	1984	0
1185	2037	0
1185	2619	1
1185	2640	0
1186	208	1
1186	389	0
1186	405	1
1186	429	0
1186	640	0
1186	660	1
1186	1156	0
1186	1860	0
1186	1972	1
1186	3182	1
1187	16	1
1187	1129	0
1187	1632	0
1187	1856	0
1187	2517	1
1187	2877	1
1187	2940	0
1187	3005	1
1187	3087	0
1187	3156	1
1188	451	1
1188	1218	0
1188	1301	0
1188	1321	1
1188	2045	1
1188	2157	1
1188	2513	1
1188	2651	0
1188	2962	0
1188	3184	0
1189	340	1
1189	923	0
1189	1066	0
1189	1201	1
1189	1346	1
1189	2216	1
1189	2332	0
1189	2706	0
1189	2739	0
1189	3139	1
1190	170	1
1190	447	1
1190	924	1
1190	1307	1
1190	2011	0
1190	2133	0
1190	2770	0
1190	2892	0
1190	2938	1
1190	2963	0
1191	173	0
1191	446	1
1191	550	1
1191	963	1
1191	1220	1
1191	1523	0
1191	1598	0
1191	2285	0
1191	2798	1
1191	2938	0
1192	14	1
1192	1187	1
1192	1284	1
1192	1789	0
1192	1914	1
1192	1990	1
1192	2019	0
1192	2459	0
1192	3021	0
1192	3086	0
1193	101	0
1193	155	0
1193	764	0
1193	850	0
1193	1125	0
1193	1327	1
1193	2024	1
1193	2305	1
1193	2619	1
1193	3156	1
1194	335	1
1194	1218	1
1194	1412	0
1194	1972	1
1194	2375	0
1194	2461	0
1194	2484	1
1194	2661	1
1194	2691	0
1194	3021	0
1195	33	0
1195	63	1
1195	433	1
1195	960	0
1195	1562	1
1195	1841	1
1195	1929	0
1195	2299	0
1195	2818	0
1195	3194	1
1196	297	0
1196	325	0
1196	1095	0
1196	1239	1
1196	1340	0
1196	1476	1
1196	1636	1
1196	1858	0
1196	2960	1
1196	3156	1
1197	222	1
1197	940	0
1197	1174	1
1197	1266	0
1197	1314	0
1197	1783	1
1197	1820	0
1197	2171	0
1197	2463	1
1197	3021	1
1198	206	1
1198	732	0
1198	1798	0
1198	2391	0
1198	2583	0
1198	2651	1
1198	2672	1
1198	3048	1
1198	3143	0
1198	3227	1
1199	448	1
1199	506	1
1199	660	0
1199	850	1
1199	890	0
1199	1035	0
1199	1201	1
1199	2756	0
1199	3021	0
1199	3056	1
1200	506	0
1200	788	1
1200	835	0
1200	999	1
1200	1232	1
1200	1746	0
1200	1864	1
1200	2023	1
1200	2466	0
1200	3220	0
1201	71	1
1201	207	1
1201	671	0
1201	943	0
1201	1019	1
1201	1307	0
1201	1679	0
1201	2429	1
1201	2606	1
1201	2793	0
1202	527	0
1202	791	0
1202	1283	0
1202	1346	1
1202	1596	0
1202	2348	1
1202	2510	1
1202	2557	1
1202	2941	1
1202	2958	0
1203	241	1
1203	411	1
1203	532	0
1203	1187	1
1203	1207	1
1203	1363	0
1203	1968	0
1203	2018	0
1203	2514	1
1203	3221	0
1204	858	1
1204	1046	1
1204	1123	0
1204	1323	1
1204	1929	0
1204	2379	1
1204	2413	1
1204	2501	0
1204	2818	0
1204	3078	0
1205	174	1
1205	425	1
1205	1280	0
1205	1807	0
1205	2136	1
1205	2480	0
1205	2651	0
1205	2670	1
1205	2978	0
1205	3001	1
1206	33	1
1206	100	1
1206	1565	0
1206	1570	0
1206	1590	0
1206	1808	1
1206	1917	1
1206	2828	1
1206	2954	0
1206	2978	0
1207	75	0
1207	196	0
1207	239	0
1207	644	1
1207	1172	1
1207	1681	0
1207	2021	1
1207	2557	1
1207	2675	0
1207	2691	1
1208	450	0
1208	507	1
1208	623	1
1208	856	1
1208	996	0
1208	1364	1
1208	2190	0
1208	2295	1
1208	2421	0
1208	2706	0
1209	566	1
1209	896	1
1209	1046	0
1209	1221	0
1209	1774	1
1209	1989	0
1209	2089	0
1209	2734	1
1209	2783	1
1209	3039	0
1210	262	1
1210	276	0
1210	675	0
1210	866	1
1210	1192	0
1210	1501	0
1210	1696	1
1210	2491	0
1210	2561	1
1210	2938	1
1211	218	1
1211	813	1
1211	845	0
1211	1138	0
1211	1221	1
1211	1936	0
1211	2157	0
1211	2413	1
1211	3065	1
1211	3232	0
1212	656	1
1212	686	1
1212	981	0
1212	1146	1
1212	1666	1
1212	1777	0
1212	1884	0
1212	2900	0
1212	3142	1
1212	3257	0
1213	126	0
1213	164	0
1213	167	1
1213	649	1
1213	850	1
1213	1784	0
1213	1841	0
1213	2421	1
1213	2427	1
1213	2756	0
1214	366	0
1214	418	0
1214	552	1
1214	648	1
1214	850	1
1214	1031	0
1214	1454	1
1214	1626	0
1214	2752	0
1214	2811	1
1215	38	0
1215	174	1
1215	220	0
1215	568	1
1215	906	0
1215	1476	1
1215	1877	1
1215	2132	0
1215	3149	0
1215	3154	1
1216	592	0
1216	797	1
1216	1304	0
1216	1453	1
1216	1806	0
1216	1858	0
1216	1991	1
1216	2143	1
1216	2734	1
1216	3093	0
1217	339	1
1217	440	1
1217	1282	1
1217	1605	0
1217	1891	1
1217	2063	0
1217	2529	1
1217	2539	0
1217	2988	0
1217	3187	0
1218	707	1
1218	967	1
1218	1047	1
1218	1445	0
1218	1475	0
1218	1948	1
1218	1972	0
1218	2217	0
1218	2224	0
1218	2994	1
1219	344	0
1219	469	0
1219	555	1
1219	847	0
1219	1129	1
1219	1146	1
1219	1818	0
1219	2689	1
1219	2858	1
1219	3216	0
1220	133	0
1220	339	1
1220	484	0
1220	555	1
1220	687	1
1220	1284	1
1220	1794	0
1220	2809	0
1220	2883	1
1220	2988	0
1221	80	1
1221	257	1
1221	664	1
1221	938	0
1221	997	1
1221	1044	0
1221	2479	0
1221	2629	0
1221	2788	0
1221	2828	1
1222	300	0
1222	904	0
1222	1381	0
1222	1584	0
1222	1907	1
1222	2317	0
1222	2344	1
1222	2380	1
1222	2621	1
1222	3196	1
1223	36	1
1223	250	0
1223	252	1
1223	552	1
1223	1295	0
1223	1349	0
1223	1717	0
1223	1948	1
1223	2097	1
1223	2752	0
1224	361	0
1224	550	1
1224	617	1
1224	1565	0
1224	1577	0
1224	1649	1
1224	2222	0
1224	2419	1
1224	2449	0
1224	2863	1
1225	43	0
1225	299	1
1225	384	0
1225	446	0
1225	460	0
1225	626	0
1225	1207	1
1225	1363	1
1225	1546	1
1225	1615	1
1226	104	0
1226	1346	0
1226	1370	0
1226	1563	0
1226	1620	0
1226	2007	1
1226	2134	1
1226	2330	1
1226	2348	1
1226	2978	1
1227	167	1
1227	1047	1
1227	1543	1
1227	1929	0
1227	2278	0
1227	2661	0
1227	2684	1
1227	2875	0
1227	3000	1
1227	3223	0
1228	33	0
1228	295	1
1228	460	0
1228	503	1
1228	1194	1
1228	1474	1
1228	1719	0
1228	1724	0
1228	1725	0
1228	2529	1
1229	479	1
1229	1386	1
1229	1389	0
1229	1552	1
1229	1990	1
1229	2794	0
1229	2834	0
1229	3020	1
1229	3085	0
1229	3107	0
1230	207	1
1230	360	1
1230	400	0
1230	1364	0
1230	1751	0
1230	1754	0
1230	1990	1
1230	2443	1
1230	3076	1
1230	3123	0
1231	507	1
1231	592	1
1231	783	1
1231	1271	1
1231	1711	0
1231	1979	0
1231	2178	0
1231	2238	0
1231	2425	1
1231	3252	0
1232	221	1
1232	289	1
1232	361	0
1232	665	0
1232	1006	1
1232	1250	0
1232	1552	1
1232	1753	0
1232	1892	1
1232	2023	0
1233	250	1
1233	908	1
1233	1222	0
1233	1291	0
1233	1559	0
1233	1700	0
1233	1754	1
1233	1777	1
1233	1938	0
1233	2419	1
1234	518	0
1234	844	0
1234	1211	1
1234	1513	0
1234	1566	0
1234	1672	1
1234	1711	0
1234	1835	1
1234	3026	1
1234	3213	1
1235	697	0
1235	1240	0
1235	1333	1
1235	1514	1
1235	1531	0
1235	1552	1
1235	1837	0
1235	2466	1
1235	2834	0
1235	2960	1
1236	1074	1
1236	1478	1
1236	1563	0
1236	1891	0
1236	2157	1
1236	2172	0
1236	2367	1
1236	2734	0
1236	2744	1
1236	3147	0
1237	243	0
1237	403	0
1237	1013	0
1237	1348	0
1237	1375	1
1237	2496	1
1237	2984	1
1237	2990	1
1237	3017	1
1237	3159	0
1238	705	1
1238	1452	1
1238	1590	0
1238	1956	0
1238	2032	1
1238	2358	0
1238	2484	1
1238	2512	0
1238	2708	0
1238	2770	1
1239	174	1
1239	209	0
1239	1036	0
1239	1630	0
1239	2503	1
1239	2529	0
1239	2767	0
1239	2863	1
1239	2932	1
1239	3094	1
1240	257	1
1240	390	1
1240	508	0
1240	744	1
1240	968	0
1240	998	0
1240	2296	0
1240	2419	1
1240	3011	0
1240	3026	1
1241	29	0
1241	533	0
1241	928	1
1241	1160	1
1241	1276	1
1241	1652	1
1241	2726	1
1241	2824	0
1241	2828	0
1241	3111	0
1242	118	0
1242	656	1
1242	1372	1
1242	1558	0
1242	1608	0
1242	1642	1
1242	1775	1
1242	2073	0
1242	2118	0
1242	2281	1
1243	104	1
1243	337	0
1243	687	0
1243	823	1
1243	1195	0
1243	1377	1
1243	2281	1
1243	2661	1
1243	2697	0
1243	2847	0
1244	170	0
1244	791	0
1244	1006	1
1244	1498	0
1244	1652	1
1244	1879	1
1244	2348	1
1244	2466	1
1244	2789	0
1244	2833	0
1245	165	1
1245	208	1
1245	252	1
1245	384	0
1245	463	0
1245	1663	0
1245	2611	1
1245	2622	1
1245	2776	0
1245	3221	0
1246	1117	1
1246	2101	0
1246	2104	1
1246	2172	0
1246	2233	1
1246	2623	1
1246	2651	1
1246	2809	0
1246	3085	0
1246	3238	0
1247	97	1
1247	325	0
1247	1136	1
1247	1790	0
1247	1927	0
1247	2135	1
1247	2207	1
1247	2960	0
1247	3138	0
1247	3226	1
1248	403	0
1248	1227	1
1248	1355	1
1248	1776	1
1248	1822	0
1248	1864	0
1248	2066	0
1248	2134	1
1248	2135	1
1248	3086	0
1249	325	1
1249	920	1
1249	1120	0
1249	1663	0
1249	1760	0
1249	1790	1
1249	1864	0
1249	2352	1
1249	2389	1
1249	3049	0
1250	126	0
1250	1642	0
1250	1928	1
1250	2113	1
1250	2290	0
1250	2332	0
1250	2708	1
1250	2734	1
1250	2836	1
1250	2915	0
1251	24	1
1251	92	0
1251	506	1
1251	548	0
1251	891	1
1251	1446	1
1251	1552	1
1251	1560	0
1251	2513	0
1251	3046	0
1252	111	0
1252	1066	0
1252	1652	0
1252	1781	1
1252	2157	0
1252	2268	1
1252	2818	0
1252	2848	1
1252	2960	1
1252	3087	1
1253	476	1
1253	605	0
1253	624	1
1253	939	0
1253	1267	1
1253	1314	1
1253	2216	0
1253	2319	1
1253	3021	0
1253	3099	0
1254	4	1
1254	400	0
1254	493	1
1254	550	1
1254	938	0
1254	1142	0
1254	1965	0
1254	2298	1
1254	2636	0
1254	2866	1
1255	25	1
1255	110	1
1255	390	0
1255	554	0
1255	556	0
1255	818	0
1255	850	0
1255	926	1
1255	2595	1
1255	3086	1
1256	257	1
1256	296	0
1256	369	0
1256	403	1
1256	797	0
1256	2109	1
1256	2278	1
1256	2627	0
1256	2711	0
1256	2925	1
1257	246	1
1257	279	0
1257	387	0
1257	495	1
1257	585	1
1257	716	1
1257	999	0
1257	1117	0
1257	2023	1
1257	3076	0
1258	238	1
1258	1439	1
1258	1590	0
1258	1655	0
1258	1877	0
1258	2811	0
1258	2938	1
1258	2956	0
1258	2990	1
1258	3227	1
1259	403	1
1259	463	1
1259	552	0
1259	1027	0
1259	1034	1
1259	1310	0
1259	1859	0
1259	2461	0
1259	2963	1
1259	3087	1
1260	221	1
1260	758	0
1260	1174	1
1260	1242	0
1260	1648	0
1260	1717	1
1260	1834	1
1260	2209	1
1260	2455	0
1260	2928	0
1261	350	0
1261	570	1
1261	661	0
1261	1117	1
1261	1227	1
1261	1792	0
1261	1994	1
1261	2112	0
1261	2496	1
1261	2663	0
1262	268	0
1262	375	0
1262	644	1
1262	906	0
1262	970	1
1262	1363	1
1262	1636	1
1262	1817	0
1262	2046	1
1262	3039	0
1263	135	0
1263	578	0
1263	638	0
1263	1591	1
1263	2091	1
1263	2120	0
1263	2529	1
1263	3038	0
1263	3094	1
1263	3138	1
1264	277	1
1264	353	0
1264	412	0
1264	447	1
1264	884	1
1264	1129	0
1264	1239	1
1264	1363	1
1264	2091	0
1264	2187	0
1265	219	0
1265	459	1
1265	626	1
1265	866	0
1265	1008	0
1265	1420	1
1265	1660	0
1265	2770	1
1265	2959	0
1265	2960	1
1266	733	1
1266	1051	0
1266	1370	1
1266	1495	0
1266	1697	1
1266	1737	0
1266	2133	0
1266	2585	0
1266	2706	1
1266	2981	1
1267	360	0
1267	365	1
1267	1295	0
1267	2316	1
1267	2385	1
1267	2544	0
1267	2708	0
1267	2770	1
1267	3149	1
1267	3200	0
1268	404	1
1268	644	0
1268	1013	0
1268	1093	1
1268	1222	0
1268	1329	1
1268	1570	1
1268	2036	0
1268	2477	1
1268	2965	0
1269	497	0
1269	1373	0
1269	1477	1
1269	1730	0
1269	1860	0
1269	2418	0
1269	2618	1
1269	2863	1
1269	3020	1
1269	3065	1
1270	43	0
1270	297	0
1270	547	0
1270	1370	1
1270	1594	1
1270	1673	0
1270	2119	1
1270	2512	1
1270	2753	1
1270	2914	0
1271	266	0
1271	404	1
1271	1166	0
1271	1321	1
1271	1473	0
1271	1513	0
1271	1604	1
1271	1632	1
1271	2106	1
1271	2392	0
1272	52	0
1272	457	0
1272	716	0
1272	926	1
1272	992	0
1272	1227	1
1272	1840	1
1272	2653	1
1272	3213	0
1272	3256	1
1273	33	1
1273	111	0
1273	1213	0
1273	1361	0
1273	1757	1
1273	1865	1
1273	2463	1
1273	2529	1
1273	2990	0
1273	3216	0
1274	125	1
1274	550	1
1274	1253	0
1274	1638	0
1274	1649	0
1274	2310	1
1274	2595	1
1274	2837	1
1274	3151	0
1274	3226	0
1275	171	1
1275	180	0
1275	779	1
1275	900	0
1275	910	1
1275	1543	0
1275	1841	0
1275	1979	1
1275	3111	1
1275	3187	0
1276	208	1
1276	1117	1
1276	1128	0
1276	1301	0
1276	1355	1
1276	1418	1
1276	1654	1
1276	1836	0
1276	2135	0
1276	2957	0
1277	183	1
1277	527	1
1277	564	0
1277	885	0
1277	1217	1
1277	1242	0
1277	1330	0
1277	1858	1
1277	2023	1
1277	2741	0
1278	506	1
1278	648	1
1278	1117	0
1278	1137	0
1278	1550	1
1278	1591	0
1278	2305	0
1278	2463	1
1278	2992	1
1278	3086	0
1279	28	0
1279	387	1
1279	626	0
1279	1566	0
1279	1746	1
1279	2277	1
1279	2704	1
1279	2818	1
1279	2884	0
1279	2956	0
1280	164	0
1280	850	0
1280	1066	1
1280	1185	1
1280	1269	1
1280	1590	1
1280	1634	0
1280	2216	0
1280	3005	1
1280	3174	0
1281	46	1
1281	169	1
1281	1745	0
1281	1969	1
1281	2111	0
1281	2143	1
1281	2217	0
1281	2268	1
1281	2753	0
1281	2927	0
1282	119	1
1282	173	1
1282	270	0
1282	823	1
1282	1070	1
1282	1917	0
1282	2157	1
1282	2307	0
1282	2336	0
1282	3129	0
1283	195	0
1283	266	1
1283	404	0
1283	992	1
1283	1314	1
1283	1812	1
1283	2178	0
1283	2680	0
1283	2992	1
1283	3014	0
1284	1017	1
1284	1036	0
1284	1146	1
1284	1404	0
1284	1969	0
1284	2143	1
1284	2551	0
1284	2880	1
1284	3184	0
1284	3208	1
1285	555	1
1285	569	1
1285	1156	0
1285	1595	0
1285	1630	1
1285	1646	1
1285	2133	0
1285	2618	0
1285	2722	0
1285	2875	1
1286	212	0
1286	517	1
1286	570	1
1286	1222	1
1286	1476	1
1286	1552	1
1286	1673	0
1286	2314	0
1286	2669	0
1286	3060	0
1287	14	0
1287	653	1
1287	847	1
1287	1284	0
1287	1399	0
1287	1475	1
1287	2483	0
1287	2488	1
1287	2640	0
1287	3131	1
1288	106	0
1288	1026	0
1288	1363	1
1288	2091	1
1288	2101	0
1288	2680	1
1288	2925	1
1288	2992	0
1288	3078	1
1288	3095	0
1289	202	1
1289	387	1
1289	943	0
1289	1702	0
1289	2101	1
1289	2164	0
1289	2354	1
1289	2455	0
1289	3094	0
1289	3184	1
1290	14	1
1290	251	0
1290	440	1
1290	1122	1
1290	1527	0
1290	1915	0
1290	2157	0
1290	2217	1
1290	3163	1
1290	3187	0
1291	0	0
1291	132	0
1291	1205	0
1291	2179	1
1291	2451	0
1291	2539	0
1291	2651	1
1291	2960	1
1291	3065	1
1291	3238	1
1292	640	0
1292	664	1
1292	928	0
1292	1937	1
1292	1993	0
1292	2004	1
1292	2066	1
1292	2189	0
1292	2466	0
1292	2709	1
1293	257	1
1293	527	1
1293	1174	0
1293	1563	0
1293	2157	1
1293	2596	0
1293	2734	1
1293	2828	0
1293	3220	1
1293	3252	0
1294	106	0
1294	960	1
1294	1533	1
1294	2126	0
1294	2583	0
1294	2752	0
1294	2823	1
1294	2992	1
1294	3115	1
1294	3215	0
1295	52	0
1295	111	1
1295	531	0
1295	1466	1
1295	1722	1
1295	1752	0
1295	2172	1
1295	2460	1
1295	2988	0
1295	3045	0
1296	958	0
1296	1324	1
1296	1588	1
1296	1679	1
1296	1746	0
1296	2418	1
1296	2460	0
1296	2461	1
1296	2982	0
1296	3220	0
1297	320	0
1297	341	0
1297	604	0
1297	896	1
1297	1998	1
1297	2327	1
1297	2582	1
1297	2822	0
1297	2955	0
1297	3058	1
1298	46	0
1298	334	1
1298	449	1
1298	559	1
1298	768	0
1298	1555	1
1298	1731	0
1298	2276	0
1298	2315	0
1298	2418	1
1299	324	0
1299	653	0
1299	1047	0
1299	1117	1
1299	1125	1
1299	1834	1
1299	1972	1
1299	2030	0
1299	2133	0
1299	2634	1
1300	181	1
1300	455	1
1300	1138	1
1300	1477	1
1300	1757	0
1300	2201	1
1300	2311	0
1300	2643	0
1300	2910	0
1300	3232	0
1301	289	0
1301	527	1
1301	1310	0
1301	1675	0
1301	1816	0
1301	2653	1
1301	2736	1
1301	2753	1
1301	2877	0
1301	3005	1
1302	221	1
1302	531	0
1302	552	0
1302	646	0
1302	1243	0
1302	1570	0
1302	2427	1
1302	2892	1
1302	2941	1
1302	3078	1
1303	208	1
1303	350	0
1303	542	0
1303	980	1
1303	1513	0
1303	1570	0
1303	2109	1
1303	2405	1
1303	2450	0
1303	2860	1
1304	296	0
1304	1306	1
1304	1439	0
1304	1615	1
1304	1696	0
1304	1803	1
1304	2818	1
1304	3001	1
1304	3195	0
1304	3231	0
1305	908	1
1305	1024	0
1305	1193	1
1305	1314	1
1305	1622	0
1305	1728	1
1305	2023	0
1305	2482	1
1305	3129	0
1305	3174	0
1306	4	1
1306	415	0
1306	554	0
1306	577	1
1306	848	0
1306	1145	0
1306	1215	0
1306	1646	1
1306	2233	1
1306	2459	1
1307	603	1
1307	783	1
1307	1037	0
1307	1223	1
1307	1389	0
1307	2595	1
1307	2740	0
1307	2806	0
1307	2866	1
1307	3049	0
1308	57	1
1308	1280	0
1308	1298	1
1308	1552	1
1308	2047	0
1308	2084	1
1308	2718	0
1308	2951	0
1308	3001	0
1308	3079	1
1309	313	0
1309	1277	1
1309	1358	0
1309	1654	1
1309	1993	0
1309	2253	1
1309	2463	1
1309	2510	1
1309	2941	0
1309	3043	0
1310	39	1
1310	550	1
1310	949	0
1310	1083	1
1310	1605	0
1310	2421	0
1310	2818	1
1310	2960	1
1310	2995	0
1310	3139	0
1311	117	0
1311	513	0
1311	695	0
1311	804	1
1311	1218	0
1311	1241	0
1311	2126	1
1311	2500	1
1311	2704	1
1311	2956	1
1312	330	0
1312	1198	0
1312	1202	1
1312	1891	0
1312	2030	1
1312	2143	1
1312	2270	0
1312	2818	1
1312	2938	1
1312	3115	0
1313	155	0
1313	208	1
1313	1213	1
1313	1566	1
1313	1955	0
1313	2143	0
1313	2330	0
1313	2434	0
1313	2653	1
1313	3078	1
1314	84	0
1314	135	1
1314	1363	0
1314	2172	1
1314	2264	0
1314	2738	1
1314	2858	1
1314	3005	0
1314	3038	0
1314	3154	1
1315	199	0
1315	217	0
1315	403	1
1315	1676	1
1315	1856	1
1315	2331	0
1315	2599	1
1315	2886	0
1315	2967	0
1315	3243	1
1316	154	0
1316	236	1
1316	279	0
1316	454	0
1316	1055	0
1316	2118	0
1316	2270	1
1316	2501	1
1316	2557	1
1316	3147	1
1317	498	0
1317	660	1
1317	1304	0
1317	1513	0
1317	1601	1
1317	1714	0
1317	2083	1
1317	2343	1
1317	2717	1
1317	2770	0
1318	650	0
1318	711	0
1318	835	1
1318	1106	0
1318	1139	1
1318	1685	0
1318	2463	1
1318	2760	1
1318	3184	1
1318	3215	0
1319	490	0
1319	958	1
1319	1324	1
1319	1612	0
1319	1837	0
1319	1856	0
1319	1990	1
1319	2098	0
1319	2437	1
1319	3221	1
1320	140	0
1320	319	1
1320	453	1
1320	648	1
1320	842	0
1320	1218	0
1320	1834	1
1320	1956	0
1320	2863	1
1320	2968	0
1321	284	1
1321	344	0
1321	924	0
1321	1146	1
1321	1366	1
1321	1837	1
1321	2283	0
1321	2352	1
1321	2467	0
1321	2788	0
1322	270	1
1322	625	0
1322	835	1
1322	932	1
1322	1539	0
1322	1592	1
1322	1838	0
1322	2306	1
1322	2921	0
1322	3173	0
1323	106	0
1323	123	1
1323	257	0
1323	550	1
1323	686	0
1323	1835	1
1323	2011	1
1323	2126	0
1323	2932	0
1323	3009	1
1324	455	0
1324	555	0
1324	949	1
1324	1592	1
1324	1634	0
1324	1779	0
1324	1971	1
1324	2486	1
1324	2566	1
1324	3152	0
1325	279	0
1325	649	0
1325	908	1
1325	996	1
1325	1086	0
1325	1608	0
1325	1834	1
1325	2122	1
1325	2583	0
1325	3038	1
1326	104	1
1326	336	1
1326	491	1
1326	579	0
1326	610	0
1326	1377	1
1326	2390	1
1326	2468	0
1326	2782	0
1326	3227	0
1327	45	1
1327	148	1
1327	623	0
1327	779	0
1327	949	1
1327	1474	1
1327	2421	1
1327	2437	0
1327	2588	0
1327	2648	0
1328	314	0
1328	324	0
1328	350	0
1328	540	1
1328	720	1
1328	731	0
1328	1105	1
1328	1858	1
1328	2157	1
1328	2877	0
1329	793	0
1329	1013	0
1329	1137	0
1329	1248	1
1329	1437	0
1329	1520	1
1329	1644	1
1329	2015	1
1329	2091	1
1329	2684	0
1330	63	1
1330	64	0
1330	1243	0
1330	2222	0
1330	2268	0
1330	2437	0
1330	2591	1
1330	2661	1
1330	2849	1
1330	3023	1
1331	205	1
1331	326	0
1331	503	1
1331	508	0
1331	543	0
1331	1495	1
1331	1644	0
1331	1679	1
1331	2557	1
1331	3154	0
1332	209	0
1332	517	1
1332	640	0
1332	659	0
1332	1066	0
1332	1201	0
1332	2157	1
1332	2753	1
1332	2852	1
1332	3078	1
1333	165	1
1333	208	1
1333	994	0
1333	1194	1
1333	1324	0
1333	1375	0
1333	1980	0
1333	2267	0
1333	2557	1
1333	2690	1
1334	435	0
1334	447	1
1334	585	1
1334	1047	1
1334	1324	1
1334	1838	0
1334	2173	0
1334	2307	0
1334	2672	1
1334	2859	0
1335	307	0
1335	384	0
1335	478	1
1335	1317	1
1335	1629	1
1335	1730	0
1335	2049	0
1335	2541	0
1335	2816	1
1335	3058	1
1336	507	1
1336	998	0
1336	1990	0
1336	2091	1
1336	2461	0
1336	2585	0
1336	2690	1
1336	2995	1
1336	3021	1
1336	3220	0
1337	279	1
1337	291	0
1337	435	0
1337	650	0
1337	738	0
1337	1304	1
1337	1446	0
1337	1685	1
1337	2631	1
1337	3044	1
1338	296	1
1338	497	0
1338	1834	0
1338	1996	1
1338	2405	1
1338	2566	0
1338	2595	1
1338	2635	0
1338	2956	0
1338	3057	1
1339	85	0
1339	1346	0
1339	1447	0
1339	1955	1
1339	2118	1
1339	2120	0
1339	2544	1
1339	2834	0
1339	3152	1
1339	3156	1
1340	252	1
1340	589	0
1340	636	1
1340	1160	1
1340	1207	0
1340	1941	0
1340	1980	0
1340	2863	1
1340	2964	1
1340	3140	0
1341	86	1
1341	206	0
1341	497	0
1341	1605	0
1341	1670	1
1341	2109	1
1341	2325	1
1341	2383	0
1341	2482	1
1341	3084	0
1342	361	1
1342	507	0
1342	994	0
1342	998	0
1342	1632	1
1342	1844	1
1342	1980	1
1342	2152	0
1342	2609	0
1342	3087	1
1343	121	1
1343	847	1
1343	1117	0
1343	1410	0
1343	1994	0
1343	2466	1
1343	2519	0
1343	2592	0
1343	3043	1
1343	3181	1
1344	206	0
1344	257	0
1344	350	0
1344	751	0
1344	1301	1
1344	1737	0
1344	2309	1
1344	2442	1
1344	2688	1
1344	3150	1
1345	167	0
1345	410	1
1345	966	1
1345	988	1
1345	1069	0
1345	1514	1
1345	2020	1
1345	2435	0
1345	3107	0
1345	3220	0
1346	325	0
1346	527	1
1346	924	1
1346	1266	0
1346	1284	0
1346	1446	1
1346	1803	0
1346	2109	1
1346	2672	1
1346	2804	0
1347	1540	0
1347	1560	0
1347	1675	1
1347	2186	1
1347	2325	0
1347	2661	1
1347	2702	1
1347	2822	0
1347	2927	1
1347	2998	0
1348	303	0
1348	476	1
1348	781	1
1348	1169	0
1348	1313	1
1348	1453	1
1348	1493	0
1348	2086	0
1348	2277	0
1348	3132	1
1349	224	0
1349	434	1
1349	497	1
1349	706	0
1349	802	0
1349	1009	1
1349	1591	1
1349	2037	0
1349	2503	1
1349	2922	0
1350	104	1
1350	196	1
1350	440	1
1350	457	0
1350	503	0
1350	947	0
1350	2138	1
1350	2362	0
1350	2388	0
1350	2661	1
1351	525	0
1351	605	1
1351	697	0
1351	980	1
1351	1655	1
1351	2557	1
1351	2592	1
1351	2739	0
1351	2956	0
1351	3091	0
1352	222	0
1352	495	0
1352	1123	1
1352	1550	0
1352	1919	0
1352	2088	1
1352	2374	1
1352	2532	1
1352	3019	1
1352	3108	0
1353	108	1
1353	684	0
1353	720	0
1353	1146	1
1353	1220	1
1353	1241	0
1353	1356	0
1353	1486	0
1353	1520	1
1353	2179	1
1354	427	0
1354	495	1
1354	664	1
1354	1582	0
1354	1816	1
1354	2101	0
1354	2133	1
1354	2280	0
1354	2290	1
1354	2823	0
1355	29	0
1355	208	1
1355	1207	0
1355	1717	0
1355	1972	1
1355	2138	0
1355	2209	1
1355	2522	0
1355	2583	1
1355	2878	1
1356	440	0
1356	578	0
1356	789	1
1356	910	0
1356	938	1
1356	940	1
1356	2101	0
1356	2731	1
1356	2847	0
1356	2888	1
1357	257	0
1357	403	0
1357	422	1
1357	559	0
1357	1242	0
1357	2023	1
1357	2249	0
1357	2517	1
1357	2736	1
1357	2816	1
1358	217	0
1358	247	1
1358	351	0
1358	1175	0
1358	1513	0
1358	2556	1
1358	2783	1
1358	3039	0
1358	3084	1
1358	3213	1
1359	252	0
1359	546	1
1359	1207	1
1359	1577	1
1359	1841	0
1359	1929	1
1359	2157	0
1359	2745	0
1359	2882	1
1359	3074	0
1360	387	1
1360	965	1
1360	1243	0
1360	1592	0
1360	2025	0
1360	2158	1
1360	2412	1
1360	2432	0
1360	3213	1
1360	3215	0
1361	360	0
1361	541	0
1361	602	0
1361	1032	1
1361	1441	0
1361	2053	1
1361	2319	1
1361	2384	0
1361	2500	1
1361	3091	1
1362	557	1
1362	648	1
1362	824	0
1362	1125	1
1362	1220	1
1362	1267	0
1362	1717	0
1362	1776	1
1362	2145	0
1362	2451	0
1363	213	0
1363	548	0
1363	924	1
1363	1026	0
1363	1314	1
1363	1615	1
1363	1640	0
1363	2030	1
1363	2809	1
1363	2927	0
1364	203	1
1364	566	1
1364	1201	1
1364	1221	0
1364	1991	0
1364	2221	0
1364	2375	0
1364	2595	1
1364	2938	1
1364	3000	0
1365	221	1
1365	640	1
1365	712	0
1365	975	0
1365	1264	0
1365	2046	1
1365	2062	0
1365	2327	0
1365	2661	1
1365	2863	1
1366	654	0
1366	804	1
1366	1348	0
1366	1573	0
1366	1673	0
1366	2101	0
1366	2266	1
1366	2312	1
1366	3060	1
1366	3115	1
1367	299	0
1367	424	1
1367	546	1
1367	606	0
1367	729	0
1367	1195	1
1367	2419	1
1367	2609	1
1367	2756	0
1367	3007	0
1368	429	1
1368	656	1
1368	716	0
1368	796	0
1368	1066	1
1368	1487	0
1368	1629	1
1368	1746	1
1368	2794	0
1368	3187	0
1369	125	0
1369	221	0
1369	823	0
1369	1217	0
1369	1304	1
1369	1841	1
1369	1858	0
1369	2963	1
1369	3049	1
1369	3242	1
1370	0	0
1370	871	1
1370	1255	1
1370	1267	1
1370	1370	0
1370	1495	1
1370	2220	0
1370	2330	1
1370	2940	0
1370	3031	0
1371	52	1
1371	472	1
1371	503	0
1371	534	0
1371	1283	1
1371	1629	1
1371	1687	0
1371	2211	0
1371	2517	1
1371	2518	0
1372	208	1
1372	350	0
1372	818	0
1372	1160	1
1372	1172	0
1372	1324	1
1372	1453	0
1372	2277	1
1372	2555	1
1372	2992	0
1373	1366	1
1373	1485	0
1373	1746	1
1373	2020	0
1373	2211	0
1373	2375	1
1373	2418	1
1373	2463	0
1373	2540	0
1373	2863	1
1374	50	0
1374	220	1
1374	257	1
1374	570	0
1374	758	1
1374	1174	1
1374	1391	0
1374	1617	0
1374	1990	1
1374	2137	0
1375	604	1
1375	1607	1
1375	1614	1
1375	1652	0
1375	1711	0
1375	1847	0
1375	2011	0
1375	2529	1
1375	3131	0
1375	3227	1
1376	198	1
1376	257	0
1376	786	0
1376	908	1
1376	940	0
1376	957	0
1376	1453	0
1376	2031	1
1376	2427	1
1376	3020	1
1377	35	1
1377	203	1
1377	554	1
1377	1027	0
1377	1327	1
1377	1927	0
1377	2023	1
1377	2271	0
1377	2450	0
1377	2528	0
1378	105	1
1378	161	1
1378	398	0
1378	961	1
1378	1262	0
1378	1285	1
1378	1414	0
1378	2451	0
1378	2881	1
1378	3122	0
1379	384	0
1379	791	0
1379	1046	1
1379	1108	0
1379	1207	1
1379	1605	1
1379	2239	0
1379	2557	1
1379	2848	1
1379	3015	0
1380	566	0
1380	592	1
1380	1064	1
1380	1565	0
1380	1960	0
1380	2322	0
1380	2348	1
1380	2359	0
1380	3104	1
1380	3221	1
1381	252	1
1381	472	0
1381	604	0
1381	1063	0
1381	1242	1
1381	1717	1
1381	2046	1
1381	2418	1
1381	2835	0
1381	3216	0
1382	364	1
1382	459	1
1382	579	1
1382	747	1
1382	1202	0
1382	1613	0
1382	1675	0
1382	1796	1
1382	1825	0
1382	2677	0
1383	203	1
1383	209	1
1383	1212	1
1383	1314	0
1383	1477	0
1383	2091	0
1383	2499	1
1383	2509	1
1383	3157	0
1383	3163	0
1384	117	0
1384	613	0
1384	1014	0
1384	1378	0
1384	1592	1
1384	1676	0
1384	1772	1
1384	1972	1
1384	2269	1
1384	2932	1
1385	274	0
1385	428	0
1385	1137	1
1385	1560	1
1385	1752	0
1385	1972	1
1385	2037	0
1385	2088	1
1385	3035	0
1385	3156	1
1386	208	1
1386	900	1
1386	977	1
1386	1159	1
1386	1565	1
1386	1702	0
1386	1751	0
1386	2419	0
1386	2596	0
1386	3075	0
1387	239	0
1387	506	1
1387	507	0
1387	592	0
1387	967	1
1387	2421	0
1387	2551	0
1387	2834	1
1387	2960	1
1387	3196	1
1388	848	0
1388	1123	1
1388	1587	0
1388	1635	1
1388	2016	0
1388	2109	1
1388	2318	1
1388	2320	1
1388	2883	0
1388	2892	0
1389	220	0
1389	960	1
1389	1037	0
1389	1047	0
1389	1211	1
1389	1512	1
1389	1753	0
1389	2150	1
1389	2271	1
1389	2794	0
1390	503	0
1390	555	1
1390	913	0
1390	923	0
1390	1241	0
1390	1297	0
1390	1525	1
1390	1566	1
1390	1592	1
1390	2268	1
1391	296	1
1391	336	0
1391	804	0
1391	885	0
1391	1111	1
1391	1476	1
1391	1523	1
1391	2486	0
1391	2706	0
1391	3094	1
1392	257	0
1392	461	1
1392	506	1
1392	758	1
1392	1332	0
1392	2211	1
1392	2418	1
1392	2669	0
1392	2950	0
1392	2956	0
1393	251	0
1393	507	1
1393	994	0
1393	1211	0
1393	1512	1
1393	1565	1
1393	1972	1
1393	1974	0
1393	2785	1
1393	3208	0
1394	19	0
1394	209	0
1394	237	1
1394	250	0
1394	487	0
1394	1117	1
1394	1307	1
1394	1746	1
1394	2278	0
1394	3196	1
1395	117	0
1395	344	1
1395	497	1
1395	1008	0
1395	1340	1
1395	1344	0
1395	1952	0
1395	2328	0
1395	2760	1
1395	2778	1
1396	221	1
1396	540	1
1396	660	0
1396	838	1
1396	961	1
1396	1221	1
1396	1340	0
1396	1975	0
1396	2329	0
1396	2477	0
1397	278	0
1397	404	0
1397	797	1
1397	1346	0
1397	1634	0
1397	1881	1
1397	1991	1
1397	3005	0
1397	3226	1
1397	3252	1
1398	86	0
1398	299	0
1398	517	1
1398	794	1
1398	1126	0
1398	1264	0
1398	1552	1
1398	1990	1
1398	2101	0
1398	2238	1
1399	135	1
1399	508	1
1399	570	1
1399	968	1
1399	1036	0
1399	1391	0
1399	2209	0
1399	2221	1
1399	2722	0
1399	2932	0
1400	86	1
1400	390	1
1400	546	1
1400	824	0
1400	1047	0
1400	2158	0
1400	2848	1
1400	2863	1
1400	3107	0
1400	3220	0
1401	277	1
1401	645	0
1401	1042	1
1401	1229	0
1401	1470	0
1401	1590	0
1401	2064	1
1401	2453	1
1401	2653	1
1401	3213	0
1402	478	1
1402	913	1
1402	1592	0
1402	1675	1
1402	1794	0
1402	1819	0
1402	2157	0
1402	2315	1
1402	2477	0
1402	3086	1
1403	206	1
1403	654	0
1403	1251	0
1403	1523	0
1403	2133	1
1403	2222	0
1403	2557	1
1403	2809	1
1403	3213	0
1403	3238	1
1404	110	1
1404	896	1
1404	958	1
1404	1379	0
1404	1588	1
1404	1964	0
1404	1990	0
1404	2437	0
1404	2551	1
1404	2925	0
1405	507	0
1405	598	1
1405	1138	0
1405	1242	0
1405	1255	0
1405	2375	1
1405	2385	1
1405	2630	1
1405	2640	1
1405	3035	0
1406	22	1
1406	1207	0
1406	1730	1
1406	1972	1
1406	2083	0
1406	2307	0
1406	2466	1
1406	2775	1
1406	3146	0
1406	3152	0
1407	195	0
1407	450	1
1407	514	1
1407	547	0
1407	797	0
1407	1139	1
1407	1179	1
1407	2137	0
1407	2814	1
1407	3095	0
1408	87	1
1408	208	1
1408	503	0
1408	648	0
1408	748	1
1408	1127	0
1408	1592	1
1408	2112	0
1408	2770	1
1408	3031	0
1409	122	0
1409	592	0
1409	1204	1
1409	1207	1
1409	2001	0
1409	2278	1
1409	2403	0
1409	2782	1
1409	2797	1
1409	3031	0
1410	135	0
1410	274	0
1410	1284	1
1410	1552	1
1410	1615	0
1410	1646	0
1410	1797	1
1410	2133	1
1410	2466	0
1410	2828	1
1411	295	0
1411	772	0
1411	845	0
1411	1117	1
1411	1194	1
1411	1211	1
1411	1641	0
1411	1711	0
1411	2418	1
1411	3208	1
1412	339	1
1412	340	0
1412	518	0
1412	1652	1
1412	1856	1
1412	1951	0
1412	1983	1
1412	2484	0
1412	2513	0
1412	3078	1
1413	16	1
1413	110	0
1413	209	1
1413	793	1
1413	994	0
1413	1592	0
1413	2253	1
1413	2278	0
1413	2370	0
1413	2938	1
1414	177	1
1414	368	1
1414	403	0
1414	1046	1
1414	1072	0
1414	1369	1
1414	1790	0
1414	1859	1
1414	2030	0
1414	2824	0
1415	1291	1
1415	1595	0
1415	1820	0
1415	2312	0
1415	2350	0
1415	2351	0
1415	2662	1
1415	2867	1
1415	2886	1
1415	2918	1
1416	121	0
1416	653	0
1416	1636	1
1416	2151	1
1416	2459	0
1416	2706	1
1416	2712	0
1416	2988	0
1416	3195	1
1416	3213	1
1417	164	1
1417	251	1
1417	319	1
1417	1086	0
1417	1622	0
1417	2379	1
1417	2384	0
1417	2413	1
1417	2496	0
1417	3243	0
1418	39	1
1418	618	0
1418	686	1
1418	1209	0
1418	2157	0
1418	2216	1
1418	2466	1
1418	2967	0
1418	3016	1
1418	3184	0
1419	12	1
1419	155	0
1419	257	0
1419	302	1
1419	507	1
1419	1370	0
1419	1776	0
1419	2318	1
1419	2479	0
1419	2557	1
1420	29	1
1420	411	0
1420	731	0
1420	783	0
1420	1321	1
1420	1823	0
1420	1879	1
1420	1955	1
1420	2016	0
1420	2219	1
1421	222	1
1421	951	1
1421	960	1
1421	1062	0
1421	1601	1
1421	1915	0
1421	1927	0
1421	2460	0
1421	2915	1
1421	3075	0
1422	136	0
1422	221	1
1422	403	1
1422	434	1
1422	932	0
1422	1555	0
1422	1622	0
1422	1955	1
1422	2222	1
1422	2557	0
1423	578	0
1423	1796	1
1423	1948	0
1423	2108	1
1423	2557	1
1423	2581	1
1423	2619	0
1423	3060	0
1423	3070	0
1423	3172	1
1424	228	0
1424	1005	1
1424	1301	1
1424	1420	0
1424	1646	1
1424	1972	0
1424	2680	1
1424	2809	0
1424	3005	1
1424	3039	0
1425	278	1
1425	697	0
1425	784	1
1425	1011	0
1425	1226	0
1425	1680	1
1425	1760	0
1425	2794	1
1425	2909	0
1425	3203	1
1426	173	0
1426	447	1
1426	1069	1
1426	1322	0
1426	1803	1
1426	2240	0
1426	2419	1
1426	2557	1
1426	2631	0
1426	2988	0
1427	204	1
1427	221	0
1427	389	0
1427	517	1
1427	601	1
1427	1056	0
1427	1106	0
1427	1485	1
1427	2618	0
1427	2818	1
1428	77	0
1428	239	1
1428	1135	0
1428	1734	0
1428	2024	1
1428	2483	1
1428	2773	0
1428	2928	1
1428	2984	0
1428	3000	1
1429	290	0
1429	506	0
1429	1686	0
1429	1775	1
1429	1816	1
1429	2101	1
1429	2418	1
1429	2456	0
1429	2513	0
1429	3156	1
1430	515	0
1430	624	0
1430	786	1
1430	1575	1
1430	1636	0
1430	1731	0
1430	1808	0
1430	1907	1
1430	2517	1
1430	2958	1
1431	8	1
1431	208	0
1431	210	0
1431	222	0
1431	550	1
1431	610	1
1431	2217	1
1431	2467	1
1431	2938	0
1431	3215	0
1432	388	1
1432	664	1
1432	895	1
1432	1093	0
1432	1388	0
1432	1823	0
1432	2594	1
1432	2599	0
1432	2766	0
1432	2890	1
1433	368	0
1433	994	1
1433	1004	1
1433	1476	1
1433	1566	1
1433	1676	0
1433	2209	0
1433	2494	0
1433	2761	1
1433	2944	0
1434	167	1
1434	206	0
1434	403	0
1434	422	0
1434	1046	1
1434	1330	0
1434	1476	1
1434	1591	1
1434	1780	1
1434	1990	0
1435	195	1
1435	649	1
1435	656	1
1435	1047	0
1435	1126	1
1435	1135	0
1435	1731	0
1435	2623	1
1435	2875	0
1435	3042	0
1436	167	1
1436	174	1
1436	224	0
1436	558	0
1436	720	1
1436	1615	1
1436	1803	0
1436	2157	0
1436	2354	1
1436	2999	0
1437	52	0
1437	206	0
1437	360	0
1437	883	1
1437	1944	1
1437	2032	1
1437	2557	1
1437	2978	0
1437	3020	1
1437	3178	0
1438	206	0
1438	664	1
1438	722	1
1438	995	0
1438	1201	1
1438	1354	1
1438	1636	1
1438	2133	0
1438	3031	0
1438	3138	0
1439	423	1
1439	1843	0
1439	1883	0
1439	2025	0
1439	2755	1
1439	2770	1
1439	2818	1
1439	2863	1
1439	2955	0
1439	3216	0
1440	733	1
1440	901	0
1440	1314	0
1440	1358	1
1440	1485	1
1440	1784	1
1440	2157	0
1440	2427	0
1440	2842	0
1440	2960	1
1441	648	0
1441	737	0
1441	748	1
1441	1366	1
1441	1590	0
1441	1838	0
1441	2466	1
1441	2479	1
1441	2627	0
1441	2782	1
1442	169	0
1442	171	1
1442	440	0
1442	615	0
1442	707	1
1442	919	0
1442	1020	1
1442	1283	1
1442	1454	0
1442	2953	1
1443	52	1
1443	148	0
1443	224	1
1443	1476	0
1443	1495	0
1443	1985	0
1443	2264	1
1443	2411	0
1443	2517	1
1443	2858	1
1444	86	1
1444	106	0
1444	403	1
1444	716	0
1444	758	0
1444	1207	1
1444	1774	0
1444	2384	0
1444	3138	1
1444	3213	1
1445	410	1
1445	953	1
1445	2296	0
1445	2375	0
1445	2543	1
1445	2734	1
1445	2809	0
1445	2938	0
1445	2990	0
1445	3163	1
1446	324	1
1446	350	0
1446	411	1
1446	758	0
1446	850	1
1446	1640	1
1446	2151	1
1446	2211	0
1446	2697	0
1446	3038	0
1447	295	0
1447	758	1
1447	1024	1
1447	1283	1
1447	1974	0
1447	2822	1
1447	3044	0
1447	3052	0
1447	3055	0
1447	3139	1
1448	21	0
1448	390	1
1448	1026	1
1448	1675	0
1448	1858	1
1448	1864	1
1448	2135	1
1448	2152	0
1448	2690	0
1448	2834	0
1449	165	0
1449	1026	0
1449	1211	0
1449	1373	0
1449	1478	1
1449	1892	1
1449	2164	0
1449	3000	1
1449	3020	1
1449	3078	1
1450	220	1
1450	461	1
1450	1565	0
1450	1886	0
1450	2277	1
1450	2295	0
1450	2413	1
1450	2753	1
1450	2968	0
1450	3045	0
1451	920	1
1451	1750	0
1451	1887	0
1451	2156	0
1451	2387	1
1451	2418	1
1451	3086	1
1451	3087	1
1451	3211	0
1451	3227	0
1452	520	0
1452	1194	0
1452	1485	1
1452	1523	0
1452	1652	1
1452	2603	1
1452	2708	1
1452	2877	1
1452	3059	0
1452	3139	0
1453	506	1
1453	654	1
1453	987	0
1453	1054	0
1453	1284	1
1453	1790	0
1453	2141	0
1453	2313	0
1453	3154	1
1453	3216	1
1454	793	0
1454	796	1
1454	826	1
1454	1363	0
1454	1615	1
1454	2066	0
1454	2458	1
1454	2529	0
1454	2595	1
1454	2990	0
1455	793	1
1455	1000	0
1455	1223	0
1455	1436	0
1455	1746	1
1455	2083	1
1455	2269	0
1455	2541	1
1455	2557	1
1455	2582	0
1456	148	0
1456	257	1
1456	497	1
1456	850	1
1456	1429	1
1456	1512	0
1456	1737	0
1456	2030	1
1456	2195	0
1456	3091	0
1457	324	1
1457	422	1
1457	637	1
1457	1570	0
1457	2296	0
1457	2562	1
1457	2676	1
1457	2831	0
1457	2960	0
1457	3223	0
1458	221	0
1458	429	1
1458	487	0
1458	1239	1
1458	1546	0
1458	1652	1
1458	2818	0
1458	2932	0
1458	3009	1
1458	3213	1
1459	92	0
1459	1056	0
1459	1115	0
1459	1552	1
1459	2151	1
1459	2221	1
1459	2755	0
1459	2863	1
1459	2916	1
1459	2928	0
1460	24	0
1460	216	1
1460	277	1
1460	691	1
1460	1154	0
1460	1652	0
1460	1947	0
1460	2152	1
1460	2352	0
1460	3220	1
1461	523	1
1461	975	0
1461	1046	0
1461	1118	1
1461	1570	1
1461	1825	1
1461	1965	0
1461	2023	0
1461	2066	1
1461	2680	0
1462	274	0
1462	387	0
1462	994	0
1462	1972	1
1462	2309	1
1462	2361	1
1462	2609	1
1462	2848	1
1462	2959	0
1462	3060	0
1463	479	0
1463	588	1
1463	1353	1
1463	1447	1
1463	1560	0
1463	2211	1
1463	2619	0
1463	2706	0
1463	3021	1
1463	3120	0
1464	550	1
1464	641	1
1464	656	1
1464	1552	0
1464	1654	0
1464	1796	1
1464	1931	0
1464	2109	1
1464	2877	0
1464	2878	0
1465	403	1
1465	503	1
1465	638	0
1465	831	1
1465	1239	0
1465	2418	1
1465	2421	1
1465	2566	0
1465	2619	0
1465	3050	0
1466	27	0
1466	425	1
1466	610	0
1466	659	0
1466	890	0
1466	1160	1
1466	1284	1
1466	2809	0
1466	3020	1
1466	3238	1
1467	103	0
1467	466	1
1467	899	1
1467	1476	1
1467	1660	0
1467	1675	1
1467	2096	0
1467	2681	0
1467	2978	1
1467	3044	0
1468	80	0
1468	600	0
1468	972	0
1468	1050	1
1468	1363	1
1468	1730	0
1468	2000	1
1468	2032	1
1468	2484	0
1468	2848	1
1469	22	1
1469	206	0
1469	208	1
1469	588	1
1469	1172	0
1469	1301	0
1469	1514	1
1469	1523	1
1469	1590	0
1469	2863	0
1470	319	1
1470	440	1
1470	1526	0
1470	1552	0
1470	2073	0
1470	3009	1
1470	3026	0
1470	3075	0
1470	3076	1
1470	3216	1
1471	165	0
1471	434	0
1471	478	1
1471	497	0
1471	502	1
1471	1676	1
1471	2055	0
1471	2437	1
1471	2706	0
1471	3182	1
1472	294	1
1472	660	1
1472	670	0
1472	1081	0
1472	1138	1
1472	1333	1
1472	2596	0
1472	2713	1
1472	2729	0
1472	2809	0
1473	148	1
1473	938	1
1473	1011	0
1473	1307	1
1473	1734	0
1473	2327	0
1473	2906	0
1473	3050	1
1473	3076	0
1473	3213	1
1474	1322	0
1474	1685	0
1474	2023	1
1474	2251	0
1474	2268	1
1474	2337	0
1474	2462	0
1474	2486	1
1474	2643	1
1474	3009	1
1475	33	0
1475	376	1
1475	570	0
1475	1118	0
1475	1474	1
1475	1709	1
1475	1870	0
1475	2585	1
1475	3034	1
1475	3073	0
1476	977	0
1476	1117	1
1476	1324	1
1476	1754	0
1476	1991	0
1476	2361	1
1476	2519	1
1476	2762	0
1476	3021	0
1476	3058	1
1477	835	1
1477	871	1
1477	994	0
1477	1001	0
1477	1579	0
1477	1746	1
1477	2098	1
1477	2277	1
1477	2343	0
1477	2822	0
1478	644	1
1478	1267	0
1478	1539	0
1478	1654	1
1478	1676	0
1478	2001	1
1478	2143	1
1478	2174	0
1478	2285	1
1478	3238	0
1479	697	1
1479	994	0
1479	1166	1
1479	1290	0
1479	1495	1
1479	1598	0
1479	2407	0
1479	2640	1
1479	2670	0
1479	3052	1
1480	222	1
1480	372	0
1480	391	0
1480	674	0
1480	941	1
1480	1117	1
1480	1734	1
1480	2046	1
1480	2960	0
1480	3058	0
1481	17	1
1481	206	1
1481	350	0
1481	1061	0
1481	1266	1
1481	1300	0
1481	2063	0
1481	2101	1
1481	2753	1
1481	3253	0
1482	586	0
1482	823	1
1482	1036	0
1482	1214	1
1482	1255	0
1482	1636	1
1482	1787	1
1482	2247	0
1482	2941	1
1482	3138	0
1483	216	0
1483	252	0
1483	299	1
1483	897	0
1483	1022	1
1483	1292	0
1483	1386	1
1483	1530	1
1483	2283	1
1483	3074	0
1484	250	0
1484	690	1
1484	968	0
1484	1361	1
1484	1746	1
1484	1888	0
1484	1949	0
1484	2015	0
1484	2483	1
1484	3066	1
1485	195	0
1485	235	0
1485	544	1
1485	796	0
1485	1685	0
1485	1734	1
1485	1803	1
1485	2562	1
1485	2662	1
1485	3066	0
1486	125	1
1486	255	0
1486	312	1
1486	400	1
1486	644	1
1486	1092	0
1486	2234	0
1486	2299	0
1486	2425	1
1486	3091	0
1487	41	1
1487	164	0
1487	350	0
1487	661	1
1487	943	0
1487	1026	0
1487	1566	1
1487	1653	1
1487	2315	1
1487	2662	0
1488	88	1
1488	289	0
1488	387	0
1488	797	0
1488	1495	1
1488	1943	0
1488	2517	0
1488	2565	1
1488	2593	1
1488	2858	1
1489	791	0
1489	938	1
1489	1139	0
1489	1476	1
1489	1550	0
1489	2036	1
1489	2143	0
1489	2222	0
1489	2729	1
1489	2875	1
1490	390	1
1490	1346	1
1490	1485	1
1490	1595	0
1490	1972	1
1490	2078	0
1490	2154	0
1490	2178	1
1490	2463	0
1490	2783	0
1491	216	0
1491	337	1
1491	733	1
1491	1017	1
1491	1060	0
1491	1642	1
1491	1746	1
1491	1929	0
1491	2348	0
1491	2706	0
1492	944	1
1492	1278	0
1492	1812	1
1492	2118	1
1492	2216	1
1492	2484	0
1492	2583	0
1492	2816	1
1492	2863	0
1492	2941	0
1493	274	1
1493	463	0
1493	737	1
1493	1129	1
1493	2095	0
1493	2406	1
1493	2557	0
1493	2690	0
1493	2938	0
1493	3213	1
1494	21	0
1494	237	1
1494	970	1
1494	1046	1
1494	1056	0
1494	1476	1
1494	1545	0
1494	1560	0
1494	2756	0
1494	2828	1
1495	148	1
1495	660	0
1495	1307	1
1495	1322	0
1495	1552	0
1495	2384	0
1495	2425	1
1495	2906	0
1495	3020	1
1495	3213	1
1496	92	0
1496	221	0
1496	534	1
1496	1356	1
1496	1550	0
1496	2136	0
1496	2143	1
1496	2449	1
1496	2583	1
1496	3055	0
1497	901	0
1497	1122	0
1497	1160	1
1497	1591	0
1497	1746	1
1497	1847	0
1497	2425	0
1497	2816	1
1497	2968	1
1497	3187	1
1498	559	1
1498	675	1
1498	1282	1
1498	1693	1
1498	1866	0
1498	1892	0
1498	1953	0
1498	2466	1
1498	3020	0
1498	3084	0
1499	6	0
1499	38	0
1499	278	1
1499	344	1
1499	890	1
1499	1803	1
1499	1924	0
1499	2352	0
1499	2960	1
1499	3216	0
1500	80	1
1500	208	1
1500	221	1
1500	466	1
1500	507	0
1500	2132	0
1500	2230	0
1500	2689	1
1500	2691	0
1500	2822	0
1501	148	1
1501	217	1
1501	221	0
1501	597	0
1501	765	1
1501	1792	1
1501	1990	1
1501	2476	0
1501	2764	0
1501	2881	0
1502	52	1
1502	616	0
1502	1272	0
1502	1888	1
1502	1953	1
1502	2005	0
1502	2111	0
1502	2916	1
1502	3065	1
1502	3076	0
1503	137	0
1503	503	0
1503	567	0
1503	758	1
1503	1527	1
1503	1566	1
1503	1870	1
1503	2464	1
1503	2517	0
1503	2635	0
1504	507	1
1504	671	0
1504	938	1
1504	1117	1
1504	1304	0
1504	1418	0
1504	1695	1
1504	3000	0
1504	3042	0
1504	3084	1
1505	121	1
1505	252	1
1505	577	1
1505	878	0
1505	1036	0
1505	1682	1
1505	2135	1
1505	2307	0
1505	2517	0
1505	2775	0
1506	85	0
1506	208	1
1506	660	1
1506	980	0
1506	1020	0
1506	1233	0
1506	1304	0
1506	2466	1
1506	2863	1
1506	3038	1
1507	31	0
1507	472	1
1507	1283	0
1507	1307	1
1507	1329	1
1507	1346	1
1507	1408	0
1507	1888	0
1507	1979	1
1507	3213	0
1508	257	0
1508	344	1
1508	1476	1
1508	2319	1
1508	2460	0
1508	2466	0
1508	2782	1
1508	2789	0
1508	2960	1
1508	2995	0
1509	29	0
1509	262	1
1509	517	1
1509	598	1
1509	758	0
1509	1304	0
1509	2512	0
1509	2618	1
1509	2960	1
1509	2968	0
1510	495	0
1510	916	0
1510	933	0
1510	1087	0
1510	1723	1
1510	1727	1
1510	1888	1
1510	2316	1
1510	3176	0
1510	3227	1
1511	1123	1
1511	1444	0
1511	1605	1
1511	2095	0
1511	2133	1
1511	2251	1
1511	2319	0
1511	2708	1
1511	2965	0
1511	3230	0
1512	308	0
1512	523	1
1512	601	1
1512	908	0
1512	1105	0
1512	2281	1
1512	2731	1
1512	2941	0
1512	3021	0
1512	3044	1
1513	403	0
1513	927	0
1513	994	1
1513	1226	1
1513	1566	1
1513	2011	0
1513	2316	1
1513	2437	0
1513	2470	1
1513	2583	0
1514	196	1
1514	289	0
1514	390	0
1514	412	1
1514	951	0
1514	1083	0
1514	1552	1
1514	2020	1
1514	2995	1
1514	3131	0
1515	27	0
1515	336	0
1515	467	0
1515	546	1
1515	858	1
1515	960	1
1515	1743	0
1515	2024	1
1515	2449	0
1515	2557	1
1516	1346	1
1516	1590	0
1516	1654	0
1516	1731	0
1516	1990	1
1516	2278	1
1516	2299	1
1516	2421	0
1516	2557	1
1516	3178	0
1517	276	0
1517	309	0
1517	324	1
1517	478	1
1517	1398	1
1517	1648	1
1517	1772	0
1517	2335	0
1517	2939	0
1517	3020	1
1518	24	1
1518	472	0
1518	641	1
1518	847	0
1518	1117	1
1518	1711	0
1518	1936	0
1518	2863	1
1518	2877	0
1518	3078	1
1519	560	0
1519	582	0
1519	1365	1
1519	2032	0
1519	2308	1
1519	2424	1
1519	2565	1
1519	3023	1
1519	3075	0
1519	3227	0
1520	1165	0
1520	1634	1
1520	2030	1
1520	2046	1
1520	2133	0
1520	2229	0
1520	2373	0
1520	2752	1
1520	2877	1
1520	3242	0
1521	86	1
1521	447	0
1521	570	0
1521	868	0
1521	994	0
1521	999	1
1521	1193	1
1521	1872	1
1521	1943	0
1521	2671	1
1522	88	1
1522	246	0
1522	1375	0
1522	1596	0
1522	1806	0
1522	2023	1
1522	2342	0
1522	2453	1
1522	2882	1
1522	2938	1
1523	279	0
1523	552	1
1523	765	0
1523	1454	1
1523	1990	1
1523	2109	1
1523	2157	0
1523	2312	0
1523	2828	1
1523	3231	0
1524	221	1
1524	675	0
1524	992	0
1524	1636	1
1524	1648	1
1524	1686	0
1524	1937	0
1524	2755	1
1524	3238	1
1524	3247	0
1525	174	0
1525	389	1
1525	1118	0
1525	1269	0
1525	1345	0
1525	1709	0
1525	1757	1
1525	2618	1
1525	2818	1
1525	2863	1
1526	676	0
1526	916	0
1526	985	1
1526	1117	0
1526	1476	1
1526	1527	0
1526	1886	1
1526	1893	0
1526	2431	1
1526	3163	1
1527	171	1
1527	732	1
1527	1187	0
1527	1563	0
1527	1803	0
1527	2728	1
1527	2816	1
1527	2968	1
1527	3130	0
1527	3226	0
1528	86	1
1528	239	1
1528	765	0
1528	823	0
1528	1352	0
1528	1406	1
1528	1711	0
1528	2277	1
1528	2464	0
1528	2889	1
1529	88	1
1529	550	1
1529	627	1
1529	678	0
1529	701	0
1529	2270	0
1529	2342	0
1529	2362	0
1529	2381	1
1529	3154	1
1530	910	0
1530	1404	1
1530	1408	1
1530	1462	1
1530	1491	1
1530	1896	1
1530	2172	0
1530	2857	0
1530	2981	0
1530	3153	0
1531	254	0
1531	260	0
1531	503	1
1531	1476	1
1531	1786	1
1531	1897	1
1531	2223	0
1531	2469	0
1531	2638	1
1531	2770	0
1532	536	0
1532	706	1
1532	1063	0
1532	1106	0
1532	1303	0
1532	1964	1
1532	2062	0
1532	2266	1
1532	2561	1
1532	3094	1
1533	167	1
1533	453	1
1533	716	1
1533	747	1
1533	1454	0
1533	1929	0
1533	1969	0
1533	2316	0
1533	2505	0
1533	2704	1
1534	707	0
1534	954	1
1534	1021	0
1534	1283	0
1534	1446	0
1534	1858	0
1534	1919	1
1534	2020	1
1534	2463	1
1534	3156	1
1535	806	0
1535	1340	0
1535	1565	1
1535	1589	1
1535	1634	0
1535	1806	0
1535	2222	1
1535	2557	1
1535	2599	0
1535	3138	1
1536	169	0
1536	744	0
1536	854	0
1536	938	1
1536	1653	1
1536	2385	1
1536	2463	0
1536	2510	1
1536	2791	0
1536	3200	1
1537	174	0
1537	244	0
1537	1001	1
1537	1746	0
1537	1928	0
1537	2375	0
1537	2447	1
1537	2464	1
1537	2622	1
1537	2738	1
1538	1036	1
1538	1555	0
1538	1870	0
1538	2209	0
1538	2483	0
1538	2818	1
1538	3017	1
1538	3058	0
1538	3139	1
1538	3213	1
1539	52	0
1539	169	1
1539	697	1
1539	924	1
1539	1784	1
1539	1892	1
1539	2000	0
1539	2453	0
1539	2618	0
1539	2946	0
1540	493	0
1540	1213	1
1540	1481	1
1540	1926	0
1540	2331	1
1540	2791	0
1540	2878	1
1540	2943	0
1540	3020	1
1540	3160	0
1541	39	0
1541	52	0
1541	508	0
1541	566	1
1541	788	0
1541	926	0
1541	1956	1
1541	2549	1
1541	2717	1
1541	2990	1
1542	546	1
1542	1136	1
1542	1307	1
1542	1879	0
1542	1924	1
1542	2177	1
1542	2706	0
1542	2794	0
1542	3086	0
1542	3213	0
1543	174	1
1543	605	1
1543	675	0
1543	904	1
1543	1271	0
1543	1301	0
1543	1972	0
1543	2088	1
1543	2157	1
1543	2459	0
1544	180	1
1544	403	0
1544	1205	0
1544	1523	1
1544	2195	0
1544	2503	0
1544	2561	1
1544	2818	1
1544	2934	0
1544	2990	1
1545	265	0
1545	881	0
1545	1118	1
1545	1345	1
1545	1634	0
1545	1749	1
1545	1870	0
1545	2284	1
1545	2801	1
1545	2884	0
1546	761	0
1546	1117	0
1546	1239	1
1546	1291	0
1546	1696	1
1546	1955	1
1546	2300	0
1546	2421	1
1546	2828	0
1546	3094	1
1547	806	1
1547	970	1
1547	1429	0
1547	1440	0
1547	1558	0
1547	1634	0
1547	1789	1
1547	1927	1
1547	2528	0
1547	3249	1
1548	519	1
1548	944	1
1548	1306	0
1548	1418	0
1548	1475	1
1548	1808	1
1548	2187	0
1548	2370	0
1548	2719	0
1548	2938	1
1549	384	0
1549	1123	0
1549	1252	0
1549	1469	1
1549	1663	0
1549	2335	1
1549	2442	0
1549	2547	1
1549	2640	1
1549	3220	1
1550	498	1
1550	641	1
1550	950	0
1550	981	0
1550	1207	1
1550	1749	0
1550	2410	1
1550	2538	0
1550	2697	1
1550	3003	0
1551	336	1
1551	585	1
1551	617	0
1551	1116	0
1551	1207	1
1551	1786	0
1551	1800	1
1551	2106	0
1551	2319	0
1551	2783	1
1552	74	0
1552	295	0
1552	1215	0
1552	2248	0
1552	2284	1
1552	2307	0
1552	2425	1
1552	2619	1
1552	3044	1
1552	3094	1
1553	52	1
1553	479	1
1553	1013	0
1553	1211	0
1553	1506	0
1553	1972	1
1553	2375	1
1553	2557	1
1553	2984	0
1553	3202	0
1554	86	1
1554	96	0
1554	1021	0
1554	1024	0
1554	2016	0
1554	2097	0
1554	2108	1
1554	2557	1
1554	2672	1
1554	2809	1
1555	248	1
1555	1780	0
1555	1825	1
1555	1856	0
1555	1917	0
1555	1956	0
1555	2223	1
1555	2467	0
1555	2551	1
1555	2565	1
1556	57	1
1556	276	0
1556	299	0
1556	908	1
1556	1146	1
1556	1640	1
1556	2253	1
1556	2418	0
1556	3154	0
1556	3163	0
1557	208	1
1557	872	1
1557	1011	0
1557	1794	0
1557	1972	1
1557	2399	0
1557	2806	0
1557	2960	1
1557	2968	1
1557	3112	0
1558	216	0
1558	295	0
1558	1017	1
1558	1446	1
1558	1784	0
1558	2136	1
1558	2519	1
1558	2681	0
1558	2950	0
1558	3138	1
1559	527	0
1559	623	1
1559	884	0
1559	1536	1
1559	1866	0
1559	2139	1
1559	2221	1
1559	2752	1
1559	2801	0
1559	2829	0
1560	203	1
1560	248	1
1560	311	0
1560	571	1
1560	1117	1
1560	1391	0
1560	1598	0
1560	1963	0
1560	2354	1
1560	2485	0
1561	86	0
1561	670	1
1561	737	0
1561	1429	1
1561	1555	1
1561	2001	1
1561	2228	0
1561	2491	0
1561	2496	0
1561	3129	1
1562	213	0
1562	1030	1
1562	1118	0
1562	1955	1
1562	1972	0
1562	2143	1
1562	2466	0
1562	2583	1
1562	2585	1
1562	2620	0
1563	183	0
1563	252	1
1563	1047	1
1563	1241	0
1563	1552	1
1563	1972	0
1563	2375	0
1563	2557	1
1563	2753	1
1563	3004	0
1564	97	0
1564	459	1
1564	1021	0
1564	1118	1
1564	1317	0
1564	1560	0
1564	2618	1
1564	2958	1
1564	3092	1
1564	3106	0
1565	181	1
1565	442	0
1565	624	1
1565	875	1
1565	1679	1
1565	1892	1
1565	1927	0
1565	1972	0
1565	2417	0
1565	2692	0
1566	633	0
1566	1067	0
1566	1115	0
1566	1284	1
1566	1711	0
1566	1818	1
1566	1972	1
1566	2768	0
1566	3038	1
1566	3087	1
1567	332	0
1567	487	0
1567	633	0
1567	640	1
1567	660	0
1567	938	1
1567	1269	0
1567	2284	1
1567	2716	1
1567	3038	1
1568	299	1
1568	517	1
1568	716	1
1568	1763	0
1568	1806	0
1568	1830	1
1568	2164	0
1568	2178	0
1568	2276	0
1568	2756	1
1569	86	0
1569	1474	0
1569	1648	0
1569	2020	1
1569	2512	0
1569	2651	1
1569	2848	1
1569	2858	1
1569	3014	1
1569	3151	0
1570	370	1
1570	592	0
1570	847	0
1570	1250	0
1570	1892	0
1570	1920	0
1570	1960	1
1570	2260	1
1570	2453	1
1570	2938	1
1571	560	1
1571	998	0
1571	1565	0
1571	1722	0
1571	1960	1
1571	1991	1
1571	2706	1
1571	2920	0
1571	2945	1
1571	3044	0
1572	1165	1
1572	1377	1
1572	1394	0
1572	2454	0
1572	2533	0
1572	2704	1
1572	2830	0
1572	3026	1
1572	3085	0
1572	3163	1
1573	1227	0
1573	1346	0
1573	1449	1
1573	1635	1
1573	1654	0
1573	1972	0
1573	2575	1
1573	2590	1
1573	2818	1
1573	3139	0
1574	213	0
1574	243	0
1574	643	0
1574	1004	1
1574	1737	0
1574	2366	1
1574	2749	1
1574	2908	1
1574	2943	0
1574	3237	1
1575	254	0
1575	520	1
1575	866	1
1575	1466	0
1575	1866	0
1575	1883	1
1575	2115	0
1575	2217	0
1575	2233	1
1575	2783	1
1576	33	1
1576	344	1
1576	552	0
1576	555	1
1576	641	1
1576	1227	0
1576	2211	0
1576	2285	1
1576	2400	0
1576	3182	0
1577	422	0
1577	1021	1
1577	1133	1
1577	1215	0
1577	1436	0
1577	1937	0
1577	2239	1
1577	2433	1
1577	2828	0
1577	2858	1
1578	617	1
1578	900	1
1578	1365	0
1578	1630	0
1578	2049	0
1578	2111	1
1578	2221	0
1578	2285	1
1578	2512	1
1578	2720	0
1579	428	1
1579	1001	0
1579	1727	1
1579	1746	0
1579	1927	0
1579	2076	0
1579	2818	1
1579	2878	1
1579	2984	1
1579	3095	0
1580	174	1
1580	308	0
1580	675	0
1580	866	1
1580	1117	1
1580	1536	1
1580	1774	0
1580	2486	0
1580	2925	0
1580	3213	1
1581	460	1
1581	1032	0
1581	1036	0
1581	1892	1
1581	1969	1
1581	2157	1
1581	2373	0
1581	2486	0
1581	2571	0
1581	2818	1
1582	117	1
1582	783	0
1582	1064	1
1582	1485	0
1582	1595	1
1582	2539	0
1582	2556	1
1582	2618	0
1582	3038	1
1582	3044	0
1583	122	1
1583	167	0
1583	554	0
1583	1174	1
1583	1960	1
1583	1972	0
1583	2036	0
1583	2890	1
1583	3065	1
1583	3178	0
1584	57	1
1584	947	0
1584	1160	1
1584	1552	1
1584	1856	1
1584	1917	0
1584	2600	0
1584	2694	0
1584	2697	1
1584	2914	0
1585	239	0
1585	1478	1
1585	1649	1
1585	1652	0
1585	1979	1
1585	2011	0
1585	2209	0
1585	2231	1
1585	2463	1
1585	2877	0
1586	85	1
1586	508	0
1586	597	0
1586	1117	1
1586	1779	1
1586	2046	0
1586	2529	1
1586	2635	0
1586	2722	0
1586	2944	1
1587	88	1
1587	984	0
1587	1298	0
1587	1727	1
1587	2005	0
1587	2015	1
1587	2046	1
1587	2206	0
1587	2954	1
1587	3013	0
1588	6	0
1588	208	1
1588	224	1
1588	466	0
1588	1201	1
1588	1226	0
1588	1327	0
1588	1891	1
1588	2995	1
1588	3238	0
1589	43	0
1589	106	1
1589	661	1
1589	676	0
1589	1702	0
1589	2091	0
1589	2460	1
1589	2595	1
1589	2984	1
1589	3076	0
1590	302	1
1590	620	0
1590	767	0
1590	858	1
1590	1241	0
1590	1298	1
1590	1511	1
1590	1781	1
1590	2023	0
1590	3029	0
1591	387	0
1591	1021	1
1591	1047	1
1591	1093	1
1591	2446	0
1591	2557	1
1591	2565	0
1591	2940	1
1591	2946	0
1591	3066	0
1592	603	0
1592	1224	1
1592	1663	1
1592	1747	0
1592	2024	0
1592	2243	0
1592	2400	1
1592	2495	1
1592	2529	0
1592	2884	1
1593	158	0
1593	463	0
1593	579	0
1593	1234	1
1593	1948	0
1593	2467	1
1593	2583	1
1593	2619	0
1593	2661	1
1593	2731	1
1594	606	0
1594	624	1
1594	933	1
1594	1247	1
1594	2023	0
1594	2047	1
1594	2216	0
1594	2283	0
1594	2824	1
1594	2928	0
1595	153	0
1595	554	0
1595	566	0
1595	866	1
1595	923	0
1595	1577	1
1595	2153	1
1595	2463	1
1595	2670	0
1595	3086	1
1596	848	0
1596	902	1
1596	1386	0
1596	1524	1
1596	1864	1
1596	1929	1
1596	2046	0
1596	2047	0
1596	2361	0
1596	3070	1
1597	208	0
1597	503	0
1597	1307	1
1597	1333	0
1597	1724	1
1597	1774	0
1597	2328	1
1597	2744	0
1597	3045	1
1597	3086	1
1598	165	0
1598	813	1
1598	885	1
1598	1386	0
1598	1523	0
1598	1604	0
1598	1856	0
1598	2938	1
1598	3141	1
1598	3176	1
1599	115	1
1599	701	0
1599	786	1
1599	885	0
1599	1292	0
1599	1330	1
1599	1841	1
1599	2020	1
1599	2189	0
1599	2663	0
1600	433	1
1600	507	0
1600	867	0
1600	996	1
1600	1561	0
1600	1636	1
1600	2201	1
1600	2978	0
1600	2995	0
1600	3176	1
1601	244	1
1601	390	1
1601	664	1
1601	701	1
1601	947	0
1601	1218	0
1601	2477	0
1601	2661	1
1601	3129	0
1601	3217	0
1602	18	0
1602	315	1
1602	387	0
1602	578	0
1602	1512	0
1602	1972	1
1602	2466	1
1602	2871	0
1602	3094	1
1602	3213	1
1603	24	0
1603	174	1
1603	1160	1
1603	1172	0
1603	1358	0
1603	1964	0
1603	2361	1
1603	2794	0
1603	3087	1
1603	3216	1
1604	6	0
1604	21	1
1604	46	0
1604	295	1
1604	423	0
1604	442	0
1604	906	1
1604	1512	1
1604	2157	1
1604	3038	0
1605	43	0
1605	140	0
1605	1333	1
1605	1872	0
1605	1969	1
1605	1991	0
1605	2829	1
1605	2949	1
1605	3084	0
1605	3107	1
1606	294	0
1606	299	1
1606	344	1
1606	367	1
1606	994	0
1606	2129	0
1606	2172	0
1606	2401	0
1606	2522	1
1606	2834	1
1607	110	0
1607	169	1
1607	366	0
1607	623	0
1607	1514	1
1607	2017	0
1607	2223	1
1607	2551	1
1607	2706	1
1607	2963	0
1608	43	1
1608	158	0
1608	582	0
1608	640	0
1608	874	1
1608	1520	1
1608	1527	0
1608	2795	1
1608	2828	1
1608	3224	0
1609	14	1
1609	110	0
1609	316	1
1609	958	0
1609	1083	0
1609	1213	1
1609	1652	1
1609	2138	0
1609	2691	0
1609	3019	1
1610	165	0
1610	167	1
1610	206	0
1610	310	1
1610	403	1
1610	478	0
1610	502	0
1610	1410	0
1610	3020	1
1610	3227	1
1611	360	0
1611	749	1
1611	828	1
1611	1228	1
1611	1315	1
1611	1645	0
1611	2455	0
1611	2590	1
1611	2909	0
1611	3161	0
1612	167	1
1612	183	0
1612	802	0
1612	1013	0
1612	1226	1
1612	1292	1
1612	2157	1
1612	2159	0
1612	2437	1
1612	2619	0
1613	527	0
1613	554	0
1613	998	1
1613	1167	0
1613	1306	0
1613	1439	0
1613	1685	1
1613	1990	1
1613	2809	1
1613	3044	1
1614	282	0
1614	389	0
1614	824	1
1614	847	0
1614	1513	1
1614	1929	1
1614	2079	0
1614	2173	0
1614	2486	1
1614	3216	1
1615	0	1
1615	174	1
1615	394	0
1615	967	1
1615	1234	1
1615	1596	0
1615	1605	0
1615	2412	0
1615	2512	1
1615	3149	0
1616	140	0
1616	221	1
1616	503	0
1616	551	0
1616	935	1
1616	937	1
1616	1024	0
1616	1683	1
1616	1856	1
1616	2287	0
1617	252	0
1617	325	1
1617	447	1
1617	450	1
1617	997	1
1617	1883	0
1617	2175	0
1617	2676	0
1617	2863	1
1617	2984	0
1618	783	0
1618	938	1
1618	944	1
1618	1207	1
1618	1269	0
1618	1834	0
1618	2008	0
1618	2866	0
1618	3064	1
1618	3066	1
1619	12	0
1619	145	0
1619	208	1
1619	297	1
1619	507	1
1619	850	1
1619	1056	0
1619	1261	0
1619	1324	0
1619	2794	1
1620	1117	1
1620	1201	0
1620	1239	0
1620	1573	1
1620	1752	1
1620	2284	0
1620	2316	0
1620	2459	1
1620	3139	0
1620	3213	1
1621	46	0
1621	278	1
1621	310	1
1621	648	1
1621	650	0
1621	751	0
1621	1856	1
1621	1858	0
1621	2981	1
1621	3138	0
1622	299	1
1622	336	1
1622	387	0
1622	617	1
1622	716	0
1622	944	0
1622	1800	1
1622	2419	1
1622	2557	0
1622	2978	0
1623	210	0
1623	738	0
1623	1513	1
1623	1552	1
1623	1558	0
1623	2332	0
1623	2637	0
1623	2960	1
1623	2968	1
1623	3178	1
1624	478	0
1624	1006	1
1624	1117	0
1624	1207	1
1624	1255	0
1624	2109	1
1624	2157	1
1624	2195	0
1624	2284	0
1624	2834	1
1625	33	0
1625	257	0
1625	613	1
1625	1160	1
1625	1410	0
1625	1477	1
1625	1512	1
1625	2091	0
1625	2557	1
1625	3220	0
1626	251	0
1626	653	1
1626	694	0
1626	865	1
1626	908	1
1626	1873	0
1626	2151	1
1626	2521	0
1626	3057	0
1626	3194	1
1627	748	1
1627	796	1
1627	797	0
1627	985	1
1627	1083	1
1627	1420	1
1627	1990	0
1627	2635	0
1627	2910	0
1627	3244	0
1628	81	0
1628	239	0
1628	349	1
1628	479	0
1628	664	1
1628	969	0
1628	1307	1
1628	2150	1
1628	2842	0
1628	3020	1
1629	518	0
1629	569	0
1629	817	1
1629	844	0
1629	997	1
1629	1412	0
1629	1577	1
1629	1921	0
1629	2047	1
1629	2299	1
1630	515	1
1630	523	1
1630	578	1
1630	582	0
1630	689	0
1630	1429	1
1630	1866	1
1630	2062	0
1630	2539	0
1630	2832	0
1631	9	1
1631	440	0
1631	527	1
1631	1614	0
1631	1652	1
1631	2209	1
1631	2327	0
1631	2466	0
1631	2541	1
1631	2816	0
1632	460	1
1632	938	1
1632	972	0
1632	1972	1
1632	2477	0
1632	2661	0
1632	2728	0
1632	2831	0
1632	3129	1
1632	3194	1
1633	208	1
1633	319	0
1633	501	0
1633	648	1
1633	1555	0
1633	2652	1
1633	2932	0
1633	2941	1
1633	3020	1
1633	3095	0
1634	608	0
1634	765	0
1634	1129	1
1634	1369	1
1634	1866	1
1634	1964	0
1634	2104	1
1634	2513	1
1634	2754	0
1634	3014	0
1635	206	1
1635	278	1
1635	290	0
1635	372	0
1635	532	0
1635	1139	1
1635	1921	1
1635	1955	0
1635	2361	0
1635	2595	1
1636	202	0
1636	626	0
1636	1797	1
1636	1835	1
1636	1860	1
1636	2141	0
1636	2662	0
1636	3010	1
1636	3216	0
1636	3256	1
1637	216	1
1637	625	1
1637	795	0
1637	866	0
1637	988	0
1637	1983	0
1637	2459	1
1637	2557	1
1637	2877	0
1637	2945	1
1638	989	0
1638	1017	1
1638	1066	1
1638	1222	0
1638	1237	1
1638	1340	0
1638	1629	1
1638	2292	0
1638	2319	1
1638	3238	0
1639	165	1
1639	257	0
1639	613	0
1639	1797	1
1639	1953	1
1639	2729	1
1639	2736	0
1639	2910	0
1639	3082	1
1639	3163	0
1640	555	0
1640	845	0
1640	2399	1
1640	2494	0
1640	2557	1
1640	2717	1
1640	2761	0
1640	2984	1
1640	3213	1
1640	3216	0
1641	360	1
1641	1051	0
1641	2268	1
1641	2557	1
1641	2850	0
1641	3066	0
1641	3152	0
1641	3194	1
1641	3195	0
1641	3206	1
1642	624	1
1642	988	1
1642	1047	1
1642	1333	0
1642	1661	0
1642	1838	0
1642	2281	0
1642	2442	0
1642	2562	1
1642	2603	1
1643	664	0
1643	1118	1
1643	1266	1
1643	1514	1
1643	1877	0
1643	1972	0
1643	2299	0
1643	2419	1
1643	2619	0
1643	2890	1
1644	503	0
1644	656	1
1644	687	1
1644	891	1
1644	994	0
1644	1166	1
1644	1547	0
1644	2049	1
1644	2173	0
1644	2284	0
1645	665	0
1645	781	1
1645	890	0
1645	1636	1
1645	1835	1
1645	1907	1
1645	2076	0
1645	2332	0
1645	2619	1
1645	3102	0
1646	222	1
1646	360	0
1646	707	1
1646	720	1
1646	1118	0
1646	1472	0
1646	2343	1
1646	2732	0
1646	3064	1
1646	3159	0
1647	366	1
1647	564	0
1647	1255	1
1647	1660	0
1647	1677	0
1647	1921	1
1647	1990	0
1647	2268	0
1647	2413	1
1647	2863	1
1648	1268	0
1648	1476	1
1648	1636	1
1648	2366	0
1648	2380	1
1648	2557	0
1648	2704	1
1648	2753	1
1648	2783	0
1648	3111	0
1649	400	1
1649	481	0
1649	845	0
1649	1495	1
1649	1654	0
1649	1834	1
1649	2736	0
1649	2775	1
1649	2950	0
1649	3181	1
1650	435	0
1650	449	0
1650	552	0
1650	617	1
1650	742	1
1650	1843	0
1650	2137	1
1650	2738	1
1650	3038	1
1650	3223	0
1651	440	1
1651	660	1
1651	694	0
1651	943	1
1651	1037	0
1651	1972	0
1651	2132	1
1651	3020	1
1651	3039	0
1651	3091	0
1652	513	1
1652	985	1
1652	1202	0
1652	1238	0
1652	1763	1
1652	1975	0
1652	2106	1
1652	2152	0
1652	2505	1
1652	2729	0
1653	85	1
1653	590	0
1653	687	1
1653	1111	0
1653	1663	1
1653	2159	0
1653	2932	1
1653	2978	0
1653	3019	0
1653	3068	1
1654	387	0
1654	866	1
1654	924	0
1654	1937	0
1654	2320	1
1654	2387	1
1654	2583	1
1654	2722	0
1654	2941	1
1654	3126	0
1655	6	0
1655	506	1
1655	776	0
1655	938	1
1655	1555	1
1655	1737	0
1655	1964	0
1655	2268	1
1655	2566	0
1655	3156	1
1656	434	0
1656	796	1
1656	813	1
1656	1201	1
1656	1437	0
1656	1474	0
1656	1781	1
1656	2344	1
1656	2466	0
1656	3058	0
1657	1146	1
1657	1399	0
1657	1439	1
1657	1485	1
1657	1526	0
1657	1649	0
1657	1654	1
1657	2226	1
1657	3017	0
1657	3075	0
1658	54	1
1658	204	1
1658	673	0
1658	908	1
1658	1283	0
1658	2011	1
1658	2278	0
1658	2348	0
1658	2941	0
1658	3156	1
1659	221	0
1659	341	1
1659	442	0
1659	1592	0
1659	1746	1
1659	1779	0
1659	1841	0
1659	1892	1
1659	2583	1
1659	3156	1
1660	39	0
1660	190	1
1660	440	0
1660	463	1
1660	906	1
1660	920	1
1660	1055	0
1660	1207	1
1660	2955	0
1660	2967	0
1661	237	0
1661	429	1
1661	550	1
1661	1626	0
1661	1975	0
1661	2049	0
1661	2179	1
1661	2649	0
1661	2916	1
1661	3086	1
1662	341	1
1662	442	1
1662	455	1
1662	552	1
1662	994	0
1662	1583	1
1662	1702	0
1662	1972	0
1662	2875	0
1662	3123	0
1663	289	1
1663	563	0
1663	615	1
1663	1223	0
1663	1271	1
1663	1974	0
1663	2011	1
1663	2237	0
1663	2425	0
1663	2848	1
1664	158	0
1664	251	0
1664	1210	1
1664	2109	1
1664	2442	0
1664	2562	0
1664	2747	1
1664	2863	1
1664	3026	1
1664	3139	0
1665	997	1
1665	1420	0
1665	1543	0
1665	1864	1
1665	1866	0
1665	2318	0
1665	2582	0
1665	2592	1
1665	2651	1
1665	3066	1
1666	977	0
1666	1067	0
1666	1477	1
1666	1592	0
1666	1820	0
1666	2073	1
1666	2311	0
1666	2375	1
1666	2519	1
1666	3020	1
1667	299	1
1667	664	1
1667	707	1
1667	1284	1
1667	1834	1
1667	2127	0
1667	2135	0
1667	2539	0
1667	3094	0
1667	3146	0
1668	24	1
1668	228	0
1668	908	1
1668	1032	1
1668	1307	1
1668	1396	0
1668	1468	1
1668	1774	0
1668	1834	0
1668	2312	0
1669	463	0
1669	664	1
1669	1125	1
1669	1266	0
1669	1377	0
1669	1545	1
1669	2361	0
1669	2791	0
1669	2916	1
1669	2941	1
1670	262	0
1670	344	1
1670	624	1
1670	1301	0
1670	1879	1
1670	2427	0
1670	2827	0
1670	2860	1
1670	2875	0
1670	2920	1
1671	45	0
1671	155	1
1671	585	1
1671	1020	1
1671	1047	0
1671	1172	0
1671	1552	1
1671	1864	0
1671	2517	1
1671	2857	0
1672	4	0
1672	298	1
1672	1314	1
1672	1370	0
1672	2558	1
1672	2760	0
1672	2860	1
1672	3017	1
1672	3131	0
1672	3152	0
1673	121	1
1673	791	0
1673	1316	0
1673	1370	1
1673	1476	1
1673	1877	1
1673	2015	0
1673	2132	0
1673	2455	0
1673	2461	1
1674	461	0
1674	707	1
1674	1137	0
1674	1590	1
1674	1642	0
1674	1856	1
1674	2124	0
1674	2157	1
1674	2992	0
1674	3044	1
1675	344	0
1675	503	1
1675	716	1
1675	1408	0
1675	1972	1
1675	2284	0
1675	2557	0
1675	2932	0
1675	3184	1
1675	3213	1
1676	540	1
1676	982	0
1676	1072	0
1676	1283	1
1676	1660	0
1676	2247	1
1676	2646	1
1676	2863	1
1676	2884	0
1676	3039	0
1677	19	0
1677	169	1
1677	501	1
1677	1137	0
1677	1323	0
1677	1552	0
1677	1864	1
1677	1879	1
1677	2109	1
1677	2417	0
1678	9	0
1678	80	0
1678	167	1
1678	617	0
1678	1231	0
1678	1679	1
1678	2479	1
1678	2536	0
1678	2968	1
1678	3052	1
1679	14	0
1679	32	0
1679	386	1
1679	550	1
1679	704	0
1679	1117	1
1679	1160	1
1679	1445	0
1679	2038	1
1679	2860	0
1680	216	1
1680	493	0
1680	1454	1
1680	1524	1
1680	1856	0
1680	2023	0
1680	2135	0
1680	2842	1
1680	3070	0
1680	3131	1
1681	472	1
1681	503	0
1681	845	0
1681	1207	1
1681	1495	0
1681	2109	1
1681	2157	1
1681	2863	0
1681	3017	0
1681	3140	1
1682	110	0
1682	560	1
1682	885	1
1682	1794	0
1682	1929	1
1682	2172	0
1682	2486	1
1682	2741	0
1682	2770	0
1682	2863	1
1683	550	1
1683	835	1
1683	997	0
1683	1605	0
1683	2024	0
1683	2109	1
1683	2118	1
1683	2211	0
1683	2464	0
1683	2680	1
1684	239	0
1684	684	0
1684	919	1
1684	958	0
1684	1015	0
1684	1142	1
1684	1614	1
1684	2209	1
1684	2954	0
1684	3129	1
1685	203	1
1685	1105	1
1685	1312	1
1685	1458	1
1685	2018	0
1685	2104	0
1685	2278	0
1685	2388	0
1685	2992	1
1685	3176	0
1686	463	1
1686	622	0
1686	1138	1
1686	1207	1
1686	1476	0
1686	1512	1
1686	1722	1
1686	2045	0
1686	2084	0
1686	3168	0
1687	80	1
1687	183	0
1687	414	0
1687	617	1
1687	1310	1
1687	1972	0
1687	2170	0
1687	2221	1
1687	2247	0
1687	2482	1
1688	47	0
1688	101	0
1688	171	1
1688	220	0
1688	366	1
1688	461	1
1688	791	0
1688	2277	1
1688	2753	1
1688	3117	0
1689	88	0
1689	664	1
1689	1142	0
1689	1234	1
1689	2493	0
1689	2548	0
1689	2652	1
1689	2728	0
1689	2818	1
1689	2848	1
1690	174	1
1690	224	0
1690	447	0
1690	585	1
1690	745	0
1690	854	0
1690	1349	0
1690	1477	1
1690	2185	1
1690	3066	1
1691	123	0
1691	157	1
1691	422	0
1691	1394	0
1691	1450	1
1691	1523	0
1691	1571	1
1691	1894	1
1691	2157	1
1691	3117	0
1692	289	1
1692	552	0
1692	1211	0
1692	1239	1
1692	1266	0
1692	1284	1
1692	1304	0
1692	1739	1
1692	2337	0
1692	3038	1
1693	20	0
1693	108	1
1693	306	1
1693	360	1
1693	515	1
1693	697	1
1693	761	0
1693	1110	0
1693	1117	0
1693	2921	0
1694	158	1
1694	561	1
1694	1304	0
1694	2385	0
1694	2424	0
1694	2653	1
1694	2833	0
1694	2848	0
1694	3020	1
1694	3114	1
1695	403	0
1695	664	1
1695	927	0
1695	1036	1
1695	1339	0
1695	1850	1
1695	1902	0
1695	2005	1
1695	2583	0
1695	3043	1
1696	206	1
1696	533	0
1696	578	1
1696	584	0
1696	847	0
1696	1783	1
1696	1818	1
1696	2098	0
1696	2119	0
1696	2401	1
1697	206	0
1697	481	1
1697	1026	1
1697	1047	1
1697	1523	0
1697	1590	0
1697	1790	1
1697	2178	0
1697	2705	0
1697	2984	1
1698	246	1
1698	340	1
1698	364	0
1698	1929	1
1698	2240	0
1698	2358	0
1698	2361	0
1698	2412	1
1698	2517	1
1698	3187	0
1699	22	0
1699	171	1
1699	206	0
1699	391	0
1699	1160	1
1699	1194	1
1699	1523	0
1699	2091	0
1699	2278	1
1699	2557	1
1700	360	0
1700	1006	1
1700	1207	1
1700	1326	0
1700	1590	0
1700	1808	0
1700	1890	0
1700	2001	1
1700	2828	1
1700	2936	1
1701	298	1
1701	664	1
1701	670	0
1701	1207	0
1701	1217	0
1701	1283	1
1701	1304	0
1701	2512	0
1701	2744	1
1701	2900	1
1702	758	1
1702	850	1
1702	1172	0
1702	1332	1
1702	1370	0
1702	1894	0
1702	2015	1
1702	2314	0
1702	2789	0
1702	2995	1
1703	654	1
1703	716	1
1703	823	0
1703	1017	1
1703	1096	0
1703	1791	0
1703	1931	0
1703	2455	1
1703	2522	1
1703	2676	0
1704	1004	0
1704	1069	0
1704	1125	0
1704	1551	1
1704	1979	1
1704	2049	0
1704	2514	1
1704	2869	1
1704	3060	0
1704	3238	1
1705	319	1
1705	690	0
1705	1687	1
1705	2555	0
1705	2797	1
1705	2910	1
1705	2992	0
1705	3073	0
1705	3086	1
1705	3205	0
1706	503	0
1706	550	1
1706	654	0
1706	1306	0
1706	1475	1
1706	2157	0
1706	2512	1
1706	2848	1
1706	3086	1
1706	3216	0
1707	568	0
1707	670	1
1707	1794	0
1707	1843	1
1707	2095	0
1707	2118	1
1707	2320	1
1707	2459	0
1707	2595	1
1707	2744	0
1708	9	0
1708	543	0
1708	1266	1
1708	1303	0
1708	1439	1
1708	2418	1
1708	2776	0
1708	2793	1
1708	2823	0
1708	2978	1
1709	851	0
1709	1046	1
1709	1118	0
1709	1487	1
1709	1774	0
1709	2030	1
1709	2088	0
1709	2920	1
1709	3026	0
1709	3123	1
1710	181	1
1710	344	0
1710	1006	0
1710	1016	1
1710	1812	1
1710	1950	1
1710	2326	0
1710	2615	0
1710	2951	0
1710	3079	1
1711	111	0
1711	447	1
1711	887	0
1711	937	1
1711	966	1
1711	1043	0
1711	1552	1
1711	1838	0
1711	2496	0
1711	2752	1
1712	472	0
1712	592	0
1712	1523	0
1712	1611	0
1712	1972	1
1712	2427	1
1712	2528	1
1712	2651	0
1712	2920	1
1712	2968	1
1713	257	1
1713	350	0
1713	843	0
1713	1380	1
1713	1776	1
1713	2111	0
1713	2283	0
1713	2316	0
1713	2418	1
1713	3009	1
1714	366	1
1714	649	1
1714	804	0
1714	923	0
1714	933	1
1714	1349	0
1714	1418	0
1714	1545	0
1714	1803	1
1714	3017	1
1715	224	1
1715	1224	0
1715	1297	0
1715	1375	1
1715	1596	0
1715	1648	1
1715	2318	0
1715	2674	0
1715	2770	1
1715	3078	1
1716	86	0
1716	217	0
1716	533	1
1716	697	0
1716	743	0
1716	1790	1
1716	2591	0
1716	2623	1
1716	2680	1
1716	2713	1
1717	213	0
1717	626	0
1717	885	1
1717	917	1
1717	965	1
1717	1105	1
1717	1412	0
1717	1711	1
1717	1952	0
1717	1972	0
1718	33	1
1718	468	1
1718	716	0
1718	1200	0
1718	1266	0
1718	2529	1
1718	2828	1
1718	2831	0
1718	3138	1
1718	3213	0
1719	85	0
1719	447	1
1719	640	0
1719	660	0
1719	938	1
1719	1118	1
1719	1211	0
1719	1485	1
1719	1724	0
1719	3208	1
1720	161	1
1720	180	0
1720	437	1
1720	1975	0
1720	2016	0
1720	2477	1
1720	2620	1
1720	2822	0
1720	2959	1
1720	2968	0
1721	174	1
1721	206	0
1721	507	1
1721	593	0
1721	2134	1
1721	2277	0
1721	2690	1
1721	2753	0
1721	2789	1
1721	2835	0
1722	111	0
1722	206	1
1722	276	0
1722	1323	0
1722	1327	1
1722	1481	1
1722	2437	0
1722	2627	0
1722	2788	1
1722	3039	1
1723	52	0
1723	447	1
1723	763	1
1723	1481	1
1723	1858	0
1723	2355	0
1723	2451	0
1723	2557	1
1723	2704	1
1723	3143	0
1724	0	1
1724	1786	0
1724	1844	1
1724	1860	1
1724	2023	1
1724	2046	0
1724	2375	0
1724	2690	0
1724	2818	0
1724	2848	1
1725	174	1
1725	344	1
1725	455	1
1725	847	0
1725	1160	0
1725	1363	0
1725	1727	0
1725	2367	0
1725	2619	1
1725	3086	1
1726	164	1
1726	324	1
1726	1683	0
1726	1735	1
1726	1892	1
1726	2061	0
1726	2241	0
1726	2967	0
1726	2988	0
1726	3094	1
1727	552	0
1727	566	1
1727	1027	0
1727	1420	0
1727	1476	1
1727	1652	1
1727	1856	0
1727	2023	1
1727	2036	1
1727	2623	0
1728	14	1
1728	202	0
1728	503	1
1728	845	1
1728	1270	0
1728	1333	1
1728	1841	0
1728	2466	1
1728	2828	0
1728	2877	0
1729	101	0
1729	602	0
1729	665	1
1729	944	1
1729	1046	0
1729	1392	1
1729	1841	0
1729	2565	1
1729	2776	1
1729	3086	0
1730	12	0
1730	850	1
1730	904	1
1730	1370	0
1730	1523	0
1730	1592	0
1730	1614	1
1730	2635	0
1730	2672	1
1730	3078	1
1731	339	1
1731	495	0
1731	1284	1
1731	1446	0
1731	1524	1
1731	1596	0
1731	1623	0
1731	1697	1
1731	2174	1
1731	3149	0
1732	495	0
1732	566	0
1732	653	0
1732	716	0
1732	1117	1
1732	1226	1
1732	2278	0
1732	2495	1
1732	2877	1
1732	3039	1
1733	4	1
1733	86	1
1733	1193	1
1733	1589	0
1733	1727	0
1733	2387	1
1733	2449	0
1733	2768	0
1733	2837	1
1733	3176	0
1734	858	0
1734	1363	0
1734	1947	1
1734	2308	1
1734	2386	1
1734	2465	1
1734	2510	1
1734	2688	0
1734	3098	0
1734	3111	0
1735	239	1
1735	252	1
1735	306	1
1735	751	0
1735	1036	0
1735	1139	0
1735	1591	1
1735	1628	0
1735	1834	1
1735	2827	0
1736	136	0
1736	179	1
1736	257	1
1736	559	1
1736	1332	0
1736	1838	0
1736	1851	0
1736	2026	1
1736	2562	1
1736	2634	0
1737	389	1
1737	938	1
1737	1067	0
1737	1474	0
1737	1555	0
1737	1892	1
1737	2942	0
1737	3042	0
1737	3066	1
1737	3156	1
1738	299	1
1738	336	0
1738	432	1
1738	1137	1
1738	1234	1
1738	1316	0
1738	1660	0
1738	2170	0
1738	3011	1
1738	3156	0
1739	135	0
1739	294	1
1739	1122	1
1739	1137	1
1739	1222	0
1739	2036	0
1739	2109	1
1739	2363	0
1739	2791	0
1739	2863	1
1740	206	1
1740	208	1
1740	296	0
1740	350	0
1740	507	1
1740	1301	0
1740	1523	1
1740	2015	0
1740	3147	0
1740	3213	1
1741	136	0
1741	164	1
1741	252	1
1741	949	1
1741	1067	0
1741	1138	0
1741	1722	1
1741	2345	0
1741	2513	0
1741	2557	1
1742	319	1
1742	598	0
1742	840	0
1742	986	1
1742	1749	1
1742	1906	0
1742	2266	0
1742	2421	1
1742	2644	0
1742	2818	1
1743	566	1
1743	997	1
1743	1763	0
1743	1960	0
1743	2224	0
1743	2319	1
1743	2374	1
1743	2421	0
1743	2713	1
1743	3066	0
1744	493	0
1744	675	1
1744	939	0
1744	1072	1
1744	1194	1
1744	1313	1
1744	1474	0
1744	1652	1
1744	1749	0
1744	2749	0
1745	162	1
1745	600	0
1745	1630	0
1745	1652	0
1745	1698	1
1745	1883	0
1745	2722	0
1745	2756	1
1745	3020	1
1745	3066	1
1746	92	0
1746	985	1
1746	1212	1
1746	1746	1
1746	1929	1
1746	1939	1
1746	2367	0
1746	2640	0
1746	3102	0
1746	3138	0
1747	167	1
1747	214	1
1747	826	0
1747	1083	1
1747	1142	0
1747	1605	0
1747	2734	0
1747	2775	0
1747	2906	1
1747	3149	1
1748	104	1
1748	403	1
1748	1239	1
1748	1244	0
1748	1332	0
1748	1737	0
1748	1892	1
1748	2794	0
1748	2956	1
1748	3085	0
1749	206	1
1749	250	0
1749	896	1
1749	1340	0
1749	1358	0
1749	1929	1
1749	2466	1
1749	2828	1
1749	3020	0
1749	3094	0
1750	104	0
1750	827	0
1750	1087	0
1750	1714	1
1750	1834	0
1750	1892	1
1750	2316	1
1750	2585	1
1750	2717	1
1750	2938	0
1751	503	0
1751	530	0
1751	878	1
1751	1117	1
1751	1213	1
1751	1630	0
1751	1774	0
1751	2284	0
1751	2770	1
1751	3039	1
1752	174	1
1752	206	0
1752	271	0
1752	701	1
1752	972	1
1752	1241	0
1752	1332	0
1752	1605	0
1752	2460	1
1752	2818	1
1753	503	1
1753	933	1
1753	1017	1
1753	1476	1
1753	2373	0
1753	2501	0
1753	2920	1
1753	3005	0
1753	3031	0
1753	3041	0
1754	155	0
1754	257	1
1754	278	0
1754	604	1
1754	626	0
1754	1170	1
1754	1201	0
1754	1333	1
1754	1444	0
1754	3059	1
1755	598	0
1755	1036	0
1755	1362	1
1755	1972	1
1755	2109	1
1755	2361	1
1755	2517	0
1755	2583	0
1755	2920	1
1755	3216	0
1756	206	0
1756	1044	0
1756	1234	1
1756	1267	1
1756	1530	1
1756	1834	0
1756	2151	1
1756	2634	0
1756	2794	1
1756	3163	0
1757	216	1
1757	366	1
1757	674	0
1757	842	0
1757	1324	1
1757	1447	0
1757	1506	0
1757	2109	1
1757	2818	0
1757	3019	1
1758	169	0
1758	965	1
1758	1059	0
1758	1808	1
1758	1960	0
1758	2172	1
1758	2425	0
1758	2539	0
1758	2779	1
1758	3161	1
1759	565	1
1759	638	0
1759	1011	0
1759	1906	1
1759	2234	1
1759	2366	1
1759	2656	0
1759	2827	1
1759	3162	0
1759	3231	0
1760	180	1
1760	508	0
1760	546	1
1760	938	0
1760	1085	0
1760	1146	1
1760	1512	1
1760	1630	0
1760	2337	1
1760	2920	0
1761	167	0
1761	605	0
1761	835	1
1761	1137	1
1761	1155	0
1761	1429	1
1761	1575	0
1761	1746	0
1761	2753	1
1761	3145	1
1762	527	0
1762	555	0
1762	850	1
1762	1078	1
1762	1198	0
1762	1460	0
1762	1629	1
1762	1648	1
1762	2595	0
1762	2661	1
1763	217	1
1763	350	1
1763	560	0
1763	565	1
1763	568	1
1763	1125	1
1763	1523	0
1763	2388	0
1763	2749	0
1763	2982	0
1764	208	1
1764	306	1
1764	434	0
1764	938	1
1764	1026	0
1764	1047	1
1764	1055	0
1764	1117	0
1764	2084	1
1764	2461	0
1765	106	1
1765	140	1
1765	389	0
1765	428	1
1765	660	1
1765	788	0
1765	796	1
1765	995	0
1765	3156	0
1765	3163	0
1766	260	0
1766	507	1
1766	559	0
1766	592	1
1766	992	0
1766	1202	1
1766	1676	0
1766	1989	1
1766	2600	0
1766	2801	1
1767	819	1
1767	998	0
1767	1247	0
1767	1412	1
1767	1483	0
1767	1577	1
1767	1682	1
1767	2516	0
1767	2752	0
1767	2948	1
1768	212	0
1768	502	0
1768	645	0
1768	2026	0
1768	2069	1
1768	2111	0
1768	2217	1
1768	2557	1
1768	3087	1
1768	3216	1
1769	503	0
1769	641	1
1769	748	1
1769	1207	0
1769	2453	0
1769	2466	0
1769	2747	1
1769	2778	1
1769	3001	0
1769	3066	1
1770	62	0
1770	95	1
1770	115	0
1770	408	1
1770	1577	1
1770	2138	0
1770	2229	0
1770	2375	0
1770	2555	1
1770	3076	1
1771	181	1
1771	279	0
1771	904	1
1771	1017	1
1771	1551	1
1771	2361	0
1771	2641	0
1771	3042	0
1771	3094	0
1771	3232	1
1772	208	1
1772	461	0
1772	977	1
1772	1123	1
1772	1269	1
1772	1327	0
1772	1331	0
1772	2132	0
1772	2794	0
1772	3021	1
1773	52	0
1773	299	1
1773	874	0
1773	930	0
1773	1026	0
1773	1974	0
1773	2133	1
1773	2619	1
1773	2920	1
1773	3131	1
1774	403	0
1774	582	0
1774	660	0
1774	877	0
1774	1032	1
1774	1614	1
1774	2484	1
1774	2680	0
1774	2863	1
1774	3038	1
1775	169	0
1775	1160	1
1775	1207	1
1775	1593	0
1775	1630	0
1775	1914	1
1775	2095	0
1775	2374	1
1775	2517	1
1775	3170	0
1776	221	0
1776	1036	0
1776	1242	0
1776	1475	1
1776	1591	1
1776	1856	1
1776	1913	0
1776	1969	1
1776	2361	1
1776	2684	0
1777	361	1
1777	527	0
1777	1016	1
1777	1245	1
1777	1550	0
1777	1823	0
1777	2828	1
1777	3044	0
1777	3056	0
1777	3212	1
1778	33	1
1778	567	0
1778	1547	0
1778	1772	0
1778	1856	1
1778	2299	1
1778	2427	1
1778	2454	1
1778	2716	0
1778	2979	0
1779	366	1
1779	716	1
1779	932	0
1779	953	1
1779	1690	0
1779	1914	0
1779	1974	0
1779	2150	1
1779	2299	0
1779	2661	1
1780	80	0
1780	330	0
1780	665	1
1780	720	1
1780	1036	1
1780	1715	0
1780	1969	0
1780	2557	1
1780	2568	0
1780	2661	1
1781	92	0
1781	216	1
1781	440	0
1781	503	0
1781	1187	1
1781	1605	1
1781	2277	1
1781	2644	0
1781	2984	0
1781	3220	1
1782	120	0
1782	1215	0
1782	1485	0
1782	2627	1
1782	2661	1
1782	2738	1
1782	2816	1
1782	2837	1
1782	2927	0
1782	3147	0
1783	110	0
1783	171	0
1783	901	1
1783	1118	1
1783	1242	0
1783	1596	0
1783	2030	1
1783	2437	1
1783	3065	1
1783	3125	0
1784	69	1
1784	254	0
1784	502	1
1784	516	0
1784	626	1
1784	1530	0
1784	2361	1
1784	2399	0
1784	2503	0
1784	2717	1
1785	142	0
1785	179	0
1785	277	1
1785	1410	0
1785	1473	0
1785	1514	1
1785	1636	1
1785	2038	1
1785	3182	0
1785	3196	1
1786	222	1
1786	400	0
1786	429	0
1786	548	1
1786	933	0
1786	1570	1
1786	1655	0
1786	2466	1
1786	2744	0
1786	3007	1
1787	108	0
1787	164	0
1787	500	1
1787	516	0
1787	1239	0
1787	1711	1
1787	1974	0
1787	2529	1
1787	2634	1
1787	3139	1
1788	503	0
1788	526	0
1788	651	0
1788	1046	1
1788	1207	1
1788	1590	0
1788	2247	1
1788	2299	1
1788	2653	1
1788	2958	0
1789	560	1
1789	606	0
1789	656	1
1789	789	0
1789	1295	0
1789	1556	0
1789	2419	1
1789	2501	0
1789	2783	1
1789	3178	1
1790	86	0
1790	140	0
1790	654	0
1790	787	1
1790	1725	1
1790	1856	1
1790	1858	0
1790	2099	1
1790	2240	1
1790	2305	0
1791	204	1
1791	845	0
1791	980	1
1791	989	0
1791	1052	0
1791	1520	1
1791	1649	1
1791	1979	1
1791	2938	0
1791	3038	0
1792	174	0
1792	307	1
1792	701	0
1792	1560	1
1792	2461	0
1792	2517	1
1792	2653	0
1792	2661	1
1792	2706	1
1792	3159	0
1793	58	1
1793	466	0
1793	578	1
1793	1066	0
1793	1324	0
1793	1642	0
1793	2047	1
1793	2134	1
1793	3000	0
1793	3176	1
1794	317	1
1794	1369	1
1794	1757	0
1794	1906	1
1794	2060	0
1794	2648	0
1794	2962	1
1794	3020	1
1794	3042	0
1794	3259	0
1795	140	1
1795	422	0
1795	566	1
1795	1002	0
1795	1135	1
1795	1160	1
1795	1770	1
1795	2120	0
1795	2400	0
1795	2822	0
1796	319	1
1796	428	0
1796	1526	0
1796	1680	1
1796	1854	0
1796	1928	1
1796	2671	0
1796	2942	1
1796	2962	1
1796	3184	0
1797	466	0
1797	527	1
1797	1141	0
1797	1370	1
1797	1449	0
1797	1476	1
1797	2105	1
1797	2517	1
1797	2585	0
1797	2990	0
1798	52	0
1798	1116	1
1798	1207	1
1798	1213	0
1798	1363	1
1798	1370	1
1798	1439	0
1798	2492	1
1798	2533	0
1798	2583	0
1799	295	1
1799	559	0
1799	938	1
1799	1527	0
1799	1543	0
1799	1763	0
1799	2709	0
1799	2913	1
1799	3131	1
1799	3184	1
1800	237	1
1800	923	0
1800	926	1
1800	1629	1
1800	1922	0
1800	2279	0
1800	2321	1
1800	2406	0
1800	2925	0
1800	3139	1
1801	202	0
1801	310	0
1801	516	1
1801	654	0
1801	675	0
1801	908	1
1801	1892	1
1801	2141	1
1801	2654	0
1801	2916	1
1802	433	1
1802	1533	0
1802	1636	1
1802	1796	0
1802	1979	1
1802	2018	0
1802	2200	0
1802	2875	0
1802	2945	1
1802	3005	1
1803	640	1
1803	660	1
1803	1233	0
1803	1280	0
1803	1460	0
1803	2021	0
1803	2151	1
1803	2327	1
1803	2544	1
1803	2631	0
1804	1499	0
1804	1513	1
1804	1648	1
1804	2101	1
1804	2141	0
1804	2432	1
1804	2761	0
1804	2881	0
1804	2944	1
1804	3154	0
1805	0	1
1805	167	1
1805	324	0
1805	550	0
1805	733	1
1805	1266	0
1805	1301	1
1805	1864	0
1805	2137	1
1805	2357	0
1806	165	0
1806	565	1
1806	643	0
1806	1115	1
1806	1125	0
1806	1242	1
1806	1523	0
1806	1752	0
1806	2176	1
1806	3203	1
1807	298	1
1807	890	0
1807	1194	0
1807	1217	0
1807	1380	0
1807	1784	1
1807	1841	1
1807	2818	1
1807	2875	1
1807	3095	0
1808	547	0
1808	758	0
1808	1105	0
1808	1234	1
1808	2036	1
1808	2362	1
1808	2443	0
1808	2583	1
1808	2670	0
1808	3147	1
1809	335	1
1809	579	0
1809	719	1
1809	1298	1
1809	1410	0
1809	1571	1
1809	1754	0
1809	2147	1
1809	2842	0
1809	3225	0
1810	224	0
1810	299	1
1810	517	1
1810	608	1
1810	910	1
1810	1284	0
1810	1774	0
1810	1864	0
1810	2454	0
1810	3216	1
1811	463	1
1811	503	0
1811	516	1
1811	1211	1
1811	1891	1
1811	2637	0
1811	2690	0
1811	2716	0
1811	2960	0
1811	2995	1
1812	390	1
1812	654	0
1812	908	1
1812	1118	0
1812	1211	1
1812	1700	0
1812	1891	0
1812	1929	1
1812	2094	0
1812	2157	1
1813	24	0
1813	493	0
1813	1055	0
1813	1474	1
1813	1481	0
1813	1880	1
1813	2074	0
1813	2631	1
1813	2651	1
1813	3020	1
1814	731	1
1814	994	0
1814	1394	1
1814	1729	0
1814	1737	1
1814	2104	0
1814	2548	0
1814	2676	1
1814	2817	0
1814	3066	1
1815	132	0
1815	803	1
1815	960	1
1815	1714	0
1815	1829	0
1815	1888	1
1815	2281	0
1815	2285	1
1815	2356	0
1815	2910	1
1816	86	1
1816	272	0
1816	533	1
1816	1223	0
1816	1429	1
1816	2284	0
1816	2425	0
1816	2529	0
1816	2562	1
1816	2747	1
1817	490	1
1817	1047	0
1817	1242	0
1817	1280	1
1817	1963	1
1817	2661	1
1817	2774	0
1817	3086	1
1817	3144	0
1817	3220	0
1818	37	1
1818	73	1
1818	181	1
1818	390	0
1818	400	0
1818	1021	1
1818	1095	0
1818	1795	0
1818	1990	0
1818	3111	1
1819	22	0
1819	523	1
1819	624	1
1819	707	0
1819	1138	0
1819	1963	1
1819	2097	0
1819	2278	0
1819	2459	1
1819	2557	1
1820	1046	1
1820	1284	1
1820	1330	0
1820	1894	0
1820	2097	0
1820	2400	0
1820	2875	1
1820	2920	0
1820	2941	1
1820	2956	1
1821	218	0
1821	659	0
1821	854	1
1821	1264	0
1821	1439	1
1821	1910	0
1821	2104	1
1821	2228	0
1821	2701	1
1821	2794	1
1822	881	0
1822	900	1
1822	1224	0
1822	1760	0
1822	1907	1
1822	2157	0
1822	2461	1
1822	2511	1
1822	2557	0
1822	3010	1
1823	257	1
1823	590	0
1823	1123	0
1823	1663	0
1823	1990	1
1823	2077	1
1823	2211	1
1823	2388	0
1823	2467	1
1823	2479	0
1824	69	0
1824	221	1
1824	1233	1
1824	1352	0
1824	1888	1
1824	1929	1
1824	2548	1
1824	2833	0
1824	2835	0
1824	3222	0
1825	39	0
1825	167	0
1825	404	1
1825	1685	1
1825	1856	0
1825	1969	1
1825	2281	1
1825	2848	1
1825	2877	0
1825	3052	0
1826	91	0
1826	257	1
1826	904	1
1826	958	0
1826	1217	0
1826	1218	0
1826	1711	1
1826	1860	0
1826	2157	1
1826	2327	1
1827	452	0
1827	648	1
1827	1017	0
1827	1024	0
1827	1111	1
1827	1634	0
1827	1953	0
1827	2337	1
1827	3031	1
1827	3152	1
1828	194	1
1828	275	0
1828	390	0
1828	717	0
1828	1234	0
1828	1362	1
1828	1439	1
1828	1446	1
1828	2046	0
1828	2233	1
1829	298	1
1829	629	0
1829	841	1
1829	1194	0
1829	1365	0
1829	1675	0
1829	2046	1
1829	2316	0
1829	2419	1
1829	3129	1
1830	402	1
1830	435	1
1830	620	0
1830	1226	1
1830	1734	0
1830	1856	1
1830	2217	0
1830	2368	0
1830	2468	1
1830	2884	0
1831	324	0
1831	507	1
1831	523	1
1831	1590	0
1831	1834	0
1831	1860	0
1831	1920	1
1831	2161	0
1831	2708	1
1831	2916	1
1832	376	0
1832	640	0
1832	697	0
1832	1649	0
1832	1879	1
1832	1892	1
1832	2312	1
1832	2418	1
1832	2960	0
1832	3213	1
1833	552	0
1833	1129	1
1833	1207	1
1833	1358	0
1833	1841	0
1833	1891	1
1833	2106	1
1833	2172	0
1833	2374	1
1833	2611	0
1834	52	0
1834	257	0
1834	546	1
1834	1264	1
1834	1446	1
1834	1815	0
1834	2088	1
1834	2157	1
1834	2427	0
1834	2960	0
1835	716	1
1835	965	1
1835	1198	0
1835	1280	1
1835	2434	0
1835	2557	1
1835	2702	0
1835	2752	1
1835	2968	0
1835	3058	0
1836	478	0
1836	506	0
1836	592	1
1836	656	1
1836	997	1
1836	1474	0
1836	1550	0
1836	1891	1
1836	2049	1
1836	3182	0
1837	552	0
1837	554	1
1837	558	1
1837	579	1
1837	1552	1
1837	2023	0
1837	2400	0
1837	2702	0
1837	2713	1
1837	3037	0
1838	101	0
1838	216	0
1838	434	0
1838	664	1
1838	904	1
1838	1346	0
1838	1929	1
1838	2160	1
1838	2590	1
1838	3221	0
1839	28	0
1839	429	1
1839	497	0
1839	758	0
1839	1484	0
1839	1593	0
1839	1636	1
1839	1972	1
1839	2619	1
1839	2932	1
1840	511	0
1840	543	1
1840	592	1
1840	2076	0
1840	2208	1
1840	2252	1
1840	2350	0
1840	2415	0
1840	3111	1
1840	3143	0
1841	169	1
1841	908	1
1841	1560	1
1841	1618	1
1841	1907	1
1841	2459	0
1841	2734	0
1841	2869	0
1841	2875	0
1841	2940	0
1842	70	0
1842	174	1
1842	517	0
1842	1117	1
1842	1118	0
1842	1218	1
1842	1523	0
1842	2150	1
1842	2548	1
1842	2789	0
1843	39	0
1843	344	1
1843	487	1
1843	611	0
1843	845	0
1843	1198	1
1843	1255	1
1843	1570	0
1843	1856	0
1843	3184	1
1844	111	0
1844	550	1
1844	968	1
1844	1213	0
1844	1860	0
1844	2298	0
1844	2361	0
1844	2964	1
1844	3078	1
1844	3094	1
1845	174	1
1845	604	0
1845	833	0
1845	1926	1
1845	2018	1
1845	2137	0
1845	2348	1
1845	2432	1
1845	2899	0
1845	3219	0
1846	405	0
1846	670	1
1846	947	0
1846	1016	1
1846	1051	0
1846	1221	1
1846	1481	0
1846	2119	0
1846	2175	1
1846	2519	1
1847	133	0
1847	586	0
1847	1123	0
1847	1476	0
1847	1605	1
1847	1666	1
1847	2133	1
1847	2299	1
1847	2308	1
1847	2753	0
1848	250	1
1848	537	1
1848	547	0
1848	930	0
1848	1123	0
1848	1669	1
1848	1675	0
1848	1690	0
1848	2247	1
1848	2443	1
1849	45	0
1849	92	0
1849	167	1
1849	552	0
1849	994	0
1849	1216	1
1849	1439	1
1849	1588	1
1849	1870	1
1849	2925	0
1850	101	0
1850	174	1
1850	243	0
1850	1365	1
1850	1590	0
1850	2126	0
1850	2583	1
1850	2752	1
1850	2794	1
1850	2990	0
1851	6	1
1851	289	1
1851	592	0
1851	1125	1
1851	1225	1
1851	1304	0
1851	1373	0
1851	1466	0
1851	2008	0
1851	2967	1
1852	428	0
1852	697	0
1852	1006	1
1852	1036	0
1852	1062	0
1852	1214	1
1852	1223	0
1852	1307	1
1852	1854	1
1852	2906	1
1853	449	0
1853	988	0
1853	1266	0
1853	1555	0
1853	1731	0
1853	2446	1
1853	2454	1
1853	2462	1
1853	2848	1
1853	3194	1
1854	1560	0
1854	1711	1
1854	1968	0
1854	2164	0
1854	2272	0
1854	2694	1
1854	2828	1
1854	2935	1
1854	3017	1
1854	3226	0
1855	181	1
1855	1207	1
1855	1266	0
1855	1298	1
1855	1979	1
1855	2466	1
1855	2722	0
1855	2818	0
1855	3157	0
1855	3242	0
1856	120	0
1856	626	1
1856	1046	1
1856	1247	0
1856	1347	1
1856	2485	0
1856	2989	0
1856	3101	1
1856	3111	1
1856	3196	0
1857	203	1
1857	527	0
1857	601	0
1857	933	1
1857	1167	0
1857	1314	1
1857	1570	1
1857	2268	0
1857	2273	0
1857	3213	1
1858	155	1
1858	220	0
1858	751	0
1858	994	0
1858	1284	1
1858	1737	1
1858	2015	1
1858	2608	0
1858	2776	0
1858	2863	1
1859	104	0
1859	477	0
1859	904	1
1859	1774	1
1859	1841	0
1859	2277	1
1859	2385	0
1859	2386	0
1859	2591	1
1859	2941	1
1860	923	0
1860	1342	1
1860	1476	1
1860	1629	1
1860	1714	1
1860	2252	0
1860	2634	0
1860	2834	0
1860	2925	1
1860	2984	0
1861	9	0
1861	968	0
1861	1239	0
1861	1250	1
1861	2316	0
1861	2464	1
1861	3049	0
1861	3050	1
1861	3057	1
1861	3184	1
1862	86	0
1862	180	1
1862	555	1
1862	656	1
1862	1013	0
1862	1056	0
1862	1160	0
1862	1347	1
1862	1566	0
1862	1854	1
1863	37	0
1863	174	1
1863	665	1
1863	1012	0
1863	1066	1
1863	2136	0
1863	2219	0
1863	2760	1
1863	2772	1
1863	3241	0
1864	36	1
1864	221	0
1864	847	0
1864	1004	0
1864	1454	1
1864	1864	1
1864	2177	1
1864	2709	1
1864	2988	0
1864	3148	0
1865	460	0
1865	515	1
1865	1046	1
1865	1185	0
1865	1207	1
1865	1495	1
1865	2421	1
1865	2460	0
1865	2517	0
1865	2628	0
1866	310	1
1866	726	0
1866	970	0
1866	980	1
1866	1648	1
1866	1660	0
1866	1663	0
1866	1780	1
1866	2021	0
1866	3066	1
1867	239	0
1867	640	0
1867	665	0
1867	1834	0
1867	1841	1
1867	2457	1
1867	2501	1
1867	2652	1
1867	2731	1
1867	2960	0
1868	561	1
1868	858	0
1868	1337	0
1868	1549	0
1868	1808	1
1868	1816	1
1868	2201	1
1868	2299	1
1868	2308	0
1868	2375	0
1869	80	1
1869	88	1
1869	615	1
1869	758	0
1869	852	0
1869	996	0
1869	1917	1
1869	2405	0
1869	2600	0
1869	2995	1
1870	554	0
1870	566	0
1870	664	0
1870	851	1
1870	1284	1
1870	1892	1
1870	2704	0
1870	2848	1
1870	3072	0
1870	3254	1
1871	623	0
1871	1392	1
1871	1696	1
1871	1984	0
1871	2418	0
1871	2455	1
1871	2530	0
1871	2767	0
1871	2938	1
1871	3053	1
1872	587	0
1872	1001	1
1872	1077	0
1872	1192	0
1872	1652	0
1872	1704	1
1872	1860	1
1872	2496	1
1872	3049	0
1872	3078	1
1873	926	1
1873	938	1
1873	1118	1
1873	1269	1
1873	1477	0
1873	2818	1
1873	2960	0
1873	2967	0
1873	3077	0
1873	3129	0
1874	410	1
1874	760	0
1874	772	0
1874	1622	0
1874	2238	1
1874	2278	1
1874	2734	0
1874	2794	1
1874	3050	1
1874	3182	0
1875	104	0
1875	140	1
1875	592	1
1875	1207	1
1875	1229	0
1875	1460	0
1875	1596	0
1875	1652	1
1875	2386	1
1875	2708	0
1876	148	1
1876	450	1
1876	600	0
1876	623	0
1876	876	1
1876	1476	1
1876	1590	0
1876	2222	0
1876	2424	1
1876	2767	0
1877	100	0
1877	871	0
1877	998	0
1877	1184	1
1877	1570	0
1877	1739	1
1877	1754	0
1877	2375	1
1877	2595	1
1877	2669	1
1878	478	0
1878	654	1
1878	970	1
1878	1116	1
1878	1156	0
1878	1636	1
1878	2131	0
1878	2174	0
1878	2704	1
1878	2894	0
1879	278	0
1879	371	0
1879	502	1
1879	1752	1
1879	2157	0
1879	2185	1
1879	2221	1
1879	2277	0
1879	2666	0
1879	3017	1
1880	221	0
1880	295	0
1880	1093	0
1880	1731	0
1880	2540	0
1880	2818	1
1880	2875	1
1880	2953	1
1880	3020	1
1880	3227	1
1881	585	1
1881	998	1
1881	1123	0
1881	1524	1
1881	1917	1
1881	2157	0
1881	2433	0
1881	2694	0
1881	2834	0
1881	2938	1
1882	527	0
1882	588	0
1882	623	0
1882	797	1
1882	1018	1
1882	1746	0
1882	2023	1
1882	2270	0
1882	2320	1
1882	2519	1
1883	52	1
1883	171	1
1883	675	0
1883	1346	1
1883	1790	0
1883	2132	0
1883	2769	0
1883	2775	0
1883	2916	1
1883	3066	1
1884	694	0
1884	1055	1
1884	1234	1
1884	1614	0
1884	1929	0
1884	2142	0
1884	2266	0
1884	2270	1
1884	2619	1
1884	2697	1
1885	183	0
1885	233	1
1885	306	1
1885	559	0
1885	1122	0
1885	1834	0
1885	2343	1
1885	3064	0
1885	3154	1
1885	3241	1
1886	319	0
1886	603	1
1886	949	0
1886	1447	0
1886	1514	1
1886	1754	1
1886	2278	1
1886	2875	1
1886	2881	0
1886	3123	0
1887	257	1
1887	390	1
1887	1310	0
1887	1446	1
1887	1784	0
1887	2312	0
1887	2466	0
1887	2545	0
1887	2877	1
1887	3009	1
1888	6	0
1888	56	0
1888	208	1
1888	344	1
1888	1243	1
1888	1353	0
1888	1735	0
1888	2157	1
1888	2791	1
1888	3234	0
1889	208	1
1889	390	1
1889	408	0
1889	1282	1
1889	1283	1
1889	2164	0
1889	3039	0
1889	3159	0
1889	3196	1
1889	3227	0
1890	660	0
1890	1118	1
1890	1190	1
1890	1211	1
1890	1373	0
1890	1622	0
1890	1744	0
1890	2115	0
1890	2661	1
1890	3182	1
1891	257	1
1891	299	1
1891	475	1
1891	1036	0
1891	1118	1
1891	1160	0
1891	1590	0
1891	2222	0
1891	2557	1
1891	2619	0
1892	199	0
1892	217	1
1892	268	0
1892	527	1
1892	965	0
1892	1111	0
1892	1192	1
1892	2074	1
1892	2154	1
1892	2456	0
1893	140	0
1893	221	1
1893	977	0
1893	998	1
1893	1746	1
1893	1990	0
1893	2118	1
1893	2340	0
1893	2519	0
1893	2661	1
1894	516	1
1894	758	1
1894	1211	1
1894	1233	0
1894	1856	0
1894	2113	1
1894	2555	0
1894	2634	0
1894	2955	0
1894	3170	1
1895	24	1
1895	403	0
1895	527	0
1895	686	1
1895	817	1
1895	1062	0
1895	1088	0
1895	1485	1
1895	1746	0
1895	1835	1
1896	140	0
1896	324	1
1896	935	1
1896	1579	1
1896	1675	1
1896	1746	0
1896	1837	0
1896	2337	1
1896	2477	0
1896	2788	0
1897	87	1
1897	156	0
1897	244	1
1897	277	1
1897	291	0
1897	656	0
1897	1381	0
1897	1467	0
1897	1727	1
1897	2233	1
1898	17	0
1898	344	1
1898	1053	0
1898	1066	1
1898	1476	1
1898	1615	0
1898	1680	1
1898	1891	0
1898	2327	1
1898	3095	0
1899	122	0
1899	608	1
1899	620	0
1899	908	1
1899	1929	1
1899	2133	0
1899	2661	1
1899	2849	1
1899	2992	0
1899	3066	0
1900	4	0
1900	174	1
1900	369	0
1900	881	0
1900	1250	1
1900	1546	1
1900	2823	0
1900	2828	1
1900	3058	1
1900	3216	0
1901	174	1
1901	213	0
1901	1117	1
1901	1131	0
1901	1166	1
1901	1358	0
1901	1944	0
1901	2314	0
1901	2477	1
1901	2717	1
1902	30	1
1902	150	0
1902	777	0
1902	1068	1
1902	1473	0
1902	2283	0
1902	2289	0
1902	2419	1
1902	3023	1
1902	3065	1
1903	173	1
1903	252	0
1903	664	1
1903	1211	0
1903	1524	0
1903	1891	0
1903	2621	1
1903	2672	0
1903	2938	1
1903	3078	1
1904	8	1
1904	104	0
1904	171	0
1904	257	0
1904	527	1
1904	1047	0
1904	2562	1
1904	2920	1
1904	2969	0
1904	3114	1
1905	299	0
1905	1213	0
1905	2001	1
1905	2106	1
1905	2152	0
1905	2319	0
1905	2516	0
1905	2565	1
1905	3138	1
1905	3213	1
1906	368	0
1906	498	1
1906	1055	0
1906	1056	0
1906	1213	1
1906	1636	1
1906	2183	0
1906	2300	0
1906	2388	1
1906	2760	1
1907	9	0
1907	481	0
1907	741	1
1907	1050	0
1907	1370	1
1907	1891	1
1907	2305	0
1907	2459	1
1907	2874	1
1907	2995	0
1908	86	1
1908	216	0
1908	855	0
1908	1394	1
1908	1514	1
1908	2539	1
1908	2623	0
1908	2944	1
1908	2984	0
1908	3017	0
1909	306	0
1909	726	1
1909	1076	0
1909	1137	1
1909	1357	0
1909	1605	0
1909	1929	1
1909	1948	0
1909	2848	1
1909	3005	1
1910	195	0
1910	337	0
1910	1100	0
1910	1129	1
1910	1213	1
1910	1392	0
1910	1812	1
1910	2233	1
1910	2616	1
1910	3238	0
1911	352	1
1911	808	0
1911	1198	1
1911	1629	0
1911	1679	0
1911	1717	0
1911	1812	1
1911	1929	1
1911	2334	0
1911	2849	1
1912	360	1
1912	1047	0
1912	1348	0
1912	1358	1
1912	1866	0
1912	1969	1
1912	1972	1
1912	2285	1
1912	2486	0
1912	2988	0
1913	615	1
1913	1333	1
1913	1555	0
1913	2118	0
1913	2132	1
1913	2517	1
1913	2762	0
1913	2797	0
1913	2875	0
1913	3066	1
1914	22	0
1914	324	0
1914	344	1
1914	644	0
1914	1269	1
1914	1811	1
1914	2220	0
1914	2263	1
1914	3154	0
1914	3242	1
1915	5	1
1915	823	1
1915	1106	0
1915	1134	0
1915	1335	0
1915	1476	1
1915	2609	0
1915	3206	0
1915	3213	1
1915	3238	1
1916	429	1
1916	1224	0
1916	1353	0
1916	1685	1
1916	1746	1
1916	2640	0
1916	2960	1
1916	2963	0
1916	3044	1
1916	3114	0
1917	1834	0
1917	2153	0
1917	2270	1
1917	2511	0
1917	2529	1
1917	2663	0
1917	2789	1
1917	2804	0
1917	3202	1
1917	3226	1
1918	252	0
1918	466	0
1918	579	0
1918	648	0
1918	738	0
1918	938	1
1918	1929	1
1918	2348	1
1918	3086	1
1918	3238	1
1919	195	0
1919	1036	1
1919	1523	0
1919	1654	1
1919	2151	0
1919	2157	0
1919	2278	1
1919	2557	1
1919	2818	1
1919	2848	0
1920	360	0
1920	507	1
1920	626	1
1920	943	0
1920	2127	0
1920	2151	1
1920	2421	0
1920	2595	1
1920	3039	0
1920	3187	1
1921	173	1
1921	783	0
1921	823	1
1921	1444	0
1921	1605	1
1921	1711	1
1921	2195	0
1921	2398	0
1921	2421	1
1921	3030	0
1922	34	0
1922	577	0
1922	788	1
1922	1413	1
1922	1681	0
1922	1737	0
1922	2562	1
1922	2595	1
1922	2732	0
1922	3124	1
1923	582	1
1923	868	0
1923	918	0
1923	1329	1
1923	1466	0
1923	1952	1
1923	2030	1
1923	2526	0
1923	2752	1
1923	3124	0
1924	52	1
1924	1722	0
1924	2189	0
1924	2539	0
1924	2598	0
1924	2619	1
1924	2622	1
1924	2672	0
1924	3176	1
1924	3220	1
1925	102	0
1925	208	1
1925	384	0
1925	391	1
1925	461	0
1925	507	1
1925	896	1
1925	984	1
1925	1715	0
1925	3163	0
1926	80	1
1926	213	0
1926	257	1
1926	274	0
1926	1266	1
1926	1370	1
1926	1753	1
1926	2186	0
1926	2347	0
1926	2739	0
1927	1020	1
1927	1240	0
1927	1630	1
1927	1672	0
1927	1997	1
1927	2111	0
1927	2135	1
1927	2233	0
1927	2529	1
1927	2566	0
1928	278	0
1928	344	1
1928	428	1
1928	998	1
1928	1754	1
1928	1761	0
1928	1972	0
1928	2268	1
1928	2351	0
1928	2608	0
1929	586	1
1929	632	0
1929	935	0
1929	1176	1
1929	1429	0
1929	2357	1
1929	2571	0
1929	2706	0
1929	3079	1
1929	3192	1
1930	3	0
1930	181	1
1930	507	0
1930	920	1
1930	1009	0
1930	1173	1
1930	1915	1
1930	2745	0
1930	2941	1
1930	3253	0
1931	637	0
1931	777	0
1931	1062	0
1931	1198	1
1931	1592	1
1931	2019	0
1931	2405	1
1931	2752	1
1931	2828	0
1931	3009	1
1932	135	1
1932	518	0
1932	1175	1
1932	1240	1
1932	1552	1
1932	1722	0
1932	1823	1
1932	2284	0
1932	2556	0
1932	2972	0
1933	289	0
1933	716	0
1933	1195	1
1933	1239	1
1933	1563	1
1933	1943	1
1933	2157	0
1933	2386	0
1933	2783	0
1933	3161	1
1934	47	0
1934	257	1
1934	447	0
1934	457	1
1934	949	1
1934	1301	0
1934	1856	1
1934	2413	1
1934	2555	0
1934	2978	0
1935	206	0
1935	447	0
1935	507	1
1935	636	1
1935	994	0
1935	1207	1
1935	1856	0
1935	2143	0
1935	2375	1
1935	2595	1
1936	39	1
1936	507	1
1936	994	0
1936	1500	0
1936	1902	0
1936	2316	0
1936	2374	0
1936	2385	1
1936	2517	1
1936	3087	1
1937	193	1
1937	209	1
1937	933	0
1937	1332	0
1937	1389	0
1937	1907	1
1937	2356	0
1937	2731	1
1937	3120	1
1937	3173	0
1938	1081	0
1938	1283	1
1938	1284	1
1938	1670	0
1938	1757	1
1938	1820	0
1938	2157	1
1938	2207	0
1938	2634	0
1938	3140	1
1939	531	0
1939	649	0
1939	667	1
1939	686	1
1939	1017	1
1939	1615	0
1939	1934	0
1939	2380	1
1939	2607	0
1939	3065	1
1940	429	1
1940	665	1
1940	1117	1
1940	1201	0
1940	1552	0
1940	2226	0
1940	2466	0
1940	3084	1
1940	3138	0
1940	3208	1
1941	600	0
1941	1047	1
1941	1972	1
1941	2143	0
1941	2337	1
1941	2370	1
1941	2442	0
1941	2661	0
1941	2792	0
1941	2946	1
1942	117	1
1942	169	1
1942	552	0
1942	1596	0
1942	2088	1
1942	2314	0
1942	2459	1
1942	2529	1
1942	2741	0
1942	2787	0
1943	472	0
1943	517	1
1943	928	1
1943	1485	1
1943	1636	1
1943	1687	0
1943	1835	0
1943	2153	0
1943	2238	0
1943	2858	1
1944	487	1
1944	796	1
1944	1037	0
1944	1774	1
1944	1864	1
1944	1893	0
1944	2380	1
1944	2432	0
1944	2456	0
1944	2460	0
1945	39	1
1945	216	1
1945	687	0
1945	966	0
1945	2039	1
1945	2151	1
1945	2720	0
1945	2752	0
1945	2954	0
1945	3213	1
1946	221	0
1946	1280	1
1946	1301	0
1946	1640	1
1946	1864	0
1946	2036	0
1946	2418	0
1946	2459	1
1946	3078	1
1946	3138	1
1947	123	0
1947	224	1
1947	537	0
1947	733	1
1947	1207	1
1947	1834	0
1947	2125	1
1947	2459	0
1947	2702	0
1947	2988	1
1948	153	1
1948	699	0
1948	1968	0
1948	2162	0
1948	2518	1
1948	2734	1
1948	2877	1
1948	3000	0
1948	3140	1
1948	3149	0
1949	626	0
1949	839	1
1949	1266	0
1949	1449	0
1949	2348	1
1949	2385	0
1949	2557	1
1949	2730	0
1949	2938	1
1949	2974	1
1950	208	1
1950	605	0
1950	1333	1
1950	1536	0
1950	1980	1
1950	2179	0
1950	2606	1
1950	2652	1
1950	2920	0
1950	3094	0
1951	220	0
1951	508	0
1951	661	1
1951	968	1
1951	1175	0
1951	1410	0
1951	1615	1
1951	1856	0
1951	1936	1
1951	2619	1
1952	305	1
1952	500	0
1952	681	0
1952	823	0
1952	1475	1
1952	1952	1
1952	2392	1
1952	2552	1
1952	2986	0
1952	3244	0
1953	168	1
1953	177	0
1953	296	0
1953	403	1
1953	1047	1
1953	1818	0
1953	2132	1
1953	2716	0
1953	2752	0
1953	2863	1
1954	167	0
1954	171	0
1954	422	1
1954	578	1
1954	1358	1
1954	1969	0
1954	2133	0
1954	2375	1
1954	3031	0
1954	3087	1
1955	221	1
1955	518	0
1955	653	1
1955	1066	1
1955	1122	0
1955	1284	1
1955	1435	0
1955	1746	1
1955	2278	0
1955	2413	0
1956	162	1
1956	720	0
1956	1920	0
1956	1969	0
1956	2480	1
1956	2619	1
1956	2627	1
1956	2831	0
1956	3045	1
1956	3087	0
1957	400	0
1957	933	0
1957	1017	1
1957	1117	0
1957	1277	0
1957	1636	1
1957	1907	1
1957	2627	0
1957	2860	1
1957	3020	1
1958	459	0
1958	1022	1
1958	1527	0
1958	1558	0
1958	2133	0
1958	2320	1
1958	2593	1
1958	2600	1
1958	2938	1
1958	3221	0
1959	167	0
1959	344	0
1959	533	1
1959	951	1
1959	1117	1
1959	1137	0
1959	1485	0
1959	1636	0
1959	1979	1
1959	2124	1
1960	478	1
1960	872	1
1960	1348	0
1960	1362	0
1960	1421	0
1960	1481	0
1960	1797	1
1960	2049	1
1960	2088	0
1960	2822	1
1961	162	0
1961	299	1
1961	1476	1
1961	1495	0
1961	2001	1
1961	2590	0
1961	2655	1
1961	2798	0
1961	3108	1
1961	3213	0
1962	102	0
1962	221	1
1962	360	0
1962	478	0
1962	624	1
1962	836	0
1962	1629	1
1962	1921	1
1962	2916	1
1962	3049	0
1963	221	1
1963	366	0
1963	369	0
1963	850	1
1963	906	0
1963	1972	1
1963	2361	0
1963	2676	1
1963	2938	1
1963	2965	0
1964	88	1
1964	299	1
1964	550	1
1964	1075	0
1964	1636	1
1964	1818	0
1964	2010	0
1964	2774	0
1964	2940	1
1964	3017	0
1965	664	1
1965	881	0
1965	1067	0
1965	1303	1
1965	1990	1
1965	1991	0
1965	2118	1
1965	2253	0
1965	2857	0
1965	3182	1
1966	435	0
1966	656	1
1966	967	0
1966	986	1
1966	1243	1
1966	2095	1
1966	2216	1
1966	2355	0
1966	3123	0
1966	3253	0
1967	1066	0
1967	1682	0
1967	1816	1
1967	2118	1
1967	2247	1
1967	2454	1
1967	2585	0
1967	2690	0
1967	2753	1
1967	3227	0
1968	472	1
1968	926	1
1968	1398	0
1968	1439	1
1968	1874	1
1968	1922	0
1968	2281	0
1968	2285	1
1968	2451	0
1968	3009	0
1969	498	1
1969	1011	1
1969	1117	1
1969	1735	0
1969	1858	1
1969	1860	0
1969	1870	0
1969	2722	0
1969	2863	1
1969	3148	0
1970	258	1
1970	422	1
1970	590	1
1970	1266	0
1970	1399	1
1970	1970	0
1970	2118	0
1970	2688	0
1970	3065	1
1970	3121	0
1971	52	0
1971	940	0
1971	1109	0
1971	1562	1
1971	1640	0
1971	1670	1
1971	1728	1
1971	2187	1
1971	2532	0
1971	2941	1
1972	25	1
1972	52	0
1972	325	1
1972	365	0
1972	604	0
1972	1249	0
1972	1752	1
1972	2139	0
1972	2407	1
1972	2427	1
1973	12	1
1973	148	1
1973	575	0
1973	996	0
1973	1072	0
1973	1119	0
1973	1226	1
1973	1426	1
1973	1590	1
1973	1682	0
1974	653	1
1974	953	1
1974	1605	1
1974	1711	1
1974	1794	0
1974	2299	0
1974	2376	0
1974	2529	0
1974	2638	0
1974	2761	1
1975	324	1
1975	555	1
1975	1203	1
1975	1255	0
1975	1332	0
1975	1615	1
1975	1641	0
1975	1699	0
1975	1972	1
1975	2637	0
1976	162	0
1976	208	1
1976	428	0
1976	781	1
1976	1298	0
1976	1950	1
1976	2747	0
1976	2858	1
1976	2906	1
1976	3038	0
1977	5	0
1977	208	1
1977	550	1
1977	1455	0
1977	1775	0
1977	2253	1
1977	2386	0
1977	2590	1
1977	2848	1
1977	3238	0
1978	313	1
1978	491	1
1978	640	0
1978	1870	0
1978	2046	1
1978	2209	0
1978	2541	1
1978	2722	0
1978	2761	0
1978	3196	1
1979	900	0
1979	924	0
1979	1102	0
1979	1566	0
1979	1728	1
1979	2106	1
1979	2133	1
1979	2583	1
1979	2968	0
1979	3086	1
1980	277	0
1980	478	1
1980	901	0
1980	1284	1
1980	2024	1
1980	2157	0
1980	2221	0
1980	2906	0
1980	3075	1
1980	3213	1
1981	299	1
1981	408	0
1981	608	0
1981	1117	1
1981	1253	0
1981	1454	1
1981	1918	0
1981	2405	1
1981	3170	0
1981	3213	1
1982	174	1
1982	257	1
1982	541	0
1982	1546	1
1982	1784	1
1982	1822	0
1982	2319	0
1982	2863	1
1982	2979	0
1982	3182	0
1983	216	1
1983	1366	1
1983	1960	0
1983	2320	0
1983	2522	0
1983	2747	1
1983	2823	1
1983	2959	0
1983	2960	1
1983	3004	0
1984	16	1
1984	1563	0
1984	1658	1
1984	2096	0
1984	2132	1
1984	2280	1
1984	2299	1
1984	2634	0
1984	2674	0
1984	2762	0
1985	507	1
1985	527	1
1985	600	0
1985	720	1
1985	1232	0
1985	1841	0
1985	2024	0
1985	2627	1
1985	2706	0
1985	3220	1
1986	153	0
1986	850	1
1986	1242	1
1986	1280	0
1986	1560	1
1986	1720	0
1986	1972	1
1986	2482	0
1986	2877	0
1986	3066	1
1987	459	1
1987	579	0
1987	1292	1
1987	1521	1
1987	1757	0
1987	1783	0
1987	2241	1
1987	2526	1
1987	2822	0
1987	3213	0
1988	588	0
1988	765	0
1988	921	1
1988	1111	1
1988	1615	1
1988	1929	1
1988	2098	0
1988	2513	0
1988	2635	0
1988	2986	1
1989	111	0
1989	360	0
1989	400	1
1989	670	0
1989	1582	1
1989	1814	1
1989	2397	0
1989	2828	1
1989	3163	0
1989	3196	1
1990	239	0
1990	503	1
1990	541	0
1990	716	1
1990	866	1
1990	1462	0
1990	1732	0
1990	2175	0
1990	2218	1
1990	3108	1
1991	174	1
1991	299	0
1991	923	0
1991	960	1
1991	1227	0
1991	2023	0
1991	2172	1
1991	2484	0
1991	2557	1
1991	3001	1
1992	0	0
1992	309	1
1992	479	1
1992	1523	1
1992	1658	1
1992	1717	0
1992	1975	0
1992	2221	1
1992	2270	0
1992	3115	0
1993	115	1
1993	183	1
1993	360	0
1993	403	0
1993	851	0
1993	926	0
1993	1358	0
1993	1654	1
1993	2990	1
1993	3066	1
1994	296	0
1994	967	1
1994	1283	1
1994	1565	0
1994	1652	0
1994	1998	1
1994	2011	0
1994	2585	0
1994	2666	1
1994	3066	1
1995	472	1
1995	537	1
1995	615	0
1995	975	0
1995	1009	0
1995	1333	1
1995	2019	1
1995	2299	0
1995	2502	0
1995	2863	1
1996	0	1
1996	410	0
1996	566	1
1996	1545	1
1996	2132	0
1996	2277	0
1996	2500	0
1996	2501	1
1996	2960	0
1996	2981	1
1997	428	0
1997	460	0
1997	1117	1
1997	1225	1
1997	1269	1
1997	1774	0
1997	2178	0
1997	2189	0
1997	2582	1
1997	3208	1
1998	237	1
1998	503	0
1998	845	1
1998	1381	1
1998	1614	0
1998	2517	1
1998	2835	0
1998	3082	0
1998	3139	1
1998	3221	0
1999	507	1
1999	759	0
1999	841	0
1999	1075	0
1999	1227	0
1999	1379	1
1999	1495	1
1999	1552	1
1999	2435	0
1999	3115	1
2000	316	0
2000	565	0
2000	668	1
2000	1139	1
2000	1231	1
2000	1672	0
2000	2761	1
2000	2797	0
2000	3115	1
2000	3256	0
2001	108	1
2001	135	0
2001	891	0
2001	957	1
2001	985	0
2001	1752	0
2001	2337	1
2001	2421	1
2001	2562	1
2001	2945	0
2002	257	0
2002	403	0
2002	434	0
2002	1047	1
2002	1410	1
2002	1546	1
2002	1724	1
2002	2776	0
2002	3038	1
2002	3146	0
2003	490	0
2003	585	1
2003	1333	0
2003	1806	1
2003	1879	1
2003	1890	0
2003	2599	0
2003	2785	0
2003	2933	1
2003	3017	1
2004	16	1
2004	260	0
2004	1591	0
2004	1834	1
2004	2151	1
2004	2250	0
2004	2455	1
2004	2619	1
2004	2661	0
2004	2980	0
2005	9	1
2005	261	0
2005	656	1
2005	840	1
2005	1106	1
2005	1166	0
2005	2104	0
2005	2708	1
2005	2931	0
2005	3253	0
2006	554	1
2006	620	0
2006	820	0
2006	896	1
2006	1117	1
2006	1476	1
2006	2312	0
2006	2928	1
2006	3075	0
2006	3252	0
2007	838	0
2007	1167	0
2007	1714	0
2007	2008	0
2007	2020	1
2007	2319	1
2007	2484	0
2007	2848	1
2007	3016	1
2007	3051	1
2008	221	1
2008	325	1
2008	653	1
2008	1255	0
2008	2284	0
2008	2314	0
2008	2319	1
2008	2427	1
2008	2607	0
2008	2676	0
2009	850	1
2009	871	0
2009	1745	0
2009	1921	1
2009	1972	0
2009	1991	0
2009	2311	0
2009	2373	1
2009	2517	1
2009	2529	1
2010	344	1
2010	442	1
2010	697	1
2010	1614	0
2010	1888	0
2010	2266	0
2010	2281	0
2010	2543	1
2010	2603	1
2010	3145	0
2011	197	1
2011	361	1
2011	508	0
2011	1483	1
2011	2277	1
2011	2289	0
2011	2312	0
2011	2344	0
2011	2816	1
2011	3157	0
2012	664	0
2012	1394	0
2012	1601	1
2012	2049	0
2012	2281	1
2012	2785	0
2012	2789	0
2012	2863	1
2012	3065	1
2012	3156	1
2013	195	1
2013	364	0
2013	644	1
2013	1148	0
2013	1566	0
2013	1829	0
2013	2224	1
2013	2408	1
2013	2644	0
2013	2927	1
2014	157	1
2014	761	0
2014	1037	0
2014	1105	1
2014	1207	1
2014	1711	0
2014	2008	1
2014	2103	0
2014	3138	1
2014	3212	0
2015	235	0
2015	283	1
2015	366	1
2015	467	0
2015	786	1
2015	1024	0
2015	1106	1
2015	1444	0
2015	1828	1
2015	2486	0
2016	27	0
2016	403	1
2016	429	1
2016	465	0
2016	605	1
2016	910	1
2016	1118	0
2016	1202	0
2016	2320	1
2016	2770	0
2017	250	1
2017	260	0
2017	387	0
2017	546	1
2017	1026	0
2017	1217	0
2017	2063	1
2017	2434	1
2017	2752	0
2017	3148	1
2018	135	0
2018	527	0
2018	648	1
2018	1219	0
2018	2109	1
2018	2143	0
2018	2454	1
2018	2578	1
2018	2816	0
2018	2837	1
2019	203	0
2019	564	1
2019	577	0
2019	1635	1
2019	1701	0
2019	2026	0
2019	2152	1
2019	2419	1
2019	2619	0
2019	2816	1
2020	643	0
2020	675	1
2020	1333	0
2020	1358	0
2020	1533	1
2020	1717	1
2020	1969	1
2020	2118	0
2020	2513	0
2020	3017	1
2021	174	0
2021	310	0
2021	440	1
2021	804	0
2021	823	0
2021	1110	0
2021	2327	1
2021	2418	1
2021	2459	1
2021	3066	1
2022	290	1
2022	644	0
2022	804	0
2022	933	1
2022	1615	0
2022	1965	1
2022	2030	1
2022	2189	0
2022	2747	0
2022	3156	1
2023	251	0
2023	367	1
2023	1106	1
2023	1590	0
2023	1737	0
2023	1856	1
2023	2010	1
2023	2088	0
2023	3009	1
2023	3219	0
2024	539	1
2024	541	0
2024	632	1
2024	668	0
2024	1210	1
2024	1270	0
2024	1278	1
2024	1512	1
2024	2350	0
2024	2438	0
2025	597	1
2025	613	1
2025	998	0
2025	1297	0
2025	1834	0
2025	2312	1
2025	2462	0
2025	2674	0
2025	2760	1
2025	2960	1
2026	432	0
2026	606	0
2026	938	1
2026	939	1
2026	1194	1
2026	1307	0
2026	1379	1
2026	1500	1
2026	1570	0
2026	2651	0
2027	121	0
2027	224	0
2027	949	0
2027	1232	1
2027	1444	0
2027	1552	1
2027	2418	1
2027	2517	1
2027	2627	1
2027	3203	0
2028	135	0
2028	495	1
2028	1476	1
2028	1552	0
2028	1834	0
2028	1929	1
2028	2583	1
2028	2674	0
2028	2753	0
2028	2960	1
2029	295	0
2029	341	0
2029	440	1
2029	644	1
2029	1123	0
2029	1156	0
2029	1784	0
2029	2277	1
2029	2863	1
2029	2960	1
2030	43	0
2030	422	1
2030	804	1
2030	831	0
2030	1227	1
2030	1654	1
2030	2022	0
2030	2307	0
2030	2330	1
2030	3052	0
2031	262	1
2031	390	1
2031	664	1
2031	781	0
2031	883	1
2031	1404	0
2031	2708	0
2031	2713	0
2031	3194	1
2031	3200	0
2032	254	0
2032	319	1
2032	1008	0
2032	1210	1
2032	1237	0
2032	1349	1
2032	1835	1
2032	1865	0
2032	2199	0
2032	2654	1
2033	135	0
2033	570	0
2033	691	1
2033	1790	0
2033	2099	1
2033	2418	1
2033	2551	1
2033	3154	0
2033	3156	0
2033	3213	1
2034	104	1
2034	164	0
2034	1207	1
2034	1243	0
2034	1605	0
2034	2293	1
2034	2875	1
2034	2995	1
2034	3057	0
2034	3205	0
2035	8	0
2035	316	0
2035	415	1
2035	786	1
2035	923	0
2035	1581	1
2035	1739	1
2035	1969	0
2035	3021	1
2035	3195	0
2036	336	1
2036	352	0
2036	527	1
2036	1013	0
2036	1066	1
2036	1818	1
2036	2118	1
2036	2619	0
2036	3195	0
2036	3220	0
2037	1304	1
2037	1595	0
2037	2235	0
2037	2421	1
2037	3076	0
2037	3078	0
2037	3091	0
2037	3094	1
2037	3095	1
2037	3182	1
2038	244	0
2038	340	1
2038	593	0
2038	1352	0
2038	1832	1
2038	1924	0
2038	2532	0
2038	2557	1
2038	3045	1
2038	3131	1
2039	224	1
2039	251	0
2039	508	0
2039	1075	0
2039	1233	0
2039	1487	1
2039	2327	1
2039	2513	1
2039	2938	0
2039	3020	1
2040	316	1
2040	429	0
2040	866	1
2040	1285	0
2040	1380	1
2040	1526	1
2040	1734	0
2040	2145	0
2040	2860	1
2040	3160	0
2041	457	1
2041	592	0
2041	842	0
2041	1217	1
2041	1333	0
2041	1439	1
2041	1523	1
2041	1973	1
2041	3012	0
2041	3145	0
2042	478	1
2042	975	0
2042	1123	1
2042	1203	0
2042	1211	0
2042	1280	1
2042	1527	0
2042	1702	1
2042	2990	0
2042	3200	1
2043	395	0
2043	732	0
2043	1111	0
2043	1227	1
2043	2095	0
2043	2104	1
2043	2285	1
2043	2548	1
2043	2557	1
2043	2752	0
2044	225	0
2044	250	0
2044	257	0
2044	697	1
2044	850	1
2044	866	1
2044	1546	1
2044	1972	1
2044	2083	0
2044	2503	0
2045	289	0
2045	403	1
2045	1658	1
2045	1737	0
2045	1964	0
2045	2172	1
2045	2483	1
2045	2484	0
2045	2635	0
2045	3066	1
2046	497	1
2046	633	0
2046	885	1
2046	1118	1
2046	1211	1
2046	1625	0
2046	2268	1
2046	2312	0
2046	2596	0
2046	2736	0
2047	296	0
2047	1226	1
2047	1375	0
2047	1630	1
2047	1907	1
2047	1972	1
2047	2127	0
2047	3034	0
2047	3087	1
2047	3095	0
2048	86	1
2048	221	1
2048	550	1
2048	585	0
2048	617	0
2048	624	0
2048	1195	0
2048	2268	1
2048	2434	1
2048	2954	0
2049	403	0
2049	1067	1
2049	1332	0
2049	1679	1
2049	1834	0
2049	1892	1
2049	2405	1
2049	2619	0
2049	2932	1
2049	3039	0
2050	208	1
2050	295	0
2050	1089	0
2050	1146	0
2050	1820	0
2050	1929	1
2050	2425	0
2050	2818	1
2050	3131	1
2050	3156	1
2051	405	1
2051	633	0
2051	1093	1
2051	1379	1
2051	1897	0
2051	1929	1
2051	2793	0
2051	2890	0
2051	3139	0
2051	3156	1
2052	49	0
2052	138	1
2052	487	1
2052	615	0
2052	1046	1
2052	1435	0
2052	2088	0
2052	2274	0
2052	2319	1
2052	3131	1
2053	0	1
2053	19	1
2053	495	1
2053	757	0
2053	847	1
2053	1138	0
2053	1818	0
2053	2375	0
2053	2744	0
2053	2877	1
2054	148	0
2054	501	1
2054	610	1
2054	697	0
2054	938	0
2054	1264	1
2054	1269	0
2054	1746	1
2054	2421	1
2054	2539	0
2055	310	0
2055	491	0
2055	1032	1
2055	1566	0
2055	2143	1
2055	2541	1
2055	2635	0
2055	2938	1
2055	3017	1
2055	3094	0
2056	277	1
2056	804	1
2056	834	0
2056	1122	0
2056	1267	0
2056	1577	0
2056	1892	1
2056	2046	0
2056	2172	1
2056	2251	1
2057	8	0
2057	102	0
2057	507	0
2057	527	1
2057	633	0
2057	910	1
2057	1506	0
2057	1728	1
2057	2437	1
2057	3138	1
2058	52	1
2058	86	1
2058	891	0
2058	1271	0
2058	1888	1
2058	2209	0
2058	2233	0
2058	2387	0
2058	2956	1
2058	3066	1
2059	784	1
2059	1172	1
2059	1207	1
2059	1776	0
2059	2024	1
2059	2138	0
2059	2278	0
2059	2419	1
2059	2776	0
2059	3221	0
2060	307	1
2060	406	0
2060	1336	0
2060	1353	1
2060	2330	0
2060	2593	0
2060	2742	1
2060	2857	0
2060	2964	1
2060	3227	1
2061	34	0
2061	977	0
2061	1013	1
2061	1118	1
2061	2128	1
2061	2157	1
2061	2230	0
2061	2327	0
2061	2760	1
2061	3067	0
2062	68	0
2062	340	0
2062	1240	0
2062	1301	1
2062	2117	1
2062	2337	1
2062	2348	1
2062	2522	0
2062	2963	1
2062	3079	0
2063	14	1
2063	252	1
2063	278	0
2063	758	0
2063	938	1
2063	1139	0
2063	2513	0
2063	3087	1
2063	3181	1
2063	3216	0
2064	257	0
2064	316	1
2064	1123	0
2064	2108	1
2064	2218	0
2064	2278	0
2064	2374	1
2064	2547	0
2064	2595	1
2064	2928	1
2065	678	1
2065	1047	1
2065	2118	0
2065	2239	1
2065	2497	0
2065	2651	0
2065	2940	0
2065	2946	1
2065	2960	0
2065	3052	1
2066	210	1
2066	569	0
2066	638	0
2066	757	0
2066	783	1
2066	1108	0
2066	2963	1
2066	2967	1
2066	3058	1
2066	3114	0
2067	32	1
2067	540	0
2067	707	0
2067	716	0
2067	1023	0
2067	1044	1
2067	1046	1
2067	1263	1
2067	2254	0
2067	2413	1
2068	106	0
2068	135	1
2068	487	0
2068	493	1
2068	818	0
2068	1774	0
2068	2327	0
2068	2837	1
2068	3065	1
2068	3078	1
2069	34	0
2069	653	1
2069	998	0
2069	1317	1
2069	1454	1
2069	1714	0
2069	2216	1
2069	2753	1
2069	3163	0
2069	3191	0
2070	133	0
2070	221	0
2070	358	0
2070	411	0
2070	585	1
2070	1227	1
2070	1969	1
2070	2230	0
2070	2595	1
2070	3213	1
2071	0	1
2071	946	0
2071	1036	0
2071	1222	1
2071	1306	0
2071	1326	0
2071	1377	1
2071	1673	1
2071	2663	0
2071	3047	1
2072	520	1
2072	608	1
2072	624	0
2072	824	0
2072	1127	0
2072	1385	1
2072	1408	1
2072	2224	0
2072	2290	0
2072	3095	1
2073	235	0
2073	310	1
2073	590	1
2073	668	0
2073	1188	0
2073	1757	1
2073	1855	0
2073	1973	1
2073	2473	0
2073	3000	1
2074	489	1
2074	552	0
2074	780	0
2074	1615	1
2074	1749	1
2074	1918	0
2074	2355	0
2074	2520	1
2074	2828	0
2074	3064	1
2075	88	0
2075	390	1
2075	644	1
2075	758	0
2075	2017	1
2075	2209	1
2075	2305	0
2075	2619	1
2075	2794	0
2075	3227	0
2076	19	0
2076	50	0
2076	70	1
2076	243	1
2076	906	0
2076	1083	1
2076	1226	1
2076	1565	0
2076	2285	1
2076	2926	0
2077	243	1
2077	249	0
2077	369	0
2077	440	0
2077	1063	0
2077	1590	0
2077	1834	1
2077	2011	1
2077	3076	1
2077	3152	1
2078	225	0
2078	310	0
2078	429	1
2078	675	1
2078	1052	0
2078	1746	1
2078	1820	0
2078	2211	0
2078	3076	1
2078	3163	1
2079	423	0
2079	586	1
2079	895	0
2079	1269	1
2079	1275	0
2079	1301	0
2079	1824	1
2079	2143	0
2079	2593	1
2079	2708	1
2080	428	0
2080	1255	1
2080	1340	0
2080	1636	0
2080	1796	0
2080	2337	1
2080	2818	1
2080	2863	1
2080	2938	1
2080	3066	0
2081	5	1
2081	490	0
2081	726	1
2081	784	0
2081	924	1
2081	962	0
2081	1226	0
2081	1476	1
2081	2273	0
2081	2615	1
2082	126	1
2082	302	1
2082	325	1
2082	707	0
2082	758	1
2082	1323	1
2082	2337	0
2082	2482	0
2082	3052	0
2082	3220	0
2083	174	1
2083	955	0
2083	1017	1
2083	1172	0
2083	2314	0
2083	2691	0
2083	2729	0
2083	2877	1
2083	2878	1
2083	3031	1
2084	155	0
2084	257	1
2084	403	1
2084	926	0
2084	1172	1
2084	1271	0
2084	1955	1
2084	2460	0
2084	2981	0
2084	3058	1
2085	294	1
2085	605	0
2085	985	1
2085	1153	0
2085	1307	1
2085	1424	0
2085	2658	0
2085	2686	1
2085	2775	0
2085	3176	1
2086	738	0
2086	1266	1
2086	1717	1
2086	2351	1
2086	2366	0
2086	2523	1
2086	2711	0
2086	2712	0
2086	2894	1
2086	3068	0
2087	110	1
2087	123	0
2087	350	1
2087	466	1
2087	537	1
2087	1614	0
2087	2619	0
2087	2818	1
2087	3066	0
2087	3236	0
2088	257	1
2088	502	0
2088	1123	1
2088	1821	0
2088	1908	1
2088	2320	1
2088	2704	0
2088	2747	1
2088	3227	0
2088	3238	0
2089	208	1
2089	503	1
2089	1017	1
2089	1441	0
2089	1560	0
2089	1655	0
2089	2219	1
2089	2558	0
2089	2786	0
2089	3009	1
2090	1046	0
2090	1429	0
2090	1635	1
2090	2023	0
2090	2143	1
2090	2221	1
2090	2433	0
2090	2670	1
2090	2694	0
2090	3086	1
2091	183	1
2091	208	1
2091	1255	0
2091	1358	0
2091	1990	0
2091	2106	1
2091	2132	0
2091	2672	1
2091	3019	0
2091	3159	1
2092	440	1
2092	566	0
2092	896	0
2092	1078	1
2092	1117	1
2092	1513	1
2092	1521	0
2092	1914	0
2092	2661	0
2092	2828	1
2093	764	0
2093	847	1
2093	848	0
2093	1545	0
2093	1654	0
2093	2157	1
2093	2178	0
2093	2427	1
2093	2734	1
2093	3065	1
2094	156	0
2094	239	0
2094	337	1
2094	425	1
2094	634	0
2094	1786	0
2094	2133	1
2094	2401	1
2094	2752	0
2094	3040	1
2095	289	1
2095	387	0
2095	664	1
2095	846	0
2095	1031	0
2095	1234	1
2095	1325	1
2095	2965	0
2095	3204	1
2095	3211	0
2096	52	0
2096	404	1
2096	653	1
2096	1239	0
2096	1285	0
2096	2118	1
2096	2418	1
2096	2619	0
2096	2652	1
2096	3221	0
2097	397	1
2097	512	1
2097	565	0
2097	910	0
2097	1816	1
2097	2048	1
2097	2154	0
2097	2625	1
2097	2821	0
2097	3034	0
2098	208	1
2098	515	1
2098	570	0
2098	1129	1
2098	1269	0
2098	1790	0
2098	1834	0
2098	2753	1
2098	2797	1
2098	2990	0
2099	376	0
2099	403	1
2099	434	1
2099	1233	0
2099	1595	1
2099	1709	0
2099	1936	1
2099	2159	0
2099	2775	1
2099	3038	0
2100	938	1
2100	1652	0
2100	2277	1
2100	2299	0
2100	2305	1
2100	2562	1
2100	2651	1
2100	2661	0
2100	3017	0
2100	3019	0
2101	239	1
2101	319	0
2101	416	0
2101	440	1
2101	958	0
2101	1439	1
2101	2139	0
2101	2314	1
2101	2662	1
2101	2887	0
2102	294	1
2102	389	1
2102	504	0
2102	857	0
2102	1248	0
2102	1319	1
2102	2954	0
2102	3086	1
2102	3111	1
2102	3215	0
2103	220	0
2103	1194	0
2103	1370	1
2103	1632	1
2103	1663	0
2103	2267	1
2103	2611	1
2103	2848	1
2103	3220	0
2103	3221	0
2104	36	0
2104	359	1
2104	399	0
2104	1301	1
2104	1752	1
2104	2305	0
2104	2505	1
2104	2517	0
2104	2584	0
2104	3005	1
2105	185	0
2105	1160	1
2105	1266	1
2105	1757	0
2105	1797	0
2105	2151	1
2105	2312	0
2105	2418	1
2105	2941	1
2105	3066	0
2106	39	0
2106	369	0
2106	487	1
2106	1975	1
2106	2270	0
2106	2409	1
2106	2460	0
2106	2818	1
2106	2978	0
2106	3066	1
2107	559	1
2107	941	0
2107	1255	1
2107	1412	1
2107	1604	0
2107	1649	0
2107	1746	0
2107	2016	0
2107	2949	1
2107	3182	1
2108	460	0
2108	1146	1
2108	1386	0
2108	1550	1
2108	2135	0
2108	2574	0
2108	2700	1
2108	2726	1
2108	2747	0
2108	3194	1
2109	299	1
2109	906	0
2109	908	1
2109	1608	0
2109	1839	0
2109	2387	1
2109	2418	1
2109	2720	0
2109	3014	0
2109	3151	1
2110	35	1
2110	111	0
2110	1243	1
2110	1380	1
2110	1512	0
2110	2030	1
2110	2320	1
2110	2522	0
2110	2844	0
2110	2942	0
2111	177	0
2111	1286	0
2111	1566	1
2111	1570	1
2111	2049	1
2111	2285	1
2111	2828	1
2111	2938	0
2111	3220	0
2111	3242	0
2112	22	0
2112	101	0
2112	206	1
2112	310	1
2112	434	1
2112	550	1
2112	1834	1
2112	2138	0
2112	2586	0
2112	2690	0
2113	35	0
2113	289	1
2113	291	0
2113	515	1
2113	793	0
2113	1960	1
2113	2504	1
2113	2565	0
2113	2941	1
2113	3039	0
2114	176	1
2114	550	1
2114	623	0
2114	648	0
2114	1226	1
2114	1454	1
2114	1892	0
2114	2458	1
2114	2595	0
2114	3015	0
2115	495	0
2115	720	0
2115	796	1
2115	1212	1
2115	1749	1
2115	2120	1
2115	2618	0
2115	2652	0
2115	2860	1
2115	3036	0
2116	490	1
2116	643	0
2116	732	0
2116	1358	0
2116	1516	1
2116	1570	1
2116	1915	0
2116	2118	1
2116	2340	0
2116	3086	1
2117	12	0
2117	170	0
2117	299	0
2117	527	1
2117	818	0
2117	910	1
2117	1229	0
2117	1969	1
2117	2023	1
2117	3079	1
2118	39	0
2118	165	0
2118	171	1
2118	195	1
2118	533	1
2118	1198	1
2118	1552	1
2118	2022	0
2118	2648	0
2118	2967	0
2119	22	0
2119	174	1
2119	316	0
2119	920	1
2119	1241	0
2119	1370	1
2119	2764	0
2119	2775	0
2119	2995	1
2119	3038	1
2120	906	0
2120	1095	0
2120	1178	0
2120	1649	1
2120	1989	1
2120	2319	0
2120	2828	1
2120	2852	1
2120	2937	0
2120	3129	1
2121	185	0
2121	299	0
2121	426	0
2121	953	1
2121	1800	0
2121	2049	1
2121	2396	1
2121	2418	0
2121	2747	1
2121	2858	1
2122	939	1
2122	1129	0
2122	1870	0
2122	2594	1
2122	2635	0
2122	3075	0
2122	3152	0
2122	3184	1
2122	3213	1
2122	3227	1
2123	106	1
2123	422	0
2123	506	1
2123	1118	1
2123	1441	0
2123	1546	0
2123	1881	0
2123	2004	1
2123	2734	1
2123	2822	0
2124	319	0
2124	608	1
2124	1972	1
2124	2222	0
2124	2385	1
2124	2418	1
2124	2467	0
2124	2752	0
2124	3157	1
2124	3195	0
2125	274	1
2125	572	0
2125	930	1
2125	1683	0
2125	1836	1
2125	1895	0
2125	2274	1
2125	2461	1
2125	3234	0
2125	3258	0
2126	251	0
2126	818	0
2126	901	1
2126	1023	0
2126	1156	1
2126	1654	1
2126	2459	1
2126	2992	0
2126	3076	0
2126	3149	1
2127	648	1
2127	938	1
2127	1072	0
2127	1642	0
2127	2281	0
2127	2455	1
2127	2463	0
2127	2760	1
2127	2816	0
2127	3181	1
2128	148	0
2128	257	1
2128	459	1
2128	1117	1
2128	1596	0
2128	1607	0
2128	1856	1
2128	2307	0
2128	2370	1
2128	2984	0
2129	174	1
2129	257	1
2129	552	0
2129	2268	0
2129	2595	0
2129	2753	0
2129	2863	1
2129	2909	0
2129	3084	1
2129	3227	1
2130	174	1
2130	183	0
2130	1037	0
2130	1267	1
2130	1687	1
2130	1883	0
2130	1972	1
2130	2141	1
2130	2708	0
2130	2910	0
2131	174	1
2131	208	1
2131	319	0
2131	573	0
2131	981	0
2131	1615	1
2131	2464	1
2131	2717	0
2131	3017	1
2131	3058	0
2132	472	0
2132	656	1
2132	904	1
2132	1361	0
2132	1589	0
2132	1642	1
2132	2319	1
2132	2574	0
2132	2819	1
2132	2995	0
2133	299	0
2133	847	1
2133	895	0
2133	939	0
2133	1825	0
2133	1834	0
2133	1869	1
2133	2109	1
2133	2866	1
2133	3156	1
2134	400	0
2134	605	0
2134	673	1
2134	731	1
2134	1160	1
2134	1212	1
2134	1266	0
2134	1652	0
2134	2863	0
2134	3226	1
2135	476	0
2135	788	1
2135	1222	1
2135	1349	0
2135	1749	0
2135	2394	0
2135	2400	1
2135	2790	0
2135	2877	1
2135	2990	1
2136	185	1
2136	555	0
2136	588	0
2136	713	0
2136	1117	1
2136	1439	0
2136	1596	0
2136	2109	1
2136	2342	1
2136	2557	1
2137	210	0
2137	251	0
2137	428	0
2137	932	0
2137	2312	1
2137	2460	1
2137	2628	1
2137	2863	1
2137	3045	0
2137	3184	1
2138	253	0
2138	257	1
2138	664	0
2138	665	1
2138	1879	0
2138	1913	1
2138	2643	0
2138	2992	1
2138	3078	1
2138	3087	0
2139	270	0
2139	332	0
2139	461	1
2139	648	1
2139	1324	1
2139	1656	0
2139	1857	0
2139	2023	0
2139	2640	1
2139	2778	1
2140	411	0
2140	637	0
2140	877	1
2140	1429	1
2140	1672	1
2140	1685	1
2140	1924	1
2140	2586	0
2140	2914	0
2140	3030	0
2141	309	1
2141	949	0
2141	1012	0
2141	1406	0
2141	1476	1
2141	1929	1
2141	2818	0
2141	3016	1
2141	3181	0
2141	3232	1
2142	310	1
2142	507	0
2142	1046	1
2142	1179	1
2142	1913	0
2142	1991	1
2142	2421	0
2142	2517	0
2142	2692	0
2142	3204	1
2143	165	0
2143	925	0
2143	1697	0
2143	1929	1
2143	1969	1
2143	2626	1
2143	2868	0
2143	3073	0
2143	3121	1
2143	3211	1
2144	135	1
2144	156	1
2144	664	1
2144	800	0
2144	871	1
2144	1577	0
2144	1816	1
2144	2187	0
2144	2652	0
2144	3234	0
2145	237	0
2145	257	1
2145	805	0
2145	1307	1
2145	1551	1
2145	2031	0
2145	2259	1
2145	2468	0
2145	2479	0
2145	2958	1
2146	154	0
2146	185	1
2146	895	0
2146	1220	1
2146	1460	0
2146	1779	1
2146	2006	0
2146	2650	1
2146	2694	1
2146	2950	0
2147	239	0
2147	1105	0
2147	1614	1
2147	2036	1
2147	2277	1
2147	2312	1
2147	2327	1
2147	2618	0
2147	3085	0
2147	3256	0
2148	4	1
2148	361	0
2148	472	0
2148	581	1
2148	648	1
2148	847	0
2148	1548	0
2148	2109	1
2148	2449	1
2148	3075	0
2149	169	1
2149	197	0
2149	552	1
2149	910	0
2149	1349	0
2149	1582	1
2149	1856	1
2149	1952	0
2149	2608	0
2149	3212	1
2150	167	1
2150	324	0
2150	732	1
2150	919	0
2150	1711	1
2150	2023	1
2150	2118	0
2150	2305	0
2150	2330	0
2150	2708	1
2151	490	0
2151	701	1
2151	796	0
2151	1035	0
2151	1447	0
2151	1681	0
2151	2032	1
2151	2268	1
2151	2477	1
2151	2762	1
2152	42	0
2152	187	1
2152	716	0
2152	1969	0
2152	2001	1
2152	2305	0
2152	2489	1
2152	2794	0
2152	2848	1
2152	3241	1
2153	294	0
2153	550	1
2153	593	0
2153	643	0
2153	781	1
2153	1284	0
2153	1327	0
2153	1640	1
2153	2689	1
2153	3086	1
2154	210	0
2154	354	0
2154	527	1
2154	996	1
2154	1902	0
2154	1949	0
2154	2818	1
2154	2828	1
2154	3026	1
2154	3066	0
2155	24	0
2155	517	1
2155	554	1
2155	1097	0
2155	1605	0
2155	1776	1
2155	2118	0
2155	2438	1
2155	2541	1
2155	2618	0
2156	309	0
2156	319	0
2156	411	0
2156	1332	0
2156	1636	1
2156	1762	1
2156	1975	1
2156	2239	0
2156	2438	1
2156	2565	1
2157	4	1
2157	185	0
2157	850	1
2157	1283	0
2157	1565	0
2157	1601	1
2157	1652	0
2157	2736	1
2157	2828	0
2157	2920	1
2158	39	0
2158	656	0
2158	796	0
2158	1363	1
2158	1476	1
2158	1589	0
2158	1626	1
2158	1663	0
2158	2661	1
2158	2783	1
2159	428	1
2159	793	0
2159	1555	0
2159	1565	1
2159	2148	0
2159	2458	0
2159	2819	1
2159	2839	1
2159	2999	0
2159	3079	1
2160	154	0
2160	660	0
2160	1468	0
2160	1960	1
2160	2118	0
2160	2289	1
2160	2296	1
2160	2512	1
2160	2697	0
2160	2713	1
2161	550	0
2161	1146	0
2161	2151	1
2161	2312	0
2161	2348	1
2161	2421	1
2161	2516	0
2161	2863	1
2161	2890	1
2161	3066	0
2162	16	0
2162	1105	0
2162	1304	1
2162	1752	0
2162	1760	0
2162	2118	1
2162	2178	1
2162	2551	1
2162	2968	0
2162	3213	1
2163	403	1
2163	1056	0
2163	1207	1
2163	1652	0
2163	1687	1
2163	1711	1
2163	1956	0
2163	2863	0
2163	2909	1
2163	2956	0
2164	104	1
2164	751	0
2164	1139	0
2164	1570	0
2164	1915	0
2164	2278	1
2164	2375	1
2164	2622	1
2164	3087	1
2164	3221	0
2165	260	0
2165	1021	1
2165	1123	0
2165	1234	1
2165	1652	1
2165	2418	1
2165	2690	0
2165	2852	0
2165	3005	0
2165	3138	1
2166	22	0
2166	47	0
2166	220	0
2166	434	0
2166	675	1
2166	791	0
2166	1207	1
2166	1523	1
2166	2557	1
2166	2960	1
2167	5	1
2167	804	0
2167	1116	1
2167	1131	0
2167	1305	1
2167	1551	1
2167	1577	0
2167	1872	0
2167	2088	1
2167	3221	0
2168	428	1
2168	1729	0
2168	1746	1
2168	2266	0
2168	2418	1
2168	2566	0
2168	2753	1
2168	2967	0
2168	3076	0
2168	3139	1
2169	1394	1
2169	1730	0
2169	1774	1
2169	1866	1
2169	2419	1
2169	2486	0
2169	2634	0
2169	2651	1
2169	3072	0
2169	3094	0
2170	737	0
2170	1307	1
2170	1727	1
2170	1816	0
2170	2083	1
2170	2278	0
2170	2401	0
2170	3023	1
2170	3178	1
2170	3221	0
2171	687	1
2171	866	0
2171	980	0
2171	1066	1
2171	1226	0
2171	1858	0
2171	2561	0
2171	2964	1
2171	2988	1
2171	3000	1
2172	30	1
2172	204	0
2172	502	0
2172	615	0
2172	2099	0
2172	2218	1
2172	2572	1
2172	2619	1
2172	2691	0
2172	3075	1
2173	1047	1
2173	1129	0
2173	1284	1
2173	1399	1
2173	2088	1
2173	2253	1
2173	2555	0
2173	2818	0
2173	3180	0
2173	3216	0
2174	578	0
2174	592	0
2174	665	0
2174	1021	0
2174	1160	1
2174	1626	1
2174	1907	0
2174	2348	1
2174	2493	1
2174	2816	1
2175	319	0
2175	455	0
2175	927	1
2175	1784	1
2175	2151	1
2175	2343	0
2175	2582	0
2175	2595	1
2175	3048	0
2175	3066	1
2176	406	1
2176	1036	1
2176	1249	0
2176	1633	0
2176	1820	0
2176	2073	0
2176	2095	0
2176	2209	1
2176	2217	1
2176	2770	1
2177	248	0
2177	641	1
2177	762	1
2177	1117	1
2177	1737	0
2177	1863	1
2177	1883	0
2177	2226	1
2177	2447	0
2177	2501	0
2178	43	0
2178	318	0
2178	660	1
2178	1691	1
2178	1772	0
2178	2046	1
2178	2523	0
2178	2661	1
2178	2781	0
2178	3195	1
2179	523	0
2179	998	0
2179	1201	0
2179	1652	1
2179	1811	1
2179	2357	1
2179	2709	0
2179	2913	0
2179	3061	1
2179	3196	1
2180	975	0
2180	1013	0
2180	1546	1
2180	1615	0
2180	1834	1
2180	1847	1
2180	2056	0
2180	3138	0
2180	3182	1
2180	3196	1
2181	254	0
2181	465	0
2181	893	0
2181	1268	1
2181	1418	1
2181	1806	1
2181	2166	1
2181	2455	0
2181	2841	0
2181	2857	1
2182	180	0
2182	440	0
2182	1615	1
2182	1834	1
2182	1969	0
2182	2026	1
2182	2463	1
2182	2661	0
2182	2717	0
2182	3195	1
2183	185	0
2183	445	1
2183	451	1
2183	824	0
2183	954	0
2183	1356	1
2183	1485	1
2183	2095	0
2183	2752	0
2183	2877	1
2184	173	0
2184	1117	0
2184	1358	1
2184	1865	1
2184	1954	1
2184	1972	0
2184	2609	1
2184	2931	1
2184	3017	0
2184	3129	0
2185	4	1
2185	980	0
2185	1093	0
2185	1413	1
2185	1454	1
2185	1783	1
2185	2189	0
2185	2689	0
2185	2978	0
2185	3066	1
2186	52	0
2186	1685	0
2186	2030	0
2186	2118	1
2186	2281	1
2186	2517	1
2186	2557	1
2186	2619	1
2186	2937	0
2186	3114	0
2187	344	1
2187	866	0
2187	1117	1
2187	1276	0
2187	1757	0
2187	1818	1
2187	2305	1
2187	2818	1
2187	2857	0
2187	3086	0
2188	221	1
2188	445	1
2188	460	0
2188	478	1
2188	938	1
2188	1198	0
2188	1820	0
2188	2077	0
2188	2529	1
2188	2551	0
2189	203	0
2189	1109	0
2189	1493	1
2189	1550	0
2189	1717	0
2189	1929	0
2189	2431	1
2189	2706	1
2189	3066	1
2189	3161	1
2190	183	1
2190	643	0
2190	907	0
2190	1353	1
2190	2118	0
2190	2121	0
2190	2440	1
2190	2482	1
2190	2670	0
2190	3044	1
2191	336	1
2191	1011	0
2191	2101	1
2191	2252	0
2191	2281	1
2191	2599	0
2191	2611	0
2191	2944	0
2191	3059	1
2191	3184	1
2192	207	0
2192	257	0
2192	1118	0
2192	1520	1
2192	1527	1
2192	1746	0
2192	1972	1
2192	2178	0
2192	2906	1
2192	3065	1
2193	8	1
2193	174	1
2193	531	0
2193	552	1
2193	684	0
2193	1394	1
2193	1593	0
2193	1784	1
2193	2164	0
2193	3076	0
2194	117	0
2194	366	1
2194	503	0
2194	1193	1
2194	1783	1
2194	2137	0
2194	2230	0
2194	2463	1
2194	2660	0
2194	3006	1
2195	440	1
2195	543	0
2195	954	0
2195	1269	1
2195	1555	0
2195	1606	0
2195	1774	1
2195	1790	1
2195	1972	0
2195	2147	1
2196	1059	1
2196	1552	0
2196	1570	0
2196	1681	0
2196	1862	1
2196	2362	1
2196	2752	1
2196	2828	1
2196	2941	0
2196	3086	0
2197	305	0
2197	542	0
2197	751	1
2197	1231	1
2197	1850	1
2197	2118	0
2197	2477	1
2197	2694	0
2197	2949	1
2197	3081	0
2198	135	0
2198	202	0
2198	654	0
2198	1267	1
2198	1303	1
2198	2004	0
2198	2046	1
2198	3009	0
2198	3050	1
2198	3066	1
2199	80	0
2199	174	1
2199	1333	0
2199	1366	1
2199	1399	1
2199	2619	0
2199	2753	0
2199	2890	1
2199	3017	1
2199	3078	0
2200	307	0
2200	733	0
2200	793	1
2200	994	0
2200	998	1
2200	1844	1
2200	1854	1
2200	2209	1
2200	2690	0
2200	3057	0
2201	319	0
2201	503	1
2201	720	0
2201	758	0
2201	1636	0
2201	1654	1
2201	1990	1
2201	2277	0
2201	3031	1
2201	3213	1
2202	307	1
2202	552	1
2202	660	1
2202	661	0
2202	908	1
2202	1365	0
2202	1618	0
2202	1654	0
2202	1714	1
2202	1803	0
2203	1577	0
2203	1627	0
2203	1746	1
2203	2151	0
2203	2419	1
2203	2876	1
2203	2995	1
2203	3129	0
2203	3195	1
2203	3209	0
2204	117	0
2204	460	1
2204	640	1
2204	1174	0
2204	1927	0
2204	2091	0
2204	2268	1
2204	2819	1
2204	2972	0
2204	3084	1
2205	235	0
2205	306	1
2205	336	1
2205	422	1
2205	540	0
2205	758	0
2205	947	1
2205	1897	0
2205	2015	0
2205	2753	1
2206	46	0
2206	615	0
2206	654	0
2206	845	0
2206	1363	1
2206	1649	1
2206	1864	1
2206	2020	1
2206	2643	1
2206	3076	0
2207	106	0
2207	173	0
2207	251	0
2207	310	1
2207	478	0
2207	1512	1
2207	2011	1
2207	2109	1
2207	2617	0
2207	2753	1
2208	229	1
2208	487	1
2208	543	0
2208	763	1
2208	764	0
2208	1859	1
2208	2068	0
2208	2189	0
2208	2208	1
2208	2671	0
2209	856	0
2209	1021	1
2209	1287	0
2209	1340	1
2209	1668	0
2209	1702	0
2209	2375	0
2209	2460	1
2209	3182	1
2209	3221	1
2210	537	1
2210	776	0
2210	1703	1
2210	1862	0
2210	1973	0
2210	2018	0
2210	2400	1
2210	2923	0
2210	2988	1
2210	3195	1
2211	654	0
2211	911	1
2211	1066	1
2211	1418	0
2211	1972	0
2211	2752	1
2211	2960	0
2211	3017	1
2211	3195	1
2211	3224	0
2212	295	0
2212	927	0
2212	1267	1
2212	1348	1
2212	1363	0
2212	2298	1
2212	2361	1
2212	2952	0
2212	2988	0
2212	3058	1
2213	85	1
2213	924	1
2213	1086	0
2213	1280	0
2213	1349	0
2213	1476	1
2213	1622	0
2213	1717	0
2213	2126	1
2213	3163	1
2214	744	1
2214	890	0
2214	1600	1
2214	1960	1
2214	2008	0
2214	2203	0
2214	2274	0
2214	2467	0
2214	2680	1
2214	2952	1
2215	257	1
2215	1410	0
2215	1767	1
2215	2218	0
2215	2770	0
2215	2910	0
2215	2927	0
2215	2941	1
2215	2978	1
2215	2995	1
2216	226	0
2216	384	0
2216	660	1
2216	1552	1
2216	1696	0
2216	1748	1
2216	1854	0
2216	2852	1
2216	2925	0
2216	3254	1
2217	203	0
2217	307	0
2217	425	1
2217	1214	1
2217	1985	0
2217	2152	0
2217	2386	1
2217	2630	0
2217	2818	1
2217	3061	1
2218	382	0
2218	941	1
2218	1012	1
2218	1439	0
2218	1476	1
2218	2233	0
2218	2468	0
2218	2615	1
2218	2728	0
2218	2849	1
2219	88	0
2219	593	0
2219	687	1
2219	850	1
2219	1118	1
2219	1816	0
2219	1909	0
2219	2151	1
2219	2157	0
2219	2517	1
2220	771	0
2220	845	0
2220	1017	1
2220	1145	1
2220	1734	1
2220	2088	1
2220	2109	0
2220	2823	1
2220	2892	0
2220	3242	0
2221	341	1
2221	516	0
2221	644	1
2221	759	1
2221	850	0
2221	856	0
2221	1887	0
2221	2421	1
2221	2704	0
2221	3066	1
2222	5	1
2222	216	0
2222	306	0
2222	390	1
2222	1020	1
2222	1575	0
2222	1584	1
2222	1791	0
2222	2446	0
2222	2712	1
2223	132	0
2223	502	1
2223	661	0
2223	1036	1
2223	1115	0
2223	2421	1
2223	2483	1
2223	2496	1
2223	2517	0
2223	2627	0
2224	160	0
2224	204	1
2224	426	0
2224	472	1
2224	1106	1
2224	1473	1
2224	1728	1
2224	1734	0
2224	2178	0
2224	2534	0
2225	390	0
2225	716	0
2225	1195	1
2225	1370	0
2225	1642	1
2225	2371	1
2225	2708	0
2225	2798	1
2225	2818	1
2225	3178	0
2226	261	1
2226	425	1
2226	459	1
2226	1476	1
2226	1552	0
2226	1560	1
2226	1732	0
2226	2299	0
2226	2585	0
2226	3139	0
2227	100	0
2227	507	0
2227	1062	1
2227	1552	1
2227	1834	0
2227	2211	1
2227	2249	0
2227	2823	1
2227	2925	0
2227	2950	1
2228	189	0
2228	202	1
2228	254	0
2228	314	0
2228	604	0
2228	926	1
2228	1226	1
2228	1832	0
2228	2783	1
2228	2790	1
2229	14	1
2229	938	1
2229	994	0
2229	1211	0
2229	1552	1
2229	1714	0
2229	1746	1
2229	1921	1
2229	2284	0
2229	2467	0
2230	926	0
2230	1370	1
2230	1476	1
2230	1563	1
2230	1573	0
2230	1722	0
2230	1856	0
2230	1865	0
2230	2280	1
2230	2938	1
2231	487	0
2231	617	1
2231	653	1
2231	1202	1
2231	1363	1
2231	1591	0
2231	1943	0
2231	2151	1
2231	2461	0
2231	2719	0
2232	204	1
2232	440	0
2232	503	0
2232	1125	1
2232	1499	0
2232	1595	0
2232	2030	1
2232	2418	1
2232	2747	1
2232	3107	0
2233	390	1
2233	429	1
2233	675	0
2233	998	0
2233	1550	1
2233	1687	1
2233	1745	0
2233	1751	0
2233	2463	1
2233	2728	0
2234	12	1
2234	555	1
2234	1047	1
2234	1192	0
2234	1636	1
2234	2496	0
2234	2557	1
2234	2794	0
2234	3020	0
2234	3094	0
2235	97	0
2235	228	0
2235	373	1
2235	923	0
2235	994	0
2235	1730	0
2235	2061	1
2235	2594	1
2235	2619	1
2235	2770	1
2236	577	1
2236	968	0
2236	1136	1
2236	1633	0
2236	1914	0
2236	1998	1
2236	2433	0
2236	2513	1
2236	2627	0
2236	3019	1
2237	22	0
2237	206	0
2237	648	1
2237	1410	0
2237	1505	0
2237	1523	1
2237	2020	1
2237	2157	0
2237	2941	1
2237	3194	1
2238	341	0
2238	344	0
2238	847	1
2238	1314	1
2238	1658	0
2238	1892	0
2238	1979	1
2238	2466	0
2238	2480	1
2238	3075	1
2239	12	0
2239	457	1
2239	1629	1
2239	1865	1
2239	1992	0
2239	2418	1
2239	2637	0
2239	2744	0
2239	2938	1
2239	3154	0
2240	106	0
2240	517	1
2240	656	1
2240	1269	1
2240	1872	0
2240	1892	0
2240	2004	0
2240	2097	0
2240	2118	1
2240	2619	1
2241	39	1
2241	221	1
2241	244	0
2241	547	0
2241	1231	0
2241	1242	0
2241	1919	0
2241	2299	1
2241	2590	1
2241	3238	1
2242	181	1
2242	312	0
2242	1526	0
2242	1615	1
2242	1618	1
2242	1648	1
2242	1656	0
2242	2086	0
2242	2337	1
2242	3000	0
2243	250	0
2243	824	1
2243	1348	0
2243	1615	1
2243	1652	0
2243	1658	1
2243	2314	1
2243	2367	0
2243	2375	0
2243	2619	1
2244	423	1
2244	570	0
2244	817	1
2244	872	1
2244	1601	0
2244	2345	0
2244	2361	1
2244	2738	0
2244	2769	0
2244	3020	1
2245	344	1
2245	589	0
2245	664	0
2245	665	0
2245	758	0
2245	1034	1
2245	1136	1
2245	1552	1
2245	1995	1
2245	2938	0
2246	85	0
2246	135	1
2246	319	1
2246	497	0
2246	1137	0
2246	2418	1
2246	2529	1
2246	2582	0
2246	2634	0
2246	2906	1
2247	228	0
2247	998	1
2247	1304	0
2247	1648	0
2247	2459	1
2247	2910	0
2247	2954	0
2247	2960	1
2247	3044	1
2247	3058	1
2248	140	0
2248	998	0
2248	1095	1
2248	1447	0
2248	1512	0
2248	1589	1
2248	2690	0
2248	2692	1
2248	2819	1
2248	3084	1
2249	52	1
2249	299	0
2249	985	1
2249	1116	1
2249	1207	0
2249	1213	1
2249	1271	0
2249	1370	1
2249	2463	0
2249	3178	0
2250	279	0
2250	845	0
2250	1333	0
2250	2418	1
2250	2486	0
2250	2789	0
2250	2941	1
2250	2953	1
2250	2995	1
2250	3086	1
2251	299	1
2251	643	0
2251	1314	1
2251	1332	0
2251	1883	0
2251	1922	0
2251	2011	1
2251	2662	0
2251	2938	1
2251	3138	1
2252	1015	0
2252	1372	1
2252	1429	1
2252	2521	0
2252	2662	1
2252	2694	0
2252	2794	1
2252	2920	1
2252	3180	0
2252	3244	0
2253	209	0
2253	325	1
2253	1418	0
2253	2030	1
2253	2260	0
2253	2417	1
2253	2609	1
2253	2618	0
2253	2661	1
2253	2988	0
2254	155	0
2254	204	1
2254	502	0
2254	1117	0
2254	1267	0
2254	1394	0
2254	1892	1
2254	1893	1
2254	2925	1
2254	3017	1
2255	366	0
2255	656	0
2255	854	0
2255	1046	1
2255	1636	1
2255	1928	0
2255	2015	0
2255	2284	1
2255	2454	1
2255	2460	1
2256	365	1
2256	648	0
2256	653	1
2256	1232	0
2256	1243	0
2256	1632	1
2256	1720	0
2256	2611	0
2256	2729	1
2256	3226	1
2257	275	0
2257	307	0
2257	927	1
2257	986	1
2257	1201	1
2257	1207	0
2257	1418	1
2257	1589	1
2257	1975	0
2257	2794	0
2258	205	0
2258	239	1
2258	340	1
2258	927	1
2258	1198	0
2258	1694	0
2258	1929	1
2258	2450	0
2258	2692	1
2258	2979	0
2259	322	1
2259	554	0
2259	1266	0
2259	1552	1
2259	2109	1
2259	2316	1
2259	2335	0
2259	2427	0
2259	2708	0
2259	2900	1
2260	121	0
2260	369	1
2260	926	1
2260	1106	1
2260	2101	0
2260	2157	1
2260	2680	0
2260	2794	0
2260	2878	0
2260	3049	1
2261	949	0
2261	975	0
2261	1652	1
2261	1711	1
2261	2539	0
2261	2906	1
2261	2934	0
2261	3019	1
2261	3020	1
2261	3049	0
2262	148	1
2262	344	1
2262	497	1
2262	926	0
2262	935	0
2262	1036	0
2262	1834	0
2262	1856	1
2262	3017	0
2262	3254	1
2263	403	0
2263	506	1
2263	1565	0
2263	1658	0
2263	1806	0
2263	1856	1
2263	2427	1
2263	2460	0
2263	2461	1
2263	3049	1
2264	34	0
2264	244	0
2264	310	1
2264	337	1
2264	738	0
2264	2021	1
2264	2822	0
2264	2916	1
2264	2927	1
2264	2969	0
2265	108	0
2265	126	1
2265	1284	1
2265	1686	0
2265	1687	0
2265	1895	0
2265	2268	1
2265	2914	0
2265	3031	1
2265	3110	1
2266	148	1
2266	319	0
2266	531	0
2266	1118	1
2266	1280	1
2266	1730	0
2266	1860	0
2266	1955	0
2266	2661	1
2266	3020	1
2267	39	1
2267	440	0
2267	612	1
2267	975	0
2267	1410	1
2267	1563	1
2267	2046	0
2267	2118	0
2267	2480	1
2267	3086	0
2268	257	1
2268	390	1
2268	491	0
2268	502	0
2268	1017	1
2268	1772	0
2268	2271	0
2268	2424	1
2268	2944	0
2268	3176	1
2269	297	0
2269	617	1
2269	629	0
2269	1227	1
2269	2118	0
2269	2143	0
2269	2454	1
2269	2517	0
2269	2863	1
2269	3178	1
2270	174	1
2270	624	1
2270	687	0
2270	797	0
2270	908	1
2270	1363	1
2270	1654	1
2270	2023	0
2270	2731	0
2270	3044	0
2271	390	1
2271	656	1
2271	768	0
2271	1298	0
2271	1797	0
2271	1891	0
2271	2418	1
2271	2689	1
2271	2742	0
2271	3229	1
2272	523	0
2272	720	1
2272	796	0
2272	1137	1
2272	1790	0
2272	1920	1
2272	2005	1
2272	2310	1
2272	2840	0
2272	3020	0
2273	920	1
2273	1066	1
2273	1194	1
2273	1201	0
2273	1838	0
2273	1989	0
2273	2017	0
2273	2941	1
2273	2995	1
2273	3129	0
2274	69	0
2274	369	0
2274	755	0
2274	1220	0
2274	1520	0
2274	2118	1
2274	2320	1
2274	2482	1
2274	2985	1
2274	3045	1
2275	315	0
2275	1136	1
2275	1142	0
2275	1566	0
2275	1892	1
2275	2464	0
2275	2595	1
2275	2596	0
2275	2818	1
2275	3176	1
2276	217	0
2276	856	0
2276	1125	1
2276	1591	1
2276	1652	1
2276	1817	0
2276	2315	0
2276	2619	1
2276	2914	0
2276	3213	1
2277	415	0
2277	491	0
2277	1198	0
2277	1481	0
2277	1746	1
2277	1921	1
2277	2273	1
2277	2371	1
2277	2631	0
2277	2824	1
2278	904	1
2278	1207	0
2278	1727	1
2278	1784	1
2278	1856	1
2278	1890	0
2278	2273	0
2278	2278	0
2278	2443	0
2278	2828	1
2279	279	1
2279	626	0
2279	797	0
2279	1046	1
2279	1790	1
2279	1822	1
2279	2340	0
2279	2392	0
2279	2817	0
2279	2818	1
2280	299	1
2280	495	1
2280	555	0
2280	868	0
2280	1009	0
2280	2143	0
2280	2319	1
2280	2413	1
2280	2661	1
2280	2875	0
2281	885	0
2281	1280	1
2281	2311	1
2281	2312	0
2281	2662	0
2281	2960	1
2281	3026	1
2281	3066	0
2281	3129	0
2281	3156	1
2282	985	1
2282	998	0
2282	1223	0
2282	1283	1
2282	1476	0
2282	1500	1
2282	2088	1
2282	2224	0
2282	2690	0
2282	3182	1
2283	86	0
2283	664	1
2283	935	0
2283	1103	0
2283	1126	1
2283	1778	0
2283	2072	1
2283	2595	1
2283	2948	0
2283	3084	1
2284	155	1
2284	164	0
2284	520	1
2284	968	0
2284	1026	0
2284	1282	1
2284	1499	1
2284	1894	0
2284	2517	0
2284	3059	1
2285	316	1
2285	605	1
2285	866	1
2285	1475	1
2285	1526	0
2285	1555	0
2285	1636	0
2285	1803	0
2285	2512	1
2285	3184	0
2286	171	0
2286	864	0
2286	1093	1
2286	1436	1
2286	1691	0
2286	2289	1
2286	2312	0
2286	2501	1
2286	2521	0
2286	3163	1
2287	299	0
2287	337	1
2287	1117	1
2287	1202	1
2287	1615	0
2287	1803	0
2287	1862	0
2287	2269	1
2287	2366	0
2287	3026	1
2288	351	0
2288	405	1
2288	1090	1
2288	1118	1
2288	1291	1
2288	1686	0
2288	1834	1
2288	2266	0
2288	2300	0
2288	2513	0
2289	390	1
2289	455	0
2289	713	0
2289	1239	0
2289	2061	1
2289	2566	0
2289	2836	0
2289	2878	1
2289	3078	1
2289	3200	1
2290	457	1
2290	559	0
2290	823	0
2290	1066	1
2290	1776	1
2290	1929	0
2290	2118	0
2290	2305	1
2290	2890	0
2290	2927	1
2291	1227	1
2291	1539	1
2291	2011	1
2291	2099	0
2291	2316	0
2291	2330	0
2291	2483	1
2291	3013	0
2291	3075	0
2291	3216	1
2292	157	1
2292	553	0
2292	1762	0
2292	1774	1
2292	1786	0
2292	1929	1
2292	2106	1
2292	2179	1
2292	2719	0
2292	2729	0
2293	617	1
2293	720	0
2293	901	1
2293	1472	0
2293	1514	1
2293	2363	0
2293	2831	0
2293	2837	0
2293	2941	1
2293	3152	1
2294	244	0
2294	384	0
2294	438	0
2294	466	0
2294	1139	1
2294	1226	1
2294	1227	1
2294	2217	0
2294	2816	1
2294	3152	1
2295	207	1
2295	247	1
2295	939	1
2295	1194	1
2295	1552	1
2295	1714	0
2295	2008	0
2295	2101	0
2295	2944	0
2295	2975	0
2296	8	0
2296	91	1
2296	305	0
2296	617	1
2296	621	0
2296	891	1
2296	921	1
2296	1218	0
2296	1617	0
2296	2716	1
2297	336	1
2297	463	0
2297	659	1
2297	1197	0
2297	1834	0
2297	1858	0
2297	2001	1
2297	2066	1
2297	2604	1
2297	3215	0
2298	101	0
2298	208	1
2298	690	0
2298	1560	1
2298	1615	1
2298	1745	1
2298	1761	0
2298	2077	1
2298	2195	0
2298	3124	0
2299	340	1
2299	1129	1
2299	1234	0
2299	1543	0
2299	2150	1
2299	2557	1
2299	2591	1
2299	2607	0
2299	2938	0
2299	3216	0
2300	387	0
2300	1211	1
2300	1241	0
2300	1365	0
2300	2015	1
2300	2018	0
2300	2106	1
2300	2702	0
2300	2794	1
2300	3223	1
2301	461	0
2301	652	1
2301	675	0
2301	1036	0
2301	1605	0
2301	2418	1
2301	2746	1
2301	2848	0
2301	3062	1
2301	3125	1
2302	12	0
2302	339	0
2302	994	0
2302	1036	0
2302	1514	1
2302	1636	1
2302	2030	0
2302	2375	1
2302	2775	1
2302	3086	1
2303	636	1
2303	1013	1
2303	1241	0
2303	1357	0
2303	1394	1
2303	1410	1
2303	1915	0
2303	2566	0
2303	2734	0
2303	2941	1
2304	997	1
2304	1495	1
2304	1588	1
2304	1910	0
2304	2278	1
2304	2312	0
2304	2373	0
2304	2585	1
2304	2753	0
2304	2982	0
2305	46	1
2305	139	0
2305	228	0
2305	428	1
2305	975	1
2305	1929	1
2305	2164	0
2305	2418	1
2305	2959	0
2305	3085	0
2306	52	1
2306	208	1
2306	637	0
2306	796	1
2306	933	0
2306	1221	0
2306	1892	0
2306	2150	0
2306	2348	1
2306	2354	1
2307	110	1
2307	148	0
2307	397	0
2307	507	0
2307	1136	1
2307	1232	0
2307	1670	0
2307	1875	1
2307	2268	1
2307	2635	1
2308	866	1
2308	941	0
2308	1803	1
2308	2406	0
2308	2462	1
2308	2501	1
2308	2505	0
2308	2549	0
2308	2817	0
2308	3195	1
2309	145	0
2309	1011	0
2309	1283	1
2309	2368	0
2309	2525	0
2309	2588	0
2309	2619	1
2309	2834	1
2309	2877	1
2309	3196	1
2310	102	0
2310	220	0
2310	675	1
2310	1227	0
2310	1300	1
2310	1856	1
2310	2061	1
2310	2218	0
2310	2222	0
2310	2421	1
2311	302	1
2311	315	0
2311	998	1
2311	1119	1
2311	1565	0
2311	2088	1
2311	2133	1
2311	2234	0
2311	2548	0
2311	2753	0
2312	366	1
2312	793	1
2312	900	1
2312	1349	0
2312	1725	1
2312	1779	0
2312	1888	1
2312	2279	0
2312	2314	0
2312	2722	0
2313	73	1
2313	1137	0
2313	1727	0
2313	1879	1
2313	1924	0
2313	1979	1
2313	2049	1
2313	2455	0
2313	2653	0
2313	3016	1
2314	448	1
2314	1043	0
2314	1213	1
2314	1501	0
2314	2143	0
2314	2460	1
2314	2774	0
2314	2809	1
2314	2968	1
2314	3018	0
2315	106	0
2315	216	1
2315	257	0
2315	1046	1
2315	1211	0
2315	1391	1
2315	1860	0
2315	2534	0
2315	2697	1
2315	2995	1
2316	257	0
2316	310	0
2316	404	1
2316	1194	1
2316	1487	1
2316	1500	1
2316	2137	0
2316	2493	1
2316	2670	0
2316	2713	0
2317	131	0
2317	171	1
2317	1333	1
2317	1429	0
2317	1794	0
2317	2077	1
2317	2708	1
2317	2928	0
2317	3066	1
2317	3174	0
2318	403	0
2318	1117	0
2318	1137	1
2318	1856	0
2318	2046	1
2318	2151	0
2318	2419	1
2318	2459	0
2318	2798	1
2318	2938	1
2319	221	1
2319	244	0
2319	747	0
2319	1123	0
2319	1636	1
2319	1727	1
2319	1776	1
2319	1862	1
2319	3000	0
2319	3216	0
2320	46	0
2320	317	1
2320	855	1
2320	1072	1
2320	1361	0
2320	1806	0
2320	2104	0
2320	2149	1
2320	2421	1
2320	2477	0
2321	447	1
2321	570	0
2321	670	1
2321	780	0
2321	1123	1
2321	1239	0
2321	2453	1
2321	2676	0
2321	2965	1
2321	3041	0
2322	24	0
2322	487	0
2322	507	0
2322	1754	1
2322	1891	1
2322	1927	1
2322	1990	1
2322	2162	0
2322	2296	1
2322	2941	0
2323	427	0
2323	656	1
2323	1025	0
2323	1226	0
2323	1494	1
2323	2281	1
2323	2661	1
2323	3017	0
2323	3181	1
2323	3216	0
2324	21	0
2324	45	0
2324	387	1
2324	605	1
2324	653	1
2324	1215	0
2324	2157	1
2324	2413	1
2324	2462	0
2324	2738	0
2325	502	0
2325	534	0
2325	758	0
2325	1267	1
2325	1848	1
2325	1856	0
2325	2143	1
2325	2375	0
2325	2877	1
2325	2960	1
2326	183	0
2326	518	0
2326	1280	1
2326	1453	1
2326	1612	0
2326	1832	1
2326	1973	0
2326	2216	1
2326	2419	0
2326	2583	1
2327	277	1
2327	638	0
2327	997	1
2327	1370	0
2327	1404	0
2327	1410	0
2327	1972	1
2327	2217	1
2327	2348	1
2327	2827	0
2328	174	1
2328	800	0
2328	1892	1
2328	1953	1
2328	2160	0
2328	2305	0
2328	2374	1
2328	2651	1
2328	2920	0
2328	3061	0
2329	190	0
2329	237	1
2329	552	1
2329	1227	1
2329	1877	0
2329	2361	0
2329	2449	1
2329	3049	0
2329	3058	0
2329	3140	1
2330	252	0
2330	415	0
2330	1266	1
2330	1301	0
2330	1791	1
2330	1820	1
2330	2073	1
2330	2595	1
2330	2690	0
2330	2717	0
2331	208	1
2331	360	0
2331	403	1
2331	1046	1
2331	1148	0
2331	1956	0
2331	2111	1
2331	2496	0
2331	3017	1
2331	3139	0
2332	119	0
2332	238	0
2332	412	1
2332	1026	0
2332	1116	1
2332	1252	0
2332	1386	0
2332	1642	1
2332	2117	1
2332	2413	1
2333	117	0
2333	135	0
2333	294	1
2333	319	0
2333	603	0
2333	1358	1
2333	1439	1
2333	1636	0
2333	2583	1
2333	3007	1
2334	848	1
2334	1037	0
2334	1056	0
2334	1545	0
2334	1757	1
2334	1774	0
2334	2713	1
2334	2890	0
2334	3020	1
2334	3110	1
2335	164	0
2335	938	1
2335	1269	0
2335	1629	0
2335	1913	1
2335	1956	1
2335	2425	0
2335	3020	1
2335	3050	0
2335	3078	1
2336	716	1
2336	958	0
2336	1429	0
2336	1454	1
2336	1646	1
2336	1735	0
2336	1746	0
2336	1757	1
2336	2484	0
2336	3215	1
2337	210	0
2337	544	0
2337	560	1
2337	994	1
2337	1008	0
2337	1558	1
2337	1806	0
2337	2523	0
2337	2783	1
2337	3086	1
2338	204	1
2338	389	0
2338	550	1
2338	793	0
2338	1893	1
2338	1979	0
2338	2036	0
2338	2361	0
2338	3017	1
2338	3184	1
2339	52	0
2339	257	0
2339	460	0
2339	515	1
2339	851	0
2339	1358	0
2339	1972	1
2339	2046	1
2339	2680	1
2339	2697	1
2340	648	1
2340	1217	1
2340	1266	1
2340	1471	0
2340	1646	0
2340	1654	0
2340	2143	1
2340	2517	0
2340	2848	1
2340	3114	0
2341	239	0
2341	463	0
2341	550	1
2341	611	1
2341	818	0
2341	1076	1
2341	1333	0
2341	1565	0
2341	2557	1
2341	2861	1
2342	408	0
2342	527	0
2342	1652	0
2342	1899	1
2342	2207	0
2342	2295	0
2342	2419	1
2342	2619	1
2342	2756	1
2342	2863	1
2343	57	1
2343	162	1
2343	624	0
2343	1211	0
2343	1594	0
2343	1834	0
2343	2529	1
2343	2619	0
2343	2626	1
2343	3020	1
2344	352	1
2344	994	0
2344	1331	1
2344	1394	0
2344	1593	0
2344	2150	1
2344	2583	0
2344	2635	0
2344	2960	1
2344	3066	1
2345	216	1
2345	428	0
2345	900	0
2345	927	0
2345	1239	1
2345	1333	1
2345	1565	1
2345	1760	0
2345	1841	0
2345	2595	1
2346	87	0
2346	221	0
2346	244	1
2346	637	0
2346	804	1
2346	1105	1
2346	1266	0
2346	1711	1
2346	1872	0
2346	2848	1
2347	447	1
2347	588	0
2347	640	1
2347	658	0
2347	697	0
2347	1032	1
2347	1129	1
2347	1724	1
2347	2086	0
2347	2950	0
2348	97	1
2348	310	0
2348	526	0
2348	1117	1
2348	1235	1
2348	1306	0
2348	1777	1
2348	1924	0
2348	2938	1
2348	3220	0
2349	171	0
2349	206	1
2349	1358	0
2349	1566	0
2349	1605	1
2349	1827	1
2349	1963	1
2349	2459	0
2349	2477	1
2349	3129	0
2350	60	0
2350	503	0
2350	705	0
2350	848	1
2350	1226	0
2350	1888	1
2350	1929	1
2350	2217	1
2350	2463	1
2350	2469	0
2351	101	0
2351	165	1
2351	257	1
2351	434	0
2351	1047	1
2351	1802	0
2351	2375	1
2351	2413	1
2351	2585	0
2351	2661	0
2352	30	0
2352	428	0
2352	908	1
2352	1283	0
2352	1307	1
2352	2216	1
2352	2549	1
2352	2752	0
2352	2951	0
2352	3078	1
2353	404	1
2353	737	0
2353	1013	0
2353	1614	0
2353	2151	1
2353	2401	1
2353	2418	1
2353	2442	0
2353	2496	0
2353	2863	1
2354	274	0
2354	360	0
2354	1717	0
2354	1834	0
2354	1844	1
2354	1856	1
2354	2278	0
2354	2529	1
2354	3017	1
2354	3213	1
2355	145	1
2355	403	1
2355	1484	0
2355	1958	0
2355	1970	1
2355	2278	0
2355	2845	0
2355	2956	0
2355	3170	1
2355	3215	1
2356	30	1
2356	344	1
2356	707	0
2356	789	0
2356	1269	0
2356	2030	1
2356	2543	0
2356	2816	1
2356	2849	1
2356	2860	0
2357	173	0
2357	206	1
2357	540	1
2357	612	0
2357	938	1
2357	1266	1
2357	1791	0
2357	1834	0
2357	1865	0
2357	2760	1
2358	101	0
2358	1172	0
2358	1205	0
2358	1261	1
2358	1929	1
2358	2466	1
2358	2595	1
2358	2690	0
2358	2761	1
2358	3221	0
2359	517	1
2359	540	0
2359	617	1
2359	1022	1
2359	1283	0
2359	1552	0
2359	1968	0
2359	2782	1
2359	2877	0
2359	3086	1
2360	165	1
2360	199	0
2360	579	0
2360	1172	0
2360	1527	1
2360	1783	1
2360	2133	1
2360	2466	0
2360	2513	0
2360	2909	1
2361	544	1
2361	580	1
2361	1029	1
2361	1056	0
2361	1353	0
2361	1655	0
2361	1703	0
2361	1775	1
2361	2086	1
2361	2658	0
2362	360	1
2362	1023	0
2362	1024	0
2362	1675	1
2362	1797	0
2362	1843	1
2362	2004	0
2362	2467	1
2362	2925	0
2362	3059	1
2363	174	1
2363	425	1
2363	1375	0
2363	2305	0
2363	2375	1
2363	2483	0
2363	2764	0
2363	2988	1
2363	3216	1
2363	3224	0
2364	747	1
2364	1358	0
2364	1446	0
2364	1555	0
2364	1807	1
2364	1915	0
2364	1975	1
2364	2479	1
2364	2618	0
2364	2661	1
2365	169	1
2365	339	0
2365	384	0
2365	1078	1
2365	1697	1
2365	1779	0
2365	1955	0
2365	2021	1
2365	2421	0
2365	2759	1
2366	428	0
2366	640	1
2366	1211	0
2366	1231	1
2366	1746	0
2366	2211	0
2366	2278	1
2366	2305	1
2366	2361	1
2366	2680	0
2367	52	1
2367	228	1
2367	555	1
2367	845	0
2367	1394	1
2367	1883	0
2367	2164	0
2367	2519	0
2367	2875	0
2367	3021	1
2368	239	0
2368	654	0
2368	1105	0
2368	1420	1
2368	1575	1
2368	1591	1
2368	1699	0
2368	2173	1
2368	2189	1
2368	2635	0
2369	403	1
2369	877	1
2369	1036	0
2369	1655	1
2369	1829	0
2369	2483	0
2369	2619	1
2369	2770	1
2369	2878	0
2369	3095	0
2370	102	0
2370	251	0
2370	405	1
2370	552	1
2370	1194	1
2370	1394	0
2370	1797	0
2370	2056	0
2370	2858	1
2370	2925	1
2371	299	1
2371	366	0
2371	796	1
2371	1207	0
2371	1271	1
2371	1796	1
2371	2421	0
2371	2427	1
2371	2466	0
2371	3070	0
2372	104	1
2372	213	1
2372	339	1
2372	360	0
2372	804	0
2372	1349	0
2372	2320	1
2372	2450	0
2372	2496	0
2372	2522	1
2373	968	1
2373	1239	1
2373	1363	1
2373	1866	0
2373	1927	1
2373	2046	0
2373	2142	1
2373	2884	0
2373	3182	0
2373	3220	0
2374	209	1
2374	497	1
2374	1194	0
2374	1239	1
2374	1724	0
2374	1834	0
2374	1892	0
2374	2418	1
2374	2834	0
2374	2960	1
2375	5	1
2375	404	1
2375	509	0
2375	1105	1
2375	1652	0
2375	1979	0
2375	2157	1
2375	2816	1
2375	3017	0
2375	3254	0
2376	121	0
2376	208	1
2376	487	0
2376	552	0
2376	646	0
2376	997	1
2376	1100	1
2376	1481	0
2376	1748	1
2376	2989	1
2377	336	0
2377	1476	1
2377	1848	0
2377	2209	0
2377	2319	1
2377	2451	0
2377	2652	1
2377	2875	0
2377	3066	1
2377	3086	1
2378	390	0
2378	426	0
2378	659	1
2378	748	1
2378	985	1
2378	1413	0
2378	2150	1
2378	2591	1
2378	2619	0
2378	2757	0
2379	167	1
2379	578	1
2379	769	0
2379	803	0
2379	1029	1
2379	1332	0
2379	1436	1
2379	1649	0
2379	2418	1
2379	2808	0
2380	174	1
2380	1146	1
2380	1333	1
2380	1565	0
2380	1834	0
2380	2222	0
2380	2280	0
2380	2717	1
2380	2936	0
2380	2938	1
2381	403	1
2381	998	1
2381	1033	1
2381	1156	0
2381	1325	0
2381	2157	0
2381	2619	1
2381	2635	0
2381	2753	1
2381	3052	0
2382	49	0
2382	701	0
2382	1232	1
2382	1523	1
2382	1658	1
2382	1757	0
2382	1808	0
2382	1865	1
2382	2701	1
2382	2767	0
2383	5	1
2383	415	0
2383	592	0
2383	1269	1
2383	1370	0
2383	1485	1
2383	1808	1
2383	2133	0
2383	2157	0
2383	3005	1
2384	319	1
2384	608	1
2384	1259	0
2384	1266	1
2384	1291	0
2384	1388	0
2384	1816	0
2384	1972	1
2384	2594	1
2384	2890	0
2385	344	1
2385	472	1
2385	845	0
2385	923	0
2385	1394	1
2385	2320	1
2385	2327	0
2385	2460	0
2385	2486	1
2385	2932	0
2386	440	1
2386	1340	0
2386	1439	0
2386	1523	1
2386	1615	1
2386	1702	0
2386	2557	1
2386	2967	0
2386	3163	0
2386	3213	1
2387	250	0
2387	251	1
2387	360	0
2387	1066	0
2387	1242	0
2387	1888	0
2387	1892	1
2387	2992	1
2387	2995	1
2387	3187	1
2388	294	1
2388	1454	1
2388	1476	0
2388	1487	1
2388	1564	0
2388	1654	1
2388	1834	0
2388	1929	1
2388	2920	0
2388	3019	0
2389	111	1
2389	276	0
2389	1419	0
2389	1686	0
2389	2643	1
2389	2806	0
2389	2857	1
2389	3020	1
2389	3073	1
2389	3124	0
2390	164	0
2390	350	1
2390	463	1
2390	716	1
2390	945	1
2390	2460	0
2390	2466	0
2390	2884	0
2390	2960	1
2390	3105	0
2391	171	1
2391	1232	0
2391	2221	1
2391	2299	1
2391	2375	0
2391	2557	1
2391	2622	1
2391	2627	0
2391	2809	0
2391	3031	0
2392	16	1
2392	206	1
2392	457	0
2392	586	1
2392	920	1
2392	1026	0
2392	1523	0
2392	2104	1
2392	2459	0
2392	2466	0
2393	6	0
2393	923	0
2393	1203	0
2393	1394	1
2393	1546	0
2393	1652	0
2393	2026	1
2393	2361	1
2393	2960	1
2393	3020	1
2394	502	1
2394	904	1
2394	980	1
2394	1076	0
2394	1687	0
2394	1862	0
2394	1929	1
2394	2450	0
2394	2680	0
2394	3065	1
2395	644	1
2395	659	0
2395	960	1
2395	1363	1
2395	1686	0
2395	1969	1
2395	2386	0
2395	2708	0
2395	3019	0
2395	3213	1
2396	181	1
2396	901	0
2396	1066	0
2396	1299	0
2396	1514	1
2396	1575	0
2396	1854	1
2396	2268	1
2396	2672	1
2396	3023	0
2397	121	1
2397	252	1
2397	350	1
2397	687	0
2397	1280	0
2397	1523	0
2397	1929	0
2397	1943	1
2397	2696	0
2397	2704	1
2398	171	0
2398	235	1
2398	457	1
2398	1596	0
2398	2460	0
2398	2517	1
2398	2622	0
2398	2706	1
2398	2827	0
2398	3224	1
2399	101	0
2399	507	1
2399	1207	1
2399	1227	0
2399	1856	0
2399	2277	1
2399	2413	1
2399	2434	0
2399	2611	1
2399	3114	0
2400	41	0
2400	104	1
2400	221	0
2400	800	1
2400	938	0
2400	1106	1
2400	1485	1
2400	1666	1
2400	2455	0
2400	2827	0
2401	402	1
2401	788	1
2401	980	1
2401	1269	0
2401	1485	1
2401	2011	0
2401	2099	0
2401	2529	0
2401	3156	0
2401	3196	1
2402	220	0
2402	653	1
2402	845	0
2402	1894	0
2402	2585	1
2402	2706	1
2402	2932	0
2402	3049	0
2402	3078	1
2402	3084	1
2403	139	0
2403	206	1
2403	297	0
2403	1410	1
2403	1523	0
2403	2375	1
2403	2401	1
2403	2447	0
2403	2627	1
2403	2794	0
2404	316	1
2404	608	0
2404	760	0
2404	939	0
2404	1056	1
2404	1110	0
2404	2250	1
2404	2456	0
2404	3001	1
2404	3154	1
2405	171	1
2405	206	0
2405	257	0
2405	661	0
2405	1207	1
2405	2015	0
2405	2413	1
2405	2517	1
2405	2595	1
2405	2996	0
2406	344	1
2406	649	1
2406	1123	0
2406	1269	1
2406	1534	0
2406	1960	0
2406	2284	1
2406	2835	0
2406	3119	0
2406	3139	1
2407	422	0
2407	727	0
2407	1193	1
2407	1243	1
2407	1691	0
2407	1864	0
2407	2086	1
2407	2260	1
2407	2690	0
2407	3241	1
2408	55	0
2408	135	0
2408	209	0
2408	385	1
2408	417	0
2408	673	1
2408	943	0
2408	1290	1
2408	1746	1
2408	3084	1
2409	1193	0
2409	1232	0
2409	1358	1
2409	1808	0
2409	1827	0
2409	1914	0
2409	2023	1
2409	2223	1
2409	2564	1
2409	2968	1
2410	19	1
2410	108	1
2410	623	0
2410	660	1
2410	2450	0
2410	2477	0
2410	2566	0
2410	2621	1
2410	2744	0
2410	3250	1
2411	62	1
2411	537	0
2411	617	1
2411	654	0
2411	926	1
2411	2037	0
2411	2284	0
2411	2684	1
2411	2878	0
2411	3129	1
2412	104	1
2412	653	1
2412	850	0
2412	891	0
2412	1267	1
2412	1284	1
2412	2681	0
2412	2717	0
2412	2980	1
2412	2993	0
2413	88	1
2413	299	1
2413	404	1
2413	1850	1
2413	2152	0
2413	2314	0
2413	2518	0
2413	2747	1
2413	3138	0
2413	3213	0
2414	579	1
2414	1312	1
2414	1530	0
2414	1615	0
2414	2201	1
2414	2419	1
2414	2590	1
2414	2752	0
2414	2940	0
2414	3019	0
2415	466	1
2415	625	0
2415	1242	1
2415	1734	1
2415	1806	0
2415	1968	0
2415	2736	0
2415	2816	1
2415	3020	1
2415	3086	0
2416	135	0
2416	812	1
2416	1211	0
2416	1453	1
2416	1476	1
2416	2004	0
2416	2157	0
2416	2467	1
2416	2938	0
2416	3227	1
2417	164	1
2417	1310	1
2417	1474	0
2417	1754	0
2417	1763	0
2417	1803	1
2417	2030	1
2417	2744	0
2417	2951	0
2417	3110	1
2418	587	0
2418	648	1
2418	1055	0
2418	1495	0
2418	1753	1
2418	2222	0
2418	2421	1
2418	2706	1
2418	3020	0
2418	3194	1
2419	64	0
2419	245	0
2419	341	0
2419	403	1
2419	450	0
2419	720	1
2419	1552	1
2419	1590	1
2419	1803	0
2419	2084	1
2420	224	1
2420	284	0
2420	558	1
2420	804	0
2420	1200	1
2420	1435	0
2420	1690	0
2420	2133	1
2420	2201	1
2420	2403	0
2421	433	0
2421	550	1
2421	733	1
2421	881	0
2421	1304	0
2421	1465	0
2421	1532	1
2421	2312	1
2421	2327	0
2421	3102	1
2422	577	0
2422	1429	1
2422	1590	1
2422	1796	0
2422	1850	1
2422	1868	0
2422	2023	1
2422	2459	0
2422	2622	0
2422	3238	1
2423	440	0
2423	461	0
2423	817	1
2423	1267	1
2423	1774	0
2423	1856	1
2423	2267	1
2423	2938	0
2423	2981	0
2423	3195	1
2424	111	0
2424	424	1
2424	660	1
2424	1283	1
2424	1408	0
2424	2729	0
2424	2857	1
2424	2964	1
2424	3058	0
2424	3244	0
2425	97	1
2425	506	0
2425	566	1
2425	1636	1
2425	2143	0
2425	2756	0
2425	2818	1
2425	2960	1
2425	3000	0
2425	3116	0
2426	336	1
2426	1228	0
2426	1412	0
2426	1653	1
2426	2160	1
2426	2314	0
2426	2619	1
2426	2734	1
2426	2820	0
2426	2913	0
2427	140	0
2427	442	0
2427	508	0
2427	687	1
2427	2001	1
2427	2277	1
2427	2418	1
2427	2529	0
2427	2638	0
2427	3094	1
2428	133	0
2428	183	1
2428	440	0
2428	804	0
2428	1129	1
2428	1211	0
2428	1441	0
2428	1794	1
2428	1945	1
2428	2661	1
2429	8	0
2429	610	1
2429	1242	0
2429	1284	1
2429	1786	1
2429	1856	0
2429	2106	1
2429	2583	1
2429	2841	0
2429	3055	0
2430	189	0
2430	716	0
2430	1523	1
2430	1711	0
2430	1729	0
2430	1943	1
2430	2583	1
2430	2700	1
2430	2977	0
2430	3017	1
2431	422	1
2431	659	0
2431	923	0
2431	1394	1
2431	1675	0
2431	1717	0
2431	2136	1
2431	2442	1
2431	2517	1
2431	2635	0
2432	181	1
2432	221	0
2432	1608	1
2432	1640	0
2432	1776	0
2432	2312	0
2432	2793	1
2432	2965	0
2432	3065	1
2432	3226	1
2433	101	0
2433	585	1
2433	850	1
2433	913	1
2433	1117	1
2433	1711	0
2433	1729	0
2433	1972	0
2433	2211	1
2433	2762	0
2434	316	0
2434	1301	0
2434	1303	1
2434	1527	0
2434	1605	1
2434	1652	1
2434	1730	0
2434	2327	1
2434	2384	0
2434	2595	1
2435	1036	0
2435	1146	1
2435	1589	0
2435	1872	0
2435	1950	1
2435	2476	1
2435	2637	0
2435	2814	1
2435	2869	1
2435	3152	0
2436	209	1
2436	213	0
2436	340	1
2436	1138	1
2436	1240	0
2436	1346	1
2436	1746	0
2436	2268	1
2436	2496	0
2436	2978	0
2437	289	0
2437	396	0
2437	570	0
2437	710	0
2437	1803	1
2437	2267	1
2437	2466	0
2437	2519	1
2437	2797	1
2437	2848	1
2438	77	0
2438	742	1
2438	1133	1
2438	1615	0
2438	2023	0
2438	2030	1
2438	2332	0
2438	2566	0
2438	3107	1
2438	3188	1
2439	732	1
2439	1118	1
2439	1233	0
2439	1243	1
2439	1661	0
2439	2016	0
2439	2189	0
2439	2995	1
2439	3119	0
2439	3193	1
2440	480	0
2440	926	0
2440	974	1
2440	1118	1
2440	1363	1
2440	1605	0
2440	1616	1
2440	2858	1
2440	3019	0
2440	3152	0
2441	35	0
2441	1165	0
2441	1218	0
2441	1314	0
2441	1514	1
2441	1546	1
2441	2278	0
2441	2960	1
2441	3016	1
2441	3065	1
2442	229	1
2442	478	0
2442	1056	0
2442	1223	0
2442	1384	0
2442	1545	1
2442	1869	0
2442	2848	1
2442	3213	1
2442	3256	1
2443	257	1
2443	660	1
2443	949	0
2443	1239	1
2443	1439	0
2443	2271	0
2443	2863	1
2443	3152	0
2443	3156	1
2443	3213	0
2444	299	1
2444	435	0
2444	771	0
2444	1636	1
2444	2137	1
2444	2380	0
2444	2496	0
2444	2938	1
2444	2941	0
2444	3000	1
2445	254	1
2445	478	0
2445	675	0
2445	1231	1
2445	1757	0
2445	2413	1
2445	2593	0
2445	2858	1
2445	2946	1
2445	3094	0
2446	108	1
2446	140	0
2446	167	1
2446	457	0
2446	758	0
2446	1005	1
2446	1476	1
2446	2109	0
2446	2111	1
2446	2455	0
2447	550	1
2447	855	0
2447	926	0
2447	943	0
2447	1676	0
2447	2285	1
2447	2863	1
2447	2995	0
2447	3216	1
2447	3253	1
2448	593	1
2448	665	1
2448	885	1
2448	928	1
2448	1790	0
2448	2178	0
2448	2298	0
2448	2623	0
2448	2960	1
2448	3156	0
2449	208	1
2449	687	0
2449	967	0
2449	1476	1
2449	1990	0
2449	2305	0
2449	2595	1
2449	3017	1
2449	3066	0
2449	3129	1
2450	400	0
2450	606	1
2450	773	1
2450	796	1
2450	890	0
2450	1335	1
2450	2004	0
2450	2277	1
2450	2320	0
2450	2960	0
2451	289	0
2451	325	0
2451	342	0
2451	1284	1
2451	1917	1
2451	1944	1
2451	2305	0
2451	2734	1
2451	2741	0
2451	2828	1
2452	88	1
2452	896	0
2452	1016	1
2452	1019	1
2452	1347	0
2452	2233	1
2452	2281	1
2452	2499	0
2452	2513	0
2452	2561	0
2453	617	1
2453	659	0
2453	850	1
2453	1914	0
2453	2017	0
2453	2133	1
2453	2557	0
2453	2863	1
2453	2941	1
2453	3019	0
2454	459	0
2454	2143	1
2454	2296	1
2454	2305	0
2454	2343	1
2454	2501	0
2454	2800	1
2454	2814	1
2454	2934	0
2454	3221	0
2455	450	0
2455	582	0
2455	648	1
2455	649	1
2455	791	0
2455	867	1
2455	1806	1
2455	1955	1
2455	2078	0
2455	2669	0
2456	230	0
2456	429	0
2456	1006	0
2456	1333	0
2456	1512	0
2456	1746	1
2456	1856	1
2456	1892	1
2456	2565	1
2456	2916	1
2457	206	1
2457	230	0
2457	525	1
2457	1213	1
2457	1215	0
2457	1243	1
2457	1838	1
2457	2100	0
2457	2232	0
2457	2484	0
2458	183	0
2458	399	0
2458	977	1
2458	1474	1
2458	1615	0
2458	1816	1
2458	1841	0
2458	2152	1
2458	2224	1
2458	2388	0
2459	404	0
2459	410	0
2459	1629	1
2459	1942	1
2459	2337	1
2459	2592	0
2459	2694	1
2459	2736	0
2459	2906	1
2459	3227	0
2460	174	1
2460	312	0
2460	659	0
2460	1289	0
2460	1512	1
2460	1929	1
2460	2046	0
2460	2592	0
2460	2890	1
2460	3078	1
2461	39	1
2461	246	0
2461	654	1
2461	1752	0
2461	1860	0
2461	2011	0
2461	2541	1
2461	2634	1
2461	2878	0
2461	3254	1
2462	239	0
2462	307	1
2462	403	0
2462	758	1
2462	848	0
2462	1122	1
2462	1239	1
2462	2676	0
2462	2912	0
2462	2968	1
2463	95	0
2463	299	1
2463	586	1
2463	1282	1
2463	1346	1
2463	1583	0
2463	1717	0
2463	2375	0
2463	2783	1
2463	3256	0
2464	183	1
2464	279	0
2464	620	1
2464	1251	0
2464	1272	0
2464	1407	0
2464	1720	0
2464	1866	1
2464	2211	1
2464	2661	1
2465	523	1
2465	675	1
2465	737	0
2465	1523	1
2465	1605	0
2465	1630	1
2465	1676	0
2465	1834	0
2465	2318	1
2465	2789	0
2466	110	1
2466	167	1
2466	171	0
2466	416	0
2466	1730	0
2466	2704	1
2466	2782	0
2466	2789	0
2466	2828	1
2466	2960	1
2467	224	0
2467	1554	1
2467	1575	0
2467	1812	1
2467	1980	0
2467	2001	0
2467	2352	0
2467	2400	1
2467	2630	1
2467	3019	1
2468	92	0
2468	554	1
2468	796	0
2468	1346	1
2468	1933	0
2468	1950	0
2468	2312	1
2468	2744	1
2468	2791	0
2468	2848	1
2469	185	1
2469	189	0
2469	570	1
2469	595	0
2469	708	0
2469	731	0
2469	1303	1
2469	2209	1
2469	2345	0
2469	2877	1
2470	206	1
2470	783	1
2470	1802	0
2470	2143	1
2470	2277	0
2470	2466	0
2470	2557	1
2470	2611	0
2470	2946	1
2470	3205	0
2471	251	0
2471	324	0
2471	360	0
2471	1222	1
2471	1512	1
2471	1888	0
2471	2661	1
2471	2967	0
2471	3049	1
2471	3196	1
2472	36	0
2472	39	1
2472	174	1
2472	296	0
2472	1066	0
2472	1358	1
2472	1605	0
2472	1717	1
2472	1796	1
2472	1969	0
2473	101	0
2473	368	0
2473	592	1
2473	608	1
2473	750	0
2473	832	1
2473	2824	0
2473	2975	1
2473	3039	0
2473	3187	1
2474	12	1
2474	932	1
2474	1036	0
2474	1184	0
2474	1227	1
2474	2369	0
2474	2635	1
2474	2895	0
2474	3066	1
2474	3216	0
2475	81	0
2475	132	1
2475	237	1
2475	1702	0
2475	1746	1
2475	1763	0
2475	2435	0
2475	2863	1
2475	2981	1
2475	3149	0
2476	617	1
2476	1017	1
2476	1125	0
2476	1303	0
2476	1640	1
2476	1784	0
2476	2557	1
2476	2643	0
2476	2794	0
2476	2920	1
2477	164	1
2477	506	1
2477	1324	0
2477	1717	0
2477	1856	0
2477	2023	1
2477	2466	1
2477	2835	0
2477	3087	1
2477	3130	0
2478	216	1
2478	312	0
2478	592	1
2478	855	0
2478	1046	1
2478	1269	1
2478	1803	0
2478	2361	0
2478	2477	0
2478	3111	1
2479	324	0
2479	506	1
2479	559	1
2479	1055	1
2479	2277	1
2479	2375	1
2479	2463	0
2479	2638	0
2479	2967	0
2479	3163	0
2480	497	1
2480	1011	0
2480	1123	1
2480	1269	1
2480	1512	0
2480	1729	0
2480	1730	0
2480	2611	0
2480	3078	1
2480	3208	1
2481	12	0
2481	206	1
2481	527	1
2481	656	1
2481	2418	1
2481	2484	0
2481	2789	0
2481	3020	1
2481	3146	0
2481	3253	0
2482	299	1
2482	404	1
2482	546	0
2482	1021	0
2482	1654	0
2482	1775	1
2482	2133	0
2482	2226	1
2482	2260	0
2482	3225	1
2483	276	0
2483	552	1
2483	1242	1
2483	1466	0
2483	1548	0
2483	2226	1
2483	2320	1
2483	2449	1
2483	3086	0
2483	3246	0
2484	36	1
2484	68	0
2484	848	1
2484	939	1
2484	1201	1
2484	1341	0
2484	1440	0
2484	1484	1
2484	1625	0
2484	2159	0
2485	5	0
2485	56	1
2485	970	1
2485	1818	0
2485	1929	1
2485	1951	0
2485	2062	0
2485	2583	1
2485	2712	0
2485	3066	1
2486	6	0
2486	167	0
2486	803	1
2486	1023	0
2486	1067	1
2486	1972	1
2486	2235	1
2486	2756	1
2486	2967	0
2486	3182	0
2487	560	0
2487	1118	0
2487	1305	1
2487	1907	1
2487	1929	0
2487	2046	1
2487	2282	1
2487	2312	0
2487	2938	0
2487	3111	1
2488	12	1
2488	939	1
2488	1118	1
2488	1614	1
2488	1630	0
2488	1891	0
2488	2211	0
2488	2277	0
2488	2513	1
2488	2956	0
2489	29	1
2489	384	0
2489	440	1
2489	1036	0
2489	2277	0
2489	2496	0
2489	2661	1
2489	2794	1
2489	2831	1
2489	2834	0
2490	376	0
2490	613	0
2490	731	0
2490	1724	1
2490	1852	0
2490	1860	1
2490	2266	1
2490	2701	1
2490	2906	1
2490	2972	0
2491	208	0
2491	224	1
2491	302	1
2491	1055	0
2491	1231	1
2491	1929	1
2491	1956	0
2491	2065	0
2491	2314	0
2491	3108	1
2492	167	0
2492	336	1
2492	1211	0
2492	1241	0
2492	1858	0
2492	2486	1
2492	2634	0
2492	2877	1
2492	2960	1
2492	3202	1
2493	33	1
2493	213	0
2493	251	0
2493	296	0
2493	917	1
2493	924	0
2493	1222	1
2493	1772	1
2493	2277	1
2493	2486	0
2494	154	1
2494	174	0
2494	181	1
2494	257	0
2494	299	1
2494	1017	1
2494	1137	0
2494	1863	1
2494	2365	0
2494	2875	0
2495	299	1
2495	744	0
2495	998	1
2495	2046	1
2495	2106	0
2495	2299	0
2495	2828	1
2495	2877	1
2495	2988	0
2495	3078	0
2496	289	1
2496	697	0
2496	800	1
2496	1160	1
2496	1340	0
2496	1407	0
2496	1449	0
2496	1746	1
2496	2213	0
2496	2646	1
2497	105	0
2497	215	1
2497	319	0
2497	1324	0
2497	1348	0
2497	1588	0
2497	2189	1
2497	2411	1
2497	2625	1
2497	3108	1
2498	572	1
2498	661	0
2498	1033	1
2498	1166	1
2498	1171	1
2498	1270	0
2498	1592	0
2498	2276	1
2498	2397	0
2498	2724	0
2499	162	0
2499	290	1
2499	697	0
2499	783	0
2499	1307	1
2499	1892	1
2499	2738	0
2499	3045	0
2499	3084	1
2499	3094	1
2500	101	0
2500	299	0
2500	455	1
2500	617	1
2500	670	0
2500	1118	1
2500	1363	0
2500	2413	1
2500	2460	1
2500	2734	0
2501	20	0
2501	204	1
2501	257	0
2501	1005	1
2501	1032	0
2501	1835	1
2501	2418	1
2501	2619	0
2501	2920	1
2501	3156	0
2502	397	0
2502	850	0
2502	996	0
2502	1266	1
2502	1648	1
2502	1686	0
2502	1722	0
2502	2327	1
2502	2793	1
2502	2932	1
2503	294	1
2503	412	1
2503	664	1
2503	883	0
2503	1083	0
2503	1126	0
2503	1151	1
2503	1934	0
2503	2772	0
2503	3079	1
2504	570	0
2504	871	1
2504	1117	0
2504	1255	1
2504	1615	1
2504	1891	0
2504	2109	0
2504	2477	0
2504	2496	1
2504	3139	1
2505	623	1
2505	687	0
2505	1834	1
2505	2264	0
2505	2425	1
2505	2583	1
2505	2672	1
2505	2752	0
2505	2932	0
2505	3221	0
2506	174	1
2506	550	1
2506	980	0
2506	1026	0
2506	1615	0
2506	2314	0
2506	2708	1
2506	2741	0
2506	2818	1
2506	3075	1
2507	308	0
2507	336	0
2507	592	1
2507	1241	0
2507	1614	1
2507	1790	1
2507	1970	1
2507	2267	0
2507	2910	0
2507	3075	1
2508	169	0
2508	278	1
2508	541	0
2508	1146	1
2508	1589	1
2508	2317	1
2508	2519	0
2508	2718	1
2508	2835	0
2508	3236	0
2509	204	1
2509	315	1
2509	1313	1
2509	1834	0
2509	2057	0
2509	2379	1
2509	2517	0
2509	3084	1
2509	3139	0
2509	3199	0
2510	390	1
2510	847	0
2510	1615	1
2510	1784	1
2510	1791	1
2510	2061	0
2510	2275	1
2510	2592	0
2510	3007	0
2510	3220	0
2511	247	1
2511	453	0
2511	629	0
2511	856	0
2511	1485	1
2511	1746	1
2511	2012	0
2511	2108	0
2511	2354	1
2511	2676	1
2512	429	0
2512	797	0
2512	962	0
2512	1193	1
2512	1359	0
2512	1654	1
2512	1969	1
2512	2527	0
2512	2853	1
2512	2940	1
2513	30	0
2513	243	1
2513	255	1
2513	845	0
2513	938	0
2513	1221	1
2513	1634	0
2513	2216	0
2513	2921	1
2513	2982	1
2514	240	1
2514	502	1
2514	627	0
2514	945	0
2514	1148	0
2514	1628	0
2514	1767	1
2514	2894	1
2514	3152	0
2514	3209	1
2515	325	1
2515	366	0
2515	586	1
2515	848	1
2515	1746	0
2515	1834	0
2515	2152	0
2515	2277	1
2515	2833	0
2515	3058	1
2516	517	1
2516	656	1
2516	847	0
2516	1056	0
2516	1092	0
2516	1115	0
2516	1449	1
2516	1929	1
2516	2442	0
2516	2916	1
2517	274	0
2517	495	1
2517	835	1
2517	891	0
2517	1118	1
2517	2427	1
2517	2619	0
2517	2972	0
2517	3078	1
2517	3139	0
2518	24	1
2518	299	1
2518	370	1
2518	1523	0
2518	2368	0
2518	2380	1
2518	2754	0
2518	2921	0
2518	3194	1
2518	3254	0
2519	475	0
2519	926	1
2519	939	0
2519	1781	1
2519	2199	1
2519	2238	1
2519	2619	1
2519	2783	0
2519	3095	0
2519	3196	0
2520	64	0
2520	586	0
2520	1129	1
2520	1271	1
2520	1290	0
2520	1972	0
2520	2299	1
2520	2385	1
2520	2828	1
2520	3115	0
2521	86	1
2521	149	1
2521	513	1
2521	944	1
2521	999	0
2521	1093	1
2521	1230	0
2521	2111	0
2521	2487	0
2521	2797	0
2522	559	1
2522	731	0
2522	980	1
2522	1242	0
2522	1297	0
2522	1382	0
2522	1573	0
2522	1834	1
2522	2928	1
2522	2956	1
2523	490	1
2523	742	0
2523	1722	1
2523	2098	0
2523	2222	0
2523	2580	0
2523	2619	1
2523	2858	1
2523	2982	0
2523	3066	1
2524	121	1
2524	851	1
2524	1211	0
2524	2111	0
2524	2967	0
2524	3010	1
2524	3026	0
2524	3131	0
2524	3163	1
2524	3196	1
2525	47	0
2525	121	0
2525	206	0
2525	208	1
2525	649	0
2525	779	1
2525	1379	1
2525	1803	1
2525	2036	1
2525	2981	0
2526	140	1
2526	145	0
2526	1043	1
2526	1283	0
2526	1438	0
2526	1729	0
2526	2023	1
2526	2079	1
2526	2944	0
2526	3094	1
2527	216	1
2527	653	1
2527	697	1
2527	867	0
2527	2150	1
2527	2418	1
2527	2539	0
2527	2831	0
2527	2863	0
2527	2958	0
2528	193	1
2528	653	1
2528	1148	0
2528	1214	1
2528	1408	0
2528	1670	1
2528	1858	0
2528	2459	0
2528	2519	1
2528	2619	0
2529	38	0
2529	718	1
2529	1021	1
2529	1528	0
2529	1552	0
2529	2337	0
2529	2653	1
2529	3039	1
2529	3203	1
2529	3213	0
2530	111	0
2530	731	0
2530	850	0
2530	1346	1
2530	1552	0
2530	2011	1
2530	2285	0
2530	2585	1
2530	2690	1
2530	2706	1
2531	108	0
2531	550	1
2531	940	1
2531	1017	0
2531	1426	0
2531	1894	0
2531	2238	1
2531	2401	1
2531	2848	0
2531	3086	1
2532	106	0
2532	731	0
2532	924	0
2532	1525	0
2532	2046	1
2532	2828	1
2532	3076	1
2532	3078	1
2532	3131	0
2532	3216	1
2533	344	1
2533	389	0
2533	640	0
2533	908	1
2533	968	0
2533	1361	0
2533	1476	1
2533	1615	0
2533	2818	1
2533	2848	1
2534	299	1
2534	1137	1
2534	1394	1
2534	1858	1
2534	1951	0
2534	1955	0
2534	2311	0
2534	2419	1
2534	2580	0
2534	2662	0
2535	449	0
2535	503	1
2535	513	1
2535	674	0
2535	854	0
2535	1044	0
2535	1481	1
2535	2211	1
2535	2342	1
2535	2407	0
2536	27	0
2536	284	1
2536	717	0
2536	756	1
2536	1234	1
2536	1339	0
2536	1746	1
2536	1915	1
2536	2304	0
2536	3089	0
2537	173	1
2537	1047	1
2537	1062	0
2537	1218	0
2537	1927	0
2537	1943	1
2537	1969	0
2537	2454	1
2537	2863	1
2537	3180	0
2538	344	1
2538	554	1
2538	569	0
2538	687	0
2538	1969	0
2538	2275	1
2538	2303	0
2538	2615	1
2538	2980	1
2538	3163	0
2539	102	0
2539	457	1
2539	891	1
2539	1592	0
2539	2330	1
2539	2463	0
2539	2706	1
2539	2908	0
2539	2990	0
2539	3114	1
2540	273	0
2540	765	0
2540	1324	0
2540	1792	0
2540	1883	1
2540	1927	1
2540	2466	1
2540	2535	0
2540	2731	1
2540	3094	1
2541	85	0
2541	86	0
2541	218	1
2541	1036	0
2541	2235	0
2541	2280	1
2541	2405	1
2541	2466	0
2541	2539	1
2541	3065	1
2542	404	1
2542	598	1
2542	624	1
2542	691	1
2542	1106	0
2542	1514	0
2542	2298	1
2542	2582	0
2542	2760	0
2542	3017	0
2543	366	1
2543	556	0
2543	586	1
2543	981	0
2543	1051	0
2543	1984	1
2543	2054	0
2543	2061	0
2543	2706	1
2543	2752	1
2544	145	1
2544	1047	1
2544	1915	0
2544	1972	1
2544	2095	0
2544	2419	0
2544	2704	0
2544	2794	1
2544	2849	1
2544	3095	0
2545	656	1
2545	731	0
2545	831	0
2545	1632	1
2545	1672	1
2545	1714	0
2545	1856	1
2545	2222	0
2545	2421	1
2545	3139	0
2546	153	0
2546	935	1
2546	1174	0
2546	1960	0
2546	1980	1
2546	2118	1
2546	2320	1
2546	2337	0
2546	2519	1
2546	2783	0
2547	466	1
2547	998	1
2547	2299	0
2547	2375	1
2547	2541	1
2547	2557	1
2547	2671	0
2547	2982	0
2547	3139	0
2547	3208	0
2548	350	1
2548	481	0
2548	976	1
2548	1370	1
2548	1894	0
2548	2348	1
2548	2375	1
2548	2460	0
2548	2706	0
2548	3152	0
2549	121	1
2549	401	0
2549	497	1
2549	831	1
2549	2277	1
2549	2293	1
2549	2827	0
2549	2932	0
2549	3152	0
2549	3196	0
2550	174	0
2550	216	0
2550	796	1
2550	885	0
2550	989	1
2550	1123	0
2550	1563	1
2550	1652	0
2550	2118	1
2550	3163	1
2551	452	1
2551	661	0
2551	684	0
2551	968	1
2551	1024	1
2551	1033	0
2551	1117	0
2551	1525	1
2551	1702	1
2551	1994	0
2552	195	1
2552	222	1
2552	390	0
2552	1284	1
2552	1487	1
2552	1629	1
2552	2311	0
2552	2318	0
2552	2618	0
2552	3007	0
2553	52	1
2553	339	1
2553	716	0
2553	920	0
2553	1136	1
2553	2201	0
2553	2233	1
2553	2401	1
2553	2453	0
2553	3051	0
2554	248	1
2554	1012	0
2554	1135	0
2554	1313	1
2554	1546	0
2554	1864	1
2554	2354	0
2554	2837	1
2554	2892	0
2554	3058	1
2555	203	1
2555	299	1
2555	325	0
2555	390	1
2555	1086	0
2555	1524	1
2555	2418	0
2555	2423	0
2555	2425	1
2555	2479	0
2556	39	1
2556	307	0
2556	434	0
2556	596	1
2556	1138	1
2556	2217	0
2556	2472	0
2556	2583	1
2556	2826	0
2556	3175	1
2557	299	1
2557	527	1
2557	653	1
2557	684	0
2557	2151	1
2557	2157	0
2557	2213	0
2557	2548	0
2557	2938	1
2557	3237	0
2558	302	1
2558	1286	0
2558	1843	0
2558	2106	1
2558	2278	0
2558	2551	0
2558	2625	1
2558	2897	0
2558	3196	1
2558	3254	1
2559	102	0
2559	174	1
2559	299	1
2559	403	1
2559	1205	0
2559	1255	1
2559	2172	0
2559	2704	0
2559	2706	1
2559	3216	0
2560	385	0
2560	404	0
2560	993	0
2560	1493	1
2560	2052	0
2560	2125	1
2560	2137	1
2560	2260	1
2560	2604	1
2560	2816	0
2561	366	0
2561	1304	1
2561	1373	1
2561	1724	0
2561	2101	0
2561	2327	1
2561	2400	1
2561	2582	0
2561	2585	1
2561	2753	0
2562	221	0
2562	246	0
2562	1292	0
2562	1752	1
2562	2133	1
2562	2318	1
2562	2437	1
2562	2511	0
2562	2706	0
2562	3123	1
2563	119	1
2563	154	0
2563	554	1
2563	559	0
2563	1052	1
2563	1242	0
2563	1513	0
2563	1680	1
2563	1784	1
2563	2916	0
2564	842	0
2564	1227	1
2564	1420	0
2564	1834	0
2564	2104	0
2564	2316	1
2564	2357	1
2564	2495	1
2564	2793	0
2564	3216	1
2565	340	1
2565	617	1
2565	664	0
2565	784	0
2565	1047	1
2565	1786	1
2565	2307	0
2565	3087	1
2565	3163	0
2565	3226	0
2566	1043	0
2566	1047	1
2566	1122	1
2566	1711	1
2566	2230	0
2566	2340	0
2566	2421	1
2566	2479	0
2566	2739	0
2566	2753	1
2567	433	1
2567	533	1
2567	944	0
2567	1636	1
2567	1812	1
2567	1840	0
2567	2540	0
2567	2557	0
2567	3016	1
2567	3092	0
2568	174	1
2568	502	0
2568	1201	0
2568	1226	1
2568	1243	0
2568	1432	1
2568	1760	0
2568	2126	1
2568	2676	0
2568	3213	1
2569	1629	0
2569	1669	0
2569	1872	1
2569	1892	1
2569	2267	0
2569	2271	0
2569	2619	1
2569	2877	1
2569	2925	1
2569	2956	0
2570	24	0
2570	944	1
2570	1322	1
2570	1447	0
2570	1644	0
2570	2290	0
2570	2863	1
2570	2992	1
2570	3156	1
2570	3227	0
2571	86	0
2571	277	1
2571	527	1
2571	646	0
2571	732	0
2571	1891	0
2571	1894	1
2571	2222	0
2571	2760	1
2571	3005	1
2572	268	0
2572	360	1
2572	502	1
2572	506	1
2572	516	1
2572	1473	0
2572	1686	0
2572	2332	0
2572	3154	1
2572	3182	0
2573	564	1
2573	994	0
2573	1077	0
2573	1217	0
2573	1321	1
2573	1649	1
2573	1849	1
2573	1917	1
2573	1954	0
2573	2061	0
2574	228	0
2574	842	0
2574	998	1
2574	1062	0
2574	1067	1
2574	1088	1
2574	1136	1
2574	1844	0
2574	2015	1
2574	2063	0
2575	325	1
2575	449	1
2575	659	1
2575	927	0
2575	1575	0
2575	1776	1
2575	1856	1
2575	2281	0
2575	2877	0
2575	2920	0
2576	140	0
2576	1240	0
2576	1834	1
2576	2239	0
2576	2299	1
2576	2661	0
2576	2669	0
2576	2731	1
2576	3163	1
2576	3213	1
2577	167	1
2577	440	0
2577	533	1
2577	716	1
2577	970	0
2577	1088	0
2577	1239	1
2577	1348	0
2577	2015	0
2577	2426	1
2578	5	1
2578	394	0
2578	823	1
2578	841	0
2578	994	0
2578	1046	1
2578	2443	0
2578	2523	0
2578	2661	1
2578	2863	1
2579	229	0
2579	910	0
2579	1247	1
2579	1269	1
2579	1419	0
2579	1926	0
2579	2355	1
2579	2496	1
2579	2529	1
2579	2962	0
2580	34	0
2580	208	0
2580	649	1
2580	761	0
2580	1078	1
2580	1211	0
2580	1375	1
2580	1484	0
2580	1914	1
2580	2480	1
2581	25	0
2581	506	1
2581	580	0
2581	738	0
2581	882	1
2581	1493	0
2581	1524	1
2581	1763	0
2581	2848	1
2581	3241	1
2582	265	0
2582	276	0
2582	507	0
2582	612	1
2582	1171	0
2582	1227	1
2582	1444	1
2582	2276	1
2582	2956	0
2582	3058	1
2583	92	0
2583	97	0
2583	543	0
2583	896	1
2583	1088	0
2583	1226	1
2583	1333	1
2583	1454	1
2583	1921	1
2583	2958	0
2584	207	1
2584	695	0
2584	723	0
2584	939	0
2584	1269	1
2584	1626	0
2584	1746	0
2584	1950	1
2584	2613	1
2584	2630	1
2585	248	0
2585	624	1
2585	670	0
2585	1226	1
2585	2046	1
2585	2437	0
2585	2463	1
2585	2593	0
2585	3019	1
2585	3047	0
2586	174	0
2586	239	1
2586	261	0
2586	307	1
2586	617	0
2586	716	1
2586	1362	0
2586	1675	1
2586	1697	1
2586	2690	0
2587	289	0
2587	701	1
2587	1314	0
2587	1333	0
2587	1476	1
2587	1990	1
2587	2501	1
2587	2828	1
2587	2938	0
2587	3159	0
2588	517	0
2588	1195	0
2588	1786	1
2588	1822	0
2588	2152	1
2588	2172	1
2588	2321	1
2588	2675	0
2588	2928	0
2588	3196	1
2589	257	1
2589	615	1
2589	994	1
2589	998	1
2589	1298	0
2589	1410	1
2589	1891	0
2589	2032	0
2589	2299	0
2589	2307	0
2590	206	0
2590	1005	0
2590	1201	0
2590	1527	0
2590	1552	1
2590	1644	1
2590	1746	1
2590	2605	0
2590	3020	1
2590	3066	1
2591	224	0
2591	299	1
2591	818	0
2591	1024	0
2591	1048	0
2591	1092	1
2591	1507	0
2591	2967	1
2591	3020	1
2591	3152	1
2592	135	0
2592	290	0
2592	758	0
2592	1474	1
2592	1696	1
2592	1987	1
2592	2073	0
2592	2632	0
2592	2793	1
2592	2938	1
2593	251	0
2593	267	0
2593	506	1
2593	919	1
2593	1004	0
2593	1746	0
2593	1772	1
2593	2211	1
2593	2357	1
2593	3128	0
2594	527	1
2594	612	0
2594	617	0
2594	1744	0
2594	1847	1
2594	1914	0
2594	2619	1
2594	2797	1
2594	2877	0
2594	3066	1
2595	174	1
2595	654	1
2595	1227	0
2595	1818	0
2595	1972	0
2595	2277	1
2595	2330	0
2595	2557	1
2595	2752	1
2595	3129	0
2596	39	0
2596	381	1
2596	1271	1
2596	1327	0
2596	1334	0
2596	1929	1
2596	2358	0
2596	2927	0
2596	2941	1
2596	3154	1
2597	257	0
2597	1056	0
2597	1066	1
2597	1379	0
2597	2459	1
2597	2582	0
2597	2680	1
2597	2692	1
2597	3016	1
2597	3020	0
2598	206	0
2598	316	0
2598	390	0
2598	550	1
2598	592	1
2598	1021	1
2598	1221	1
2598	1379	0
2598	1856	0
2598	2492	1
2599	5	0
2599	623	0
2599	649	1
2599	1920	1
2599	1970	0
2599	2466	1
2599	2501	1
2599	2580	0
2599	3178	0
2599	3221	1
2600	36	0
2600	336	1
2600	1004	1
2600	1591	1
2600	1803	0
2600	1929	0
2600	2421	0
2600	2549	1
2600	3073	0
2600	3145	1
2601	550	1
2601	1452	1
2601	1892	0
2601	2619	1
2601	2640	1
2601	2767	0
2601	2828	1
2601	2950	0
2601	3178	0
2601	3227	0
2602	797	0
2602	940	1
2602	1009	0
2602	1087	1
2602	1216	0
2602	1553	0
2602	1818	1
2602	1857	1
2602	2565	1
2602	3229	0
2603	167	0
2603	965	1
2603	1628	1
2603	1745	0
2603	1752	0
2603	2243	1
2603	2477	0
2603	2694	1
2603	2702	1
2603	2834	0
2604	403	1
2604	558	0
2604	851	1
2604	1217	0
2604	1727	0
2604	1841	1
2604	1856	1
2604	2008	1
2604	2482	0
2604	2982	0
2605	403	0
2605	605	1
2605	687	0
2605	1730	0
2605	1749	0
2605	1913	1
2605	2072	1
2605	2430	0
2605	2717	1
2605	3194	1
2606	389	1
2606	697	1
2606	806	0
2606	1043	0
2606	1425	1
2606	1513	0
2606	1652	1
2606	2350	0
2606	2651	1
2606	2879	0
2607	21	0
2607	1117	0
2607	1217	1
2607	1333	0
2607	1751	0
2607	2046	0
2607	2066	1
2607	2098	1
2607	2893	1
2607	3252	1
2608	268	0
2608	1118	1
2608	1271	1
2608	1834	0
2608	1964	0
2608	2221	1
2608	2595	1
2608	2752	0
2608	2831	1
2608	3213	0
2609	295	0
2609	547	0
2609	656	0
2609	1172	0
2609	1310	1
2609	1410	1
2609	1636	1
2609	1848	0
2609	2944	1
2609	3031	1
2610	157	1
2610	641	1
2610	810	1
2610	1123	0
2610	1278	0
2610	1562	1
2610	1848	0
2610	1915	0
2610	2888	0
2610	2890	1
2611	167	1
2611	908	1
2611	938	1
2611	1991	0
2611	2049	1
2611	2300	0
2611	2603	1
2611	2638	0
2611	2643	0
2611	2881	0
2612	251	0
2612	871	1
2612	985	1
2612	1137	1
2612	1194	0
2612	1211	0
2612	1304	0
2612	1635	1
2612	2482	0
2612	3238	1
2613	21	1
2613	896	0
2613	1263	0
2613	1560	1
2613	2084	0
2613	2194	1
2613	2249	0
2613	2374	1
2613	2816	1
2613	2948	0
2614	85	0
2614	684	0
2614	895	0
2614	1394	1
2614	1466	0
2614	1672	1
2614	1928	1
2614	2147	0
2614	2217	1
2614	2266	1
2615	1175	0
2615	1546	1
2615	1595	1
2615	1652	0
2615	1820	1
2615	1856	1
2615	1929	0
2615	2651	0
2615	2890	0
2615	3016	1
2616	117	0
2616	608	1
2616	866	0
2616	1211	1
2616	1466	0
2616	1875	0
2616	2299	1
2616	2385	1
2616	2651	1
2616	3094	0
2617	274	0
2617	340	0
2617	1892	0
2617	1921	1
2617	2361	0
2617	2818	1
2617	2828	1
2617	2860	1
2617	3213	1
2617	3221	0
2618	640	0
2618	659	0
2618	941	1
2618	1565	0
2618	1649	0
2618	1680	0
2618	2834	1
2618	3004	1
2618	3052	1
2618	3065	1
2619	52	1
2619	299	1
2619	505	1
2619	568	0
2619	670	1
2619	955	0
2619	1463	0
2619	2152	0
2619	2455	0
2619	2463	1
2620	369	1
2620	434	0
2620	1035	0
2620	1477	1
2620	1593	0
2620	1746	0
2620	1834	1
2620	1972	0
2620	2373	1
2620	2741	1
2621	239	0
2621	340	0
2621	344	1
2621	1093	1
2621	1235	0
2621	1307	1
2621	1487	1
2621	1636	1
2621	2676	0
2621	2772	0
2622	123	1
2622	148	0
2622	244	1
2622	933	0
2622	1046	1
2622	1055	0
2622	1123	1
2622	1340	0
2622	2982	0
2622	3152	1
2623	21	0
2623	97	1
2623	1002	1
2623	1266	1
2623	1424	1
2623	1523	0
2623	1797	0
2623	1915	1
2623	2651	0
2623	2732	0
2624	21	0
2624	434	1
2624	734	0
2624	1166	1
2624	1772	0
2624	1862	1
2624	2676	0
2624	2752	0
2624	3147	1
2624	3216	1
2625	2	1
2625	86	0
2625	224	0
2625	429	0
2625	550	1
2625	660	1
2625	2133	0
2625	2640	0
2625	2708	1
2625	3181	1
2626	24	1
2626	507	1
2626	1211	1
2626	1334	0
2626	1711	1
2626	1813	0
2626	1870	0
2626	1955	0
2626	2299	1
2626	2767	0
2627	295	1
2627	435	0
2627	503	0
2627	560	1
2627	648	0
2627	854	1
2627	1555	0
2627	1670	1
2627	2253	0
2627	2857	1
2628	554	1
2628	656	1
2628	968	0
2628	1929	1
2628	2004	0
2628	2172	1
2628	2327	0
2628	2878	0
2628	3075	0
2628	3181	1
2629	604	1
2629	1563	1
2629	1779	0
2629	1834	1
2629	1866	1
2629	1892	0
2629	1949	0
2629	2327	1
2629	3038	0
2629	3131	0
2630	344	1
2630	503	0
2630	864	0
2630	1384	1
2630	1917	0
2630	2037	0
2630	2531	1
2630	2646	1
2630	3038	0
2630	3154	1
2631	209	1
2631	299	1
2631	497	0
2631	502	0
2631	1207	0
2631	1211	0
2631	1552	1
2631	1714	0
2631	1757	1
2631	2030	1
2632	183	1
2632	1138	0
2632	1202	1
2632	1248	0
2632	1487	1
2632	1533	0
2632	1629	0
2632	2651	1
2632	2824	1
2632	3111	0
2633	86	0
2633	135	1
2633	578	0
2633	1266	1
2633	1429	0
2633	1834	0
2633	2164	1
2633	2235	1
2633	2761	0
2633	3156	1
2634	279	0
2634	1396	0
2634	1441	0
2634	1555	1
2634	1681	0
2634	2137	1
2634	2400	0
2634	2640	1
2634	3044	1
2634	3254	1
2635	570	0
2635	1036	1
2635	1348	1
2635	1592	0
2635	2274	0
2635	2279	0
2635	2644	0
2635	3076	1
2635	3094	1
2635	3146	1
2636	80	0
2636	149	1
2636	885	1
2636	1754	0
2636	1948	1
2636	2284	1
2636	2719	0
2636	2831	0
2636	2980	0
2636	3145	1
2637	88	0
2637	294	1
2637	390	1
2637	552	0
2637	578	1
2637	1458	0
2637	1635	0
2637	2858	0
2637	2964	1
2637	3226	1
2638	17	1
2638	648	1
2638	1444	0
2638	1486	0
2638	1636	1
2638	2368	0
2638	2467	0
2638	2729	1
2638	2738	0
2638	2931	1
2639	69	0
2639	968	1
2639	1088	1
2639	1156	0
2639	1654	1
2639	1658	0
2639	1687	0
2639	2111	0
2639	2425	1
2639	2779	1
2640	216	1
2640	299	1
2640	513	1
2640	617	0
2640	933	1
2640	944	0
2640	1358	1
2640	1802	0
2640	1856	0
2640	2770	0
2641	69	0
2641	856	1
2641	1888	0
2641	1964	0
2641	2424	1
2641	2483	1
2641	2484	1
2641	2486	0
2641	2787	1
2641	2832	0
2642	866	1
2642	1242	0
2642	1295	0
2642	1531	0
2642	1969	0
2642	2595	1
2642	2619	1
2642	2709	0
2642	2830	1
2642	3139	1
2643	537	0
2643	998	1
2643	1590	1
2643	1627	1
2643	1954	0
2643	2143	1
2643	2557	1
2643	2752	0
2643	2756	0
2643	3178	0
2644	46	1
2644	390	0
2644	497	0
2644	819	0
2644	908	1
2644	1303	0
2644	1552	1
2644	1652	0
2644	2348	1
2644	3016	1
2645	171	0
2645	675	0
2645	687	1
2645	713	1
2645	1676	0
2645	2162	0
2645	2466	0
2645	2565	1
2645	2661	1
2645	2782	1
2646	121	1
2646	126	0
2646	206	0
2646	400	1
2646	643	0
2646	1047	1
2646	1883	1
2646	2004	0
2646	2627	1
2646	2753	0
2647	208	1
2647	216	0
2647	1914	0
2647	1955	1
2647	2091	1
2647	2109	1
2647	2517	0
2647	2819	1
2647	2913	0
2647	3048	0
2648	225	0
2648	274	0
2648	508	1
2648	1439	0
2648	1546	1
2648	1683	0
2648	1991	1
2648	2327	0
2648	2421	1
2648	2753	1
2649	555	1
2649	824	0
2649	1797	0
2649	2222	1
2649	2858	0
2649	2863	0
2649	2990	1
2649	3020	1
2649	3075	0
2649	3184	1
2650	250	0
2650	295	1
2650	440	1
2650	1009	0
2650	1555	0
2650	1883	1
2650	2284	0
2650	2418	1
2650	3066	1
2650	3085	0
2651	648	1
2651	1013	0
2651	1036	0
2651	1255	1
2651	1266	1
2651	1341	0
2651	2077	1
2651	2421	0
2651	2877	0
2651	3019	1
2652	27	0
2652	38	0
2652	1198	1
2652	1555	1
2652	1872	0
2652	2151	1
2652	2266	0
2652	2337	1
2652	3047	0
2652	3086	1
2653	472	1
2653	901	1
2653	1194	0
2653	1211	0
2653	1797	1
2653	1964	1
2653	2209	1
2653	2507	0
2653	2716	0
2653	3095	0
2654	831	0
2654	953	1
2654	968	1
2654	1117	0
2654	1226	1
2654	1545	0
2654	1731	0
2654	2340	0
2654	2834	1
2654	2990	1
2655	290	0
2655	1269	1
2655	1447	0
2655	1779	0
2655	1936	0
2655	1998	1
2655	2195	0
2655	2280	1
2655	2866	1
2655	3156	1
2656	384	0
2656	764	0
2656	927	1
2656	1194	0
2656	1816	1
2656	2150	1
2656	2460	1
2656	2752	0
2656	3020	1
2656	3205	0
2657	423	0
2657	640	1
2657	910	0
2657	1111	0
2657	1327	1
2657	1424	1
2657	2010	0
2657	2290	1
2657	2717	1
2657	2944	0
2658	140	0
2658	507	1
2658	1212	1
2658	1587	1
2658	1929	0
2658	2421	0
2658	2504	0
2658	2539	1
2658	2747	1
2658	3114	0
2659	653	1
2659	804	1
2659	918	0
2659	1231	1
2659	1348	0
2659	1523	0
2659	2101	0
2659	2496	0
2659	2920	1
2659	3152	1
2660	33	0
2660	190	1
2660	257	0
2660	1046	1
2660	1205	0
2660	1379	0
2660	1476	1
2660	1552	0
2660	1929	1
2660	2157	1
2661	503	0
2661	527	1
2661	779	0
2661	1592	1
2661	1804	0
2661	1841	0
2661	2370	1
2661	2753	0
2661	3066	1
2661	3195	1
2662	257	0
2662	450	0
2662	664	1
2662	781	0
2662	960	1
2662	1006	1
2662	1636	1
2662	1929	0
2662	2284	0
2662	2319	1
2663	596	0
2663	626	1
2663	1439	1
2663	1711	0
2663	1914	0
2663	1969	1
2663	2492	1
2663	2638	0
2663	3059	0
2663	3090	1
2664	503	1
2664	1271	1
2664	1340	0
2664	1591	1
2664	1629	0
2664	2278	1
2664	2315	0
2664	2634	0
2664	2708	0
2664	2734	1
2665	174	1
2665	516	0
2665	1117	0
2665	1222	0
2665	1543	0
2665	1834	1
2665	1870	0
2665	2337	1
2665	2776	1
2665	2927	1
2666	181	1
2666	299	1
2666	883	0
2666	1136	0
2666	1514	1
2666	1523	0
2666	2375	0
2666	2543	1
2666	2753	0
2666	2844	1
2667	644	0
2667	656	1
2667	691	1
2667	796	1
2667	1050	1
2667	1117	0
2667	1979	0
2667	2268	1
2667	2818	0
2667	2877	0
2668	297	1
2668	440	0
2668	1166	0
2668	1452	1
2668	1648	1
2668	1711	0
2668	1856	1
2668	1914	1
2668	2706	0
2668	2884	0
2669	6	0
2669	478	0
2669	516	0
2669	648	1
2669	1117	1
2669	1474	0
2669	2619	1
2669	2863	1
2669	3039	0
2669	3244	1
2670	302	0
2670	550	0
2670	554	1
2670	1605	1
2670	2111	1
2670	2118	0
2670	2221	0
2670	2818	1
2670	2960	1
2670	3178	0
2671	208	0
2671	248	1
2671	817	1
2671	1439	0
2671	2011	0
2671	2109	1
2671	2253	0
2671	2828	1
2671	2848	1
2671	2938	0
2672	339	1
2672	479	0
2672	659	1
2672	883	1
2672	1127	1
2672	2008	0
2672	2023	0
2672	2108	0
2672	2409	0
2672	3114	1
2673	5	1
2673	484	0
2673	967	1
2673	1226	0
2673	1690	1
2673	1787	0
2673	2284	0
2673	2544	0
2673	2676	1
2673	2839	1
2674	224	1
2674	260	1
2674	558	0
2674	1193	1
2674	1251	0
2674	1335	0
2674	1850	1
2674	2517	1
2674	3031	0
2674	3232	0
2675	543	0
2675	632	1
2675	748	1
2675	1304	0
2675	1597	1
2675	1686	0
2675	2583	1
2675	2618	0
2675	2753	1
2675	2832	0
2676	474	0
2676	624	1
2676	1151	0
2676	1640	1
2676	2030	1
2676	2606	0
2676	2816	1
2676	2920	0
2676	2945	1
2676	3229	0
2677	435	0
2677	1269	1
2677	1746	0
2677	1860	0
2677	1881	1
2677	2337	1
2677	2405	1
2677	2460	1
2677	2916	0
2677	3245	0
2678	713	1
2678	716	1
2678	961	0
2678	1067	0
2678	1250	1
2678	1375	0
2678	2023	1
2678	2736	0
2678	2935	1
2678	3182	0
2679	374	0
2679	390	1
2679	541	0
2679	546	1
2679	559	1
2679	1358	1
2679	1654	1
2679	2151	0
2679	2195	0
2679	2233	0
2680	9	1
2680	1211	0
2680	1227	1
2680	1271	1
2680	1527	1
2680	1702	0
2680	1730	0
2680	2932	0
2680	2944	0
2680	3152	1
2681	228	0
2681	796	1
2681	1681	0
2681	1691	1
2681	2036	1
2681	2049	1
2681	2088	1
2681	2413	0
2681	2847	0
2681	2940	0
2682	422	1
2682	429	0
2682	989	0
2682	1001	0
2682	1485	1
2682	1555	0
2682	1735	0
2682	1978	1
2682	2133	1
2682	3017	1
2683	221	0
2683	592	1
2683	664	1
2683	758	1
2683	850	0
2683	1847	1
2683	2036	0
2683	2400	0
2683	2793	1
2683	2963	0
2684	104	1
2684	788	0
2684	1213	0
2684	1310	1
2684	1615	0
2684	2108	1
2684	2109	1
2684	3139	0
2684	3187	0
2684	3196	1
2685	24	1
2685	266	1
2685	472	0
2685	824	0
2685	1037	0
2685	1199	0
2685	1498	1
2685	1834	1
2685	2945	1
2685	3038	0
2686	104	1
2686	148	0
2686	644	1
2686	1418	1
2686	1587	0
2686	1655	0
2686	2132	0
2686	2150	1
2686	2477	0
2686	2834	1
2687	15	0
2687	49	0
2687	224	1
2687	850	0
2687	1744	0
2687	1820	0
2687	1829	1
2687	2134	1
2687	2460	1
2687	3149	1
2688	135	0
2688	660	1
2688	1011	0
2688	1239	1
2688	1332	0
2688	2300	1
2688	2529	1
2688	2618	0
2688	2960	0
2688	3026	1
2689	404	1
2689	664	1
2689	1035	0
2689	1205	1
2689	1555	0
2689	1703	0
2689	2337	1
2689	2708	1
2689	2937	0
2689	3048	0
2690	153	0
2690	995	0
2690	1969	0
2690	2021	1
2690	2045	1
2690	2104	1
2690	2455	1
2690	2473	1
2690	2822	0
2690	3234	0
2691	497	0
2691	1036	0
2691	1495	0
2691	1834	0
2691	1972	0
2691	2299	1
2691	2860	1
2691	2938	1
2691	2967	1
2691	3238	1
2692	299	1
2692	428	1
2692	1266	0
2692	1806	1
2692	2164	0
2692	2221	1
2692	2385	1
2692	3005	0
2692	3066	0
2692	3203	0
2693	659	0
2693	957	1
2693	1841	1
2693	1919	0
2693	2018	0
2693	2036	0
2693	2419	0
2693	2752	1
2693	2941	1
2693	3148	1
2694	73	0
2694	883	0
2694	1207	1
2694	1891	0
2694	2152	1
2694	2252	0
2694	2418	1
2694	2439	1
2694	2463	1
2694	2742	0
2695	167	1
2695	298	0
2695	1036	0
2695	1743	1
2695	2367	0
2695	2591	1
2695	2672	1
2695	2834	1
2695	2959	0
2695	3009	0
2696	310	0
2696	425	1
2696	457	1
2696	566	0
2696	615	1
2696	995	1
2696	1284	0
2696	1476	1
2696	2722	0
2696	3238	0
2697	344	0
2697	1005	1
2697	1385	0
2697	1495	1
2697	1614	1
2697	1972	0
2697	2635	0
2697	2884	0
2697	3076	1
2697	3227	1
2698	325	0
2698	410	1
2698	760	0
2698	1205	1
2698	1570	1
2698	1907	1
2698	2762	1
2698	2941	0
2698	2950	0
2698	2959	0
2699	490	1
2699	556	0
2699	850	1
2699	1170	0
2699	1548	0
2699	1872	0
2699	2118	1
2699	2373	1
2699	2605	0
2699	3007	1
2700	4	0
2700	550	1
2700	1050	1
2700	1301	1
2700	1983	0
2700	2157	1
2700	2239	0
2700	2498	0
2700	2630	1
2700	3004	0
2701	390	1
2701	610	0
2701	656	1
2701	904	1
2701	1307	1
2701	1563	1
2701	2343	0
2701	2662	0
2701	3086	0
2701	3208	0
2702	527	0
2702	617	1
2702	1562	0
2702	1771	1
2702	1924	1
2702	2120	0
2702	2746	1
2702	2915	0
2702	2920	1
2702	3007	0
2703	271	0
2703	965	1
2703	1166	1
2703	1348	1
2703	1672	0
2703	1954	1
2703	2425	0
2703	2684	0
2703	3028	0
2703	3129	1
2704	490	0
2704	648	1
2704	654	0
2704	711	0
2704	1558	1
2704	1592	1
2704	2046	1
2704	2340	0
2704	2447	0
2704	2552	1
2705	1017	1
2705	1370	0
2705	1636	1
2705	1652	1
2705	1727	1
2705	2619	0
2705	2752	0
2705	2782	0
2705	2909	0
2705	2916	1
2706	155	1
2706	368	0
2706	1126	1
2706	1177	0
2706	1240	0
2706	1269	1
2706	1291	0
2706	1900	1
2706	2466	0
2706	3095	1
2707	501	0
2707	1135	1
2707	1156	0
2707	1652	1
2707	2108	0
2707	2595	1
2707	2752	0
2707	2760	1
2707	2804	0
2707	2951	1
2708	20	0
2708	46	1
2708	325	0
2708	455	1
2708	850	0
2708	1296	1
2708	2095	0
2708	2096	0
2708	2768	1
2708	3005	1
2709	236	0
2709	366	1
2709	682	0
2709	1106	1
2709	1348	1
2709	1716	0
2709	2132	0
2709	2151	1
2709	2242	0
2709	2463	1
2710	344	1
2710	938	1
2710	1117	0
2710	1307	1
2710	1552	0
2710	1746	0
2710	1790	1
2710	1929	0
2710	2278	0
2710	2611	1
2711	434	1
2711	994	0
2711	1044	1
2711	1137	1
2711	1974	0
2711	2058	0
2711	2118	1
2711	2250	0
2711	2691	0
2711	3019	1
2712	211	0
2712	381	0
2712	654	1
2712	836	1
2712	1021	1
2712	1087	0
2712	1289	1
2712	1649	0
2712	2268	1
2712	2848	0
2713	434	0
2713	461	0
2713	487	1
2713	686	1
2713	716	1
2713	1306	1
2713	1526	0
2713	1827	0
2713	2146	1
2713	2789	0
2714	336	1
2714	656	0
2714	1860	0
2714	1929	1
2714	2401	1
2714	2529	0
2714	2595	1
2714	3012	1
2714	3139	0
2714	3173	0
2715	224	1
2715	518	1
2715	644	0
2715	1566	0
2715	1631	0
2715	1844	1
2715	2327	1
2715	2767	0
2715	2818	1
2715	3214	0
2716	110	0
2716	553	0
2716	1046	1
2716	1307	1
2716	1985	1
2716	2032	0
2716	2375	0
2716	2449	0
2716	2458	1
2716	2661	1
2717	16	0
2717	167	1
2717	463	1
2717	928	0
2717	933	0
2717	2030	0
2717	2421	0
2717	2627	1
2717	2831	1
2717	3139	1
2718	221	1
2718	422	0
2718	503	0
2718	675	0
2718	823	1
2718	1227	1
2718	1233	1
2718	1280	0
2718	2595	1
2718	2988	0
2719	208	1
2719	441	0
2719	597	0
2719	899	1
2719	1227	1
2719	2555	0
2719	2661	1
2719	2752	0
2719	2818	1
2719	2858	0
2720	559	0
2720	802	0
2720	967	1
2720	1239	0
2720	1418	1
2720	2311	1
2720	2363	0
2720	3108	1
2720	3178	1
2720	3221	0
2721	310	1
2721	507	1
2721	1118	1
2721	1834	1
2721	1860	0
2721	2015	0
2721	2073	0
2721	2101	0
2721	2316	0
2721	3102	1
2722	254	1
2722	295	1
2722	626	0
2722	1333	1
2722	1348	0
2722	1375	0
2722	1408	1
2722	2342	0
2722	3020	1
2722	3078	0
2723	325	1
2723	460	1
2723	527	1
2723	885	1
2723	1906	0
2723	1961	0
2723	2060	0
2723	2145	0
2723	2656	0
2723	2935	1
2724	654	0
2724	913	0
2724	1266	0
2724	1995	1
2724	2046	0
2724	2419	1
2724	2608	0
2724	2928	1
2724	3016	1
2724	3078	1
2725	387	1
2725	495	0
2725	541	1
2725	1013	0
2725	1056	0
2725	1481	0
2725	1762	0
2725	1956	1
2725	2300	1
2725	3064	1
2726	92	0
2726	384	0
2726	506	1
2726	664	0
2726	1605	1
2726	2141	1
2726	2425	1
2726	2627	0
2726	2834	1
2726	3007	0
2727	69	0
2727	684	0
2727	953	1
2727	1048	0
2727	1117	1
2727	1297	0
2727	1702	1
2727	2832	0
2727	2932	1
2727	3039	1
2728	100	1
2728	206	1
2728	360	1
2728	1024	0
2728	1346	0
2728	1589	0
2728	2337	1
2728	2762	0
2728	2828	1
2728	2968	0
2729	8	1
2729	97	1
2729	115	0
2729	331	1
2729	985	0
2729	1002	1
2729	1088	1
2729	1558	0
2729	2927	0
2729	3095	0
2730	135	0
2730	157	1
2730	186	0
2730	552	1
2730	804	0
2730	954	1
2730	1670	1
2730	2086	1
2730	2979	0
2730	3232	0
2731	153	0
2731	846	0
2731	1146	1
2731	1632	1
2731	1856	0
2731	1915	0
2731	2151	1
2731	2200	1
2731	2340	1
2731	3182	0
2732	222	0
2732	302	1
2732	568	0
2732	1284	1
2732	1358	1
2732	1440	1
2732	1691	0
2732	2023	1
2732	2170	0
2732	2562	0
2733	167	0
2733	289	0
2733	577	0
2733	1280	1
2733	1469	0
2733	1969	1
2733	2118	1
2733	2228	0
2733	2477	1
2733	2928	1
2734	751	1
2734	958	0
2734	1357	1
2734	1410	0
2734	2477	1
2734	2619	0
2734	2627	0
2734	2789	0
2734	3220	1
2734	3221	1
2735	610	1
2735	954	0
2735	1295	0
2735	1330	0
2735	1550	0
2735	1670	0
2735	1685	1
2735	2118	1
2735	2157	1
2735	3019	1
2736	550	1
2736	660	0
2736	850	1
2736	1118	0
2736	1271	0
2736	1552	1
2736	1565	0
2736	1724	0
2736	2828	1
2736	3138	1
2737	155	1
2737	207	1
2737	749	1
2737	867	1
2737	1241	0
2737	1834	0
2737	2178	0
2737	2606	0
2737	2618	0
2737	3094	1
2738	209	0
2738	295	0
2738	1129	1
2738	1555	0
2738	1597	1
2738	2216	1
2738	2253	1
2738	2296	1
2738	2618	0
2738	2619	0
2739	46	0
2739	69	0
2739	173	0
2739	403	0
2739	1590	0
2739	1784	1
2739	1969	1
2739	2320	1
2739	2557	1
2739	2594	1
2740	28	0
2740	336	0
2740	716	1
2740	1125	0
2740	1234	1
2740	1391	0
2740	2042	0
2740	2557	1
2740	3038	1
2740	3039	1
2741	174	1
2741	664	1
2741	845	0
2741	1474	1
2741	1513	1
2741	1711	0
2741	1737	0
2741	2566	0
2741	3076	0
2741	3152	1
2742	86	0
2742	404	0
2742	573	1
2742	673	0
2742	980	1
2742	1222	1
2742	1224	0
2742	1398	1
2742	2941	1
2742	3213	0
2743	709	0
2743	763	0
2743	866	1
2743	1088	1
2743	1290	0
2743	1652	1
2743	1790	1
2743	2062	0
2743	2074	1
2743	2395	0
2744	115	0
2744	221	0
2744	387	1
2744	1242	1
2744	1255	1
2744	1972	0
2744	2024	1
2744	2595	0
2744	2680	1
2744	2934	0
2745	69	0
2745	428	1
2745	597	0
2745	665	1
2745	1332	0
2745	2091	1
2745	2332	0
2745	2529	1
2745	2660	0
2745	3050	1
2746	660	0
2746	938	0
2746	1679	1
2746	2151	1
2746	2285	0
2746	2557	1
2746	2834	1
2746	2959	0
2746	3009	1
2746	3131	0
2747	559	0
2747	682	1
2747	1235	1
2747	1363	0
2747	1453	1
2747	1681	0
2747	1858	1
2747	1910	1
2747	2011	0
2747	2881	0
2748	484	1
2748	516	0
2748	1122	0
2748	1234	0
2748	1864	1
2748	1892	1
2748	2480	1
2748	2582	0
2748	3038	0
2748	3078	1
2749	294	0
2749	344	0
2749	686	1
2749	802	1
2749	967	0
2749	1282	1
2749	2049	0
2749	2088	1
2749	2187	0
2749	2475	1
2750	117	0
2750	313	0
2750	796	1
2750	940	0
2750	1207	1
2750	1575	1
2750	1835	1
2750	2160	0
2750	2586	0
2750	3181	1
2751	404	1
2751	507	1
2751	1214	0
2751	1660	0
2751	2018	0
2751	2151	1
2751	2708	1
2751	2878	0
2751	3037	0
2751	3254	1
2752	274	0
2752	387	1
2752	537	0
2752	1394	0
2752	1523	0
2752	1834	0
2752	2015	1
2752	2277	1
2752	2486	1
2752	2638	1
2753	103	0
2753	564	0
2753	848	1
2753	1024	0
2753	1092	1
2753	1652	1
2753	1838	0
2753	1950	1
2753	2020	1
2753	2290	0
2754	1227	0
2754	1239	1
2754	1592	0
2754	1860	1
2754	2166	0
2754	2834	1
2754	2965	1
2754	3129	1
2754	3238	0
2754	3243	0
2755	319	0
2755	994	1
2755	1036	0
2755	1476	1
2755	1523	1
2755	1630	1
2755	1906	0
2755	2515	0
2755	2716	0
2755	3187	1
2756	208	1
2756	238	0
2756	350	0
2756	1514	1
2756	2418	1
2756	2427	0
2756	2486	0
2756	2517	1
2756	2690	0
2756	2960	1
2757	550	1
2757	980	0
2757	1199	1
2757	1652	1
2757	1797	0
2757	1993	0
2757	2015	1
2757	2396	0
2757	2863	1
2757	2925	0
2758	612	0
2758	1036	0
2758	1210	1
2758	1213	0
2758	1783	1
2758	1834	1
2758	2717	1
2758	2753	0
2758	3066	1
2758	3086	0
2759	585	1
2759	637	0
2759	784	1
2759	927	0
2759	1565	0
2759	1601	1
2759	2337	1
2759	2847	0
2759	3044	1
2759	3057	0
2760	174	1
2760	295	0
2760	508	1
2760	612	0
2760	960	1
2760	975	0
2760	1565	1
2760	1702	0
2760	2046	1
2760	3076	0
2761	257	1
2761	350	0
2761	661	0
2761	751	0
2761	950	1
2761	1590	0
2761	1676	0
2761	1798	1
2761	2517	1
2761	2595	1
2762	97	0
2762	656	0
2762	847	1
2762	1025	0
2762	1299	1
2762	1377	1
2762	1485	1
2762	2615	0
2762	3009	1
2762	3011	0
2763	153	1
2763	257	0
2763	434	1
2763	664	0
2763	687	0
2763	1255	0
2763	1907	1
2763	1924	0
2763	2438	1
2763	2809	1
2764	206	1
2764	1078	1
2764	1332	0
2764	2046	1
2764	2109	1
2764	2460	0
2764	2562	0
2764	2767	0
2764	2833	0
2764	3220	1
2765	167	1
2765	1032	0
2765	1043	0
2765	1676	1
2765	1762	0
2765	2234	0
2765	2625	0
2765	2690	1
2765	2818	1
2765	3108	1
2766	665	1
2766	796	1
2766	1697	0
2766	1720	0
2766	1841	0
2766	1856	1
2766	2037	1
2766	2522	0
2766	2990	1
2766	3216	0
2767	174	1
2767	181	1
2767	490	0
2767	1485	1
2767	1763	0
2767	1825	0
2767	1848	0
2767	1943	1
2767	2797	1
2767	2956	0
2768	222	1
2768	472	0
2768	641	1
2768	1095	1
2768	1381	0
2768	1394	1
2768	1685	0
2768	1768	0
2768	2217	1
2768	3164	0
2769	221	0
2769	507	1
2769	1035	1
2769	2229	0
2769	2247	0
2769	2250	0
2769	2340	0
2769	2519	1
2769	2557	1
2769	2937	1
2770	39	1
2770	101	0
2770	208	1
2770	866	1
2770	1056	0
2770	1283	0
2770	1324	0
2770	1454	1
2770	2910	1
2770	3152	0
2771	237	0
2771	435	0
2771	1418	0
2771	1648	1
2771	1834	1
2771	2037	1
2771	2132	1
2771	2176	0
2771	2350	0
2771	2757	1
2772	86	1
2772	1047	1
2772	1333	1
2772	1353	0
2772	2088	1
2772	2460	1
2772	2738	0
2772	2789	0
2772	2877	0
2772	2963	0
2773	132	0
2773	434	0
2773	507	1
2773	920	1
2773	1227	1
2773	2307	0
2773	2517	1
2773	2611	0
2773	2856	0
2773	2978	1
2774	403	0
2774	617	1
2774	849	1
2774	1239	0
2774	1565	0
2774	1642	1
2774	1888	1
2774	2361	0
2774	3020	1
2774	3145	0
2775	299	1
2775	360	0
2775	450	1
2775	503	1
2775	1222	0
2775	1361	1
2775	1888	1
2775	2222	0
2775	3139	0
2775	3213	0
2776	216	0
2776	352	1
2776	479	1
2776	626	1
2776	1429	1
2776	1513	1
2776	1834	0
2776	1883	0
2776	2513	0
2776	2929	0
2777	33	0
2777	299	0
2777	866	1
2777	1249	0
2777	1786	1
2777	2342	1
2777	2425	0
2777	2761	1
2777	2990	1
2777	3123	0
2778	943	0
2778	1017	1
2778	2143	0
2778	2178	0
2778	2211	0
2778	2580	0
2778	2676	1
2778	2785	1
2778	2968	1
2778	3220	1
2779	514	1
2779	518	0
2779	1067	0
2779	1267	1
2779	1303	0
2779	1811	0
2779	1919	1
2779	2161	0
2779	2834	1
2779	3154	1
2780	684	0
2780	1089	0
2780	1375	1
2780	2046	1
2780	2517	0
2780	2670	1
2780	2727	0
2780	2789	0
2780	2809	1
2780	3240	1
2781	460	1
2781	514	1
2781	656	1
2781	1166	0
2781	1363	1
2781	1698	0
2781	2121	0
2781	2694	0
2781	2960	1
2781	3240	0
2782	506	0
2782	928	0
2782	1266	1
2782	1328	1
2782	1404	0
2782	1606	0
2782	1701	1
2782	2030	1
2782	2088	0
2782	2459	1
2783	206	0
2783	944	1
2783	1216	0
2783	1218	0
2783	1446	1
2783	1469	1
2783	2425	0
2783	2941	1
2783	3028	1
2783	3064	0
2784	6	0
2784	131	0
2784	673	1
2784	891	1
2784	1017	1
2784	1114	0
2784	1207	0
2784	1297	0
2784	1391	1
2784	2073	1
2785	400	1
2785	998	1
2785	1005	0
2785	1406	1
2785	1447	0
2785	1812	1
2785	1832	1
2785	2816	0
2785	2875	0
2785	3151	0
2786	632	1
2786	826	1
2786	957	0
2786	1097	1
2786	1104	0
2786	1554	0
2786	2310	1
2786	3065	0
2786	3145	1
2786	3213	0
2787	312	1
2787	598	1
2787	604	0
2787	913	0
2787	1080	1
2787	1217	0
2787	1734	1
2787	2076	0
2787	2459	1
2787	3066	0
2788	339	0
2788	517	0
2788	566	1
2788	1446	1
2788	1454	1
2788	1552	1
2788	1682	1
2788	2455	0
2788	2519	0
2788	2618	0
2789	69	0
2789	274	0
2789	385	0
2789	1207	1
2789	1284	1
2789	1752	1
2789	1787	0
2789	1952	1
2789	2051	1
2789	2484	0
2790	52	0
2790	167	0
2790	661	1
2790	797	1
2790	1794	0
2790	1860	1
2790	1964	0
2790	2281	0
2790	2519	1
2790	3139	1
2791	847	1
2791	1174	0
2791	1269	0
2791	2049	1
2791	2151	1
2791	2562	0
2791	2761	0
2791	2916	1
2791	2938	1
2791	2979	0
2792	306	0
2792	352	1
2792	468	0
2792	788	0
2792	1046	1
2792	1190	1
2792	1419	0
2792	1514	1
2792	1856	0
2792	2143	1
2793	111	1
2793	214	0
2793	424	1
2793	939	1
2793	1213	1
2793	1283	0
2793	1591	0
2793	2101	0
2793	2981	0
2793	3225	1
2794	86	0
2794	206	1
2794	208	1
2794	572	0
2794	675	1
2794	723	0
2794	1365	1
2794	2077	0
2794	2863	1
2794	3084	0
2795	295	1
2795	403	0
2795	1204	1
2795	1266	0
2795	1816	0
2795	1860	0
2795	1927	1
2795	2097	1
2795	2137	1
2795	2558	0
2796	1324	0
2796	1348	1
2796	1757	0
2796	1834	1
2796	1877	0
2796	2118	1
2796	2413	0
2796	2459	0
2796	2904	1
2796	2960	1
2797	433	0
2797	1017	1
2797	1117	1
2797	1592	0
2797	1856	0
2797	2064	1
2797	2290	1
2797	2375	1
2797	3000	0
2797	3203	0
2798	836	0
2798	1048	0
2798	1117	1
2798	1468	1
2798	1592	0
2798	1668	0
2798	1921	1
2798	2118	1
2798	2565	1
2798	2608	0
2799	243	0
2799	251	1
2799	1513	1
2799	1731	1
2799	1752	1
2799	1893	0
2799	1911	0
2799	2599	0
2799	2694	0
2799	2910	1
2800	274	1
2800	308	0
2800	309	0
2800	336	0
2800	994	1
2800	1036	0
2800	1473	1
2800	1615	1
2800	2984	1
2800	3216	0
2801	33	0
2801	85	1
2801	299	0
2801	1591	0
2801	1636	1
2801	2496	1
2801	2517	1
2801	2598	0
2801	2753	1
2801	3107	0
2802	119	1
2802	289	0
2802	984	0
2802	1702	1
2802	1752	0
2802	1969	1
2802	2157	1
2802	2340	0
2802	2988	1
2802	3123	0
2803	102	1
2803	148	1
2803	341	1
2803	1009	0
2803	1591	1
2803	2557	0
2803	2734	0
2803	2794	0
2803	2818	1
2803	2828	0
2804	208	1
2804	535	1
2804	726	0
2804	1088	0
2804	1117	1
2804	1213	0
2804	1432	0
2804	1476	1
2804	2109	1
2804	2738	0
2805	86	1
2805	559	0
2805	758	1
2805	1254	1
2805	1412	1
2805	2284	1
2805	2312	0
2805	2358	0
2805	2640	0
2805	3216	0
2806	117	0
2806	1199	1
2806	1239	1
2806	1709	1
2806	1790	0
2806	1797	0
2806	1834	1
2806	2806	0
2806	3094	1
2806	3163	0
2807	660	0
2807	1222	0
2807	1349	0
2807	1512	1
2807	1735	0
2807	2164	1
2807	2529	1
2807	2984	0
2807	3107	1
2807	3184	1
2808	154	1
2808	1051	0
2808	1234	0
2808	1940	0
2808	2134	1
2808	2418	1
2808	2631	0
2808	2960	1
2808	2979	0
2808	3138	1
2809	85	1
2809	195	1
2809	503	1
2809	941	1
2809	966	0
2809	1280	1
2809	1952	0
2809	1974	0
2809	2220	0
2809	2503	0
2810	208	1
2810	325	0
2810	507	1
2810	872	0
2810	926	1
2810	1015	0
2810	1055	1
2810	1148	0
2810	1834	0
2810	3227	1
2811	33	0
2811	208	1
2811	216	1
2811	1636	0
2811	1745	1
2811	2280	0
2811	2337	0
2811	2590	1
2811	2611	1
2811	3222	0
2812	387	1
2812	507	1
2812	552	0
2812	661	0
2812	926	0
2812	1523	1
2812	1563	0
2812	2460	0
2812	3078	1
2812	3216	1
2813	168	0
2813	406	1
2813	1013	0
2813	1231	1
2813	2360	1
2813	2791	0
2813	2848	1
2813	2859	1
2813	2924	0
2813	3154	0
2814	559	0
2814	1215	0
2814	1398	0
2814	1714	1
2814	1717	1
2814	1727	1
2814	1994	0
2814	2618	1
2814	2877	1
2814	3076	0
2815	592	1
2815	716	0
2815	1803	1
2815	2046	1
2815	2172	0
2815	2221	0
2815	2277	1
2815	2454	1
2815	2946	0
2815	3019	0
2816	120	1
2816	177	0
2816	592	1
2816	943	0
2816	1111	1
2816	2023	1
2816	2351	0
2816	2398	0
2816	2456	1
2816	3195	0
2817	46	0
2817	351	1
2817	835	0
2817	1126	1
2817	1129	1
2817	1363	1
2817	1446	1
2817	1676	0
2817	1820	0
2817	2149	0
2818	789	1
2818	1251	0
2818	1550	1
2818	1749	0
2818	2133	1
2818	2461	0
2818	2622	0
2818	2630	1
2818	2747	1
2818	2768	0
2819	705	0
2819	923	1
2819	1304	1
2819	1955	0
2819	1991	0
2819	2118	1
2819	2280	1
2819	2343	1
2819	2358	0
2819	3048	0
2820	42	1
2820	390	0
2820	515	1
2820	736	0
2820	1627	1
2820	2172	1
2820	2256	0
2820	2455	1
2820	2591	0
2820	2717	0
2821	290	0
2821	783	1
2821	1004	0
2821	1125	1
2821	1676	0
2821	1866	1
2821	2418	1
2821	2651	1
2821	2753	0
2821	3034	0
2822	108	1
2822	560	0
2822	640	0
2822	649	1
2822	758	1
2822	847	0
2822	1349	0
2822	2109	1
2822	2384	0
2822	2828	1
2823	635	0
2823	1046	1
2823	1527	0
2823	1749	0
2823	1776	0
2823	2048	0
2823	2109	1
2823	2209	1
2823	2312	1
2823	2619	1
2824	206	0
2824	316	1
2824	1036	1
2824	1106	0
2824	1185	1
2824	1696	0
2824	1766	1
2824	2406	0
2824	2466	0
2824	2981	1
2825	4	0
2825	195	1
2825	412	1
2825	1358	0
2825	1913	1
2825	2032	0
2825	2109	0
2825	2310	1
2825	2760	1
2825	2892	0
2826	361	1
2826	646	0
2826	656	1
2826	1358	0
2826	1685	0
2826	1870	0
2826	1943	1
2826	2228	0
2826	2652	1
2826	2875	1
2827	11	0
2827	400	1
2827	472	1
2827	648	1
2827	1213	1
2827	1412	0
2827	1598	0
2827	1808	0
2827	2651	1
2827	2959	0
2828	450	0
2828	579	1
2828	720	1
2828	930	1
2828	958	0
2828	1358	1
2828	2181	0
2828	2708	0
2828	2731	1
2828	3123	0
2829	97	1
2829	169	1
2829	980	0
2829	1266	1
2829	1649	1
2829	1900	0
2829	1972	0
2829	2134	1
2829	2878	0
2829	3128	0
2830	344	0
2830	403	0
2830	550	1
2830	910	1
2830	939	0
2830	1172	1
2830	2160	0
2830	2857	0
2830	2878	1
2830	3227	1
2831	85	0
2831	503	0
2831	1250	1
2831	1333	1
2831	2100	0
2831	2466	0
2831	2684	0
2831	2877	1
2831	3017	1
2831	3075	1
2832	403	0
2832	592	1
2832	1280	0
2832	1856	0
2832	1866	1
2832	2267	0
2832	2848	1
2832	2938	1
2832	3187	1
2832	3238	0
2833	208	1
2833	577	1
2833	752	1
2833	930	0
2833	1165	1
2833	1434	0
2833	1675	0
2833	1807	0
2833	1839	0
2833	2849	1
2834	94	0
2834	206	0
2834	540	0
2834	1307	1
2834	1527	1
2834	1731	0
2834	2001	1
2834	2317	1
2834	2934	0
2834	3213	1
2835	319	0
2835	477	1
2835	649	0
2835	758	0
2835	1253	0
2835	1812	1
2835	1990	1
2835	2299	1
2835	2454	1
2835	2513	0
2836	178	0
2836	379	1
2836	507	1
2836	513	0
2836	994	0
2836	1485	1
2836	1512	0
2836	2038	0
2836	2209	1
2836	2760	1
2837	527	1
2837	744	0
2837	758	0
2837	1724	1
2837	2111	1
2837	2238	0
2837	2350	0
2837	2513	0
2837	3194	1
2837	3212	1
2838	449	0
2838	592	1
2838	694	0
2838	752	0
2838	854	1
2838	1550	1
2838	1601	1
2838	2271	1
2838	3049	0
2838	3179	0
2839	164	0
2839	1493	0
2839	1601	1
2839	1636	1
2839	1711	0
2839	2216	0
2839	2268	1
2839	2305	0
2839	2348	1
2839	2357	1
2840	204	1
2840	997	0
2840	1363	0
2840	1552	0
2840	1652	1
2840	1892	1
2840	1929	1
2840	2312	1
2840	2466	0
2840	3203	0
2841	503	1
2841	694	1
2841	866	1
2841	1004	0
2841	1196	0
2841	1672	0
2841	2632	0
2841	3066	1
2841	3115	0
2841	3187	1
2842	400	0
2842	405	0
2842	429	0
2842	640	1
2842	796	1
2842	977	1
2842	1552	1
2842	1947	0
2842	2427	0
2842	2643	1
2843	181	1
2843	260	0
2843	373	1
2843	1021	0
2843	1269	1
2843	1387	0
2843	1565	0
2843	1991	1
2843	2409	0
2843	3078	1
2844	37	0
2844	451	1
2844	493	0
2844	641	1
2844	665	1
2844	1303	1
2844	1744	0
2844	2380	0
2844	2999	0
2844	3020	1
2845	255	0
2845	351	0
2845	440	1
2845	1622	0
2845	2316	1
2845	2367	1
2845	2586	1
2845	2670	1
2845	2761	0
2845	2829	0
2846	80	1
2846	648	1
2846	761	0
2846	1110	0
2846	1370	0
2846	1422	0
2846	1834	1
2846	1972	1
2846	2366	0
2846	2552	1
2847	88	1
2847	440	0
2847	527	1
2847	1685	1
2847	1892	1
2847	2466	0
2847	2879	0
2847	3163	0
2847	3182	0
2847	3213	1
2848	308	0
2848	1454	0
2848	1686	0
2848	1714	1
2848	1893	0
2848	1921	1
2848	2275	1
2848	2312	1
2848	2317	0
2848	3226	1
2849	39	1
2849	344	1
2849	1220	1
2849	1340	0
2849	1552	0
2849	1582	1
2849	1929	0
2849	2940	1
2849	2943	0
2849	2960	0
2850	310	1
2850	676	0
2850	845	1
2850	949	1
2850	1055	0
2850	1117	1
2850	1241	0
2850	1283	1
2850	1534	0
2850	1737	0
2851	463	1
2851	1224	0
2851	1636	1
2851	1648	1
2851	1730	1
2851	2209	0
2851	2321	0
2851	2324	0
2851	2836	0
2851	3154	1
2852	268	0
2852	434	0
2852	1050	1
2852	1106	1
2852	1126	1
2852	1629	1
2852	2235	0
2852	2914	0
2852	2939	1
2852	3217	0
2853	788	0
2853	908	1
2853	985	1
2853	1114	0
2853	1340	0
2853	1359	0
2853	1424	1
2853	1856	1
2853	2390	0
2853	2916	1
2854	440	1
2854	487	1
2854	1365	1
2854	1730	0
2854	1772	0
2854	2217	1
2854	2278	0
2854	2335	0
2854	2583	1
2854	3039	0
2855	104	1
2855	257	0
2855	1370	1
2855	1410	0
2855	2230	0
2855	2307	1
2855	2460	1
2855	2557	1
2855	2995	0
2855	3064	0
2856	648	0
2856	796	1
2856	1021	0
2856	1027	0
2856	1475	0
2856	1682	1
2856	1812	1
2856	2134	1
2856	2178	1
2856	2794	0
2857	253	1
2857	302	1
2857	650	0
2857	914	1
2857	930	0
2857	1153	0
2857	1564	0
2857	1601	1
2857	2722	0
2857	2960	1
2858	478	1
2858	1297	0
2858	1658	0
2858	1983	0
2858	2278	1
2858	2494	0
2858	2990	0
2858	3057	1
2858	3058	1
2858	3213	1
2859	376	0
2859	423	0
2859	975	0
2859	1013	0
2859	1333	1
2859	2171	1
2859	2637	0
2859	2860	1
2859	2877	1
2859	2992	1
2860	216	0
2860	368	0
2860	1001	0
2860	1021	1
2860	2967	1
2860	3009	1
2860	3085	1
2860	3095	0
2860	3131	0
2860	3252	1
2861	225	1
2861	315	1
2861	319	0
2861	788	0
2861	1447	1
2861	1752	1
2861	1775	0
2861	2274	1
2861	2753	0
2861	3095	0
2862	262	1
2862	648	0
2862	1118	0
2862	1394	1
2862	2030	0
2862	2352	1
2862	2627	0
2862	2783	0
2862	2941	1
2862	2965	1
2863	366	1
2863	1327	1
2863	1642	1
2863	1787	0
2863	2533	0
2863	2638	0
2863	3178	0
2863	3196	1
2863	3230	0
2863	3253	1
2864	586	0
2864	612	1
2864	1523	0
2864	1636	1
2864	1914	1
2864	2418	0
2864	2651	0
2864	2767	1
2864	3075	0
2864	3144	1
2865	143	1
2865	315	1
2865	360	0
2865	387	1
2865	1055	0
2865	1063	0
2865	1566	0
2865	2071	1
2865	2221	1
2865	2228	0
2866	169	1
2866	341	0
2866	950	1
2866	1266	1
2866	1715	0
2866	1819	0
2866	2151	1
2866	2565	0
2866	2909	1
2866	3019	0
2867	9	0
2867	208	1
2867	695	1
2867	1239	1
2867	1267	1
2867	1297	0
2867	1917	0
2867	2585	0
2867	3066	1
2867	3240	0
2868	174	0
2868	350	0
2868	1475	0
2868	1498	0
2868	1563	1
2868	2285	0
2868	2305	1
2868	2374	1
2868	2418	1
2868	2863	1
2869	174	1
2869	648	1
2869	1051	0
2869	1658	0
2869	2133	0
2869	2162	0
2869	2268	1
2869	2459	1
2869	3019	1
2869	3216	0
2870	104	1
2870	1075	1
2870	1166	0
2870	1495	1
2870	1614	1
2870	1927	0
2870	2203	0
2870	2359	0
2870	2690	1
2870	2979	0
2871	531	0
2871	1297	0
2871	1361	1
2871	1672	1
2871	2663	1
2871	2722	1
2871	2835	0
2871	2955	0
2871	2967	0
2871	3076	1
2872	527	0
2872	554	0
2872	1446	0
2872	1590	0
2872	1746	1
2872	1856	1
2872	2299	0
2872	2427	1
2872	2941	1
2872	3156	1
2873	601	1
2873	648	1
2873	2049	1
2873	2427	1
2873	2752	0
2873	2942	0
2873	3014	1
2873	3020	0
2873	3139	0
2873	3226	0
2874	69	0
2874	123	1
2874	746	0
2874	899	1
2874	1106	0
2874	1333	1
2874	2189	0
2874	2342	1
2874	2708	0
2874	2762	1
2875	239	0
2875	340	1
2875	1361	1
2875	1475	0
2875	1802	0
2875	2041	0
2875	2118	1
2875	2752	0
2875	2990	1
2875	3203	1
2876	294	1
2876	299	0
2876	1115	0
2876	1226	0
2876	1240	0
2876	1322	0
2876	1563	1
2876	2529	1
2876	2753	1
2876	3078	1
2877	208	1
2877	434	0
2877	720	0
2877	1324	0
2877	2305	0
2877	2312	1
2877	2348	1
2877	2557	0
2877	2661	1
2877	3087	1
2878	99	0
2878	162	1
2878	460	1
2878	1024	0
2878	1089	0
2878	1761	0
2878	1796	1
2878	2070	1
2878	2211	1
2878	3021	0
2879	641	1
2879	762	0
2879	1439	0
2879	1642	1
2879	2177	0
2879	2348	1
2879	2448	1
2879	2492	0
2879	2818	0
2879	3051	1
2880	360	0
2880	955	0
2880	1307	0
2880	1365	0
2880	1695	0
2880	2116	1
2880	2211	1
2880	2455	1
2880	2467	1
2880	2651	1
2881	324	0
2881	648	1
2881	904	1
2881	1221	0
2881	1672	1
2881	1774	0
2881	2503	0
2881	2717	1
2881	2916	0
2881	3078	1
2882	717	1
2882	871	1
2882	901	0
2882	1523	1
2882	1552	1
2882	1711	1
2882	1794	0
2882	2447	0
2882	2728	0
2882	2931	0
2883	170	1
2883	411	0
2883	477	1
2883	1232	0
2883	1590	1
2883	2181	0
2883	2299	1
2883	2421	1
2883	2484	0
2883	2833	0
2884	935	1
2884	1285	0
2884	1412	0
2884	1928	0
2884	1990	1
2884	2344	1
2884	2349	1
2884	2459	1
2884	2544	0
2884	2893	0
2885	239	1
2885	715	0
2885	1047	1
2885	1255	0
2885	1324	1
2885	1540	0
2885	1696	0
2885	2337	1
2885	2459	1
2885	2513	0
2886	183	1
2886	315	1
2886	926	0
2886	935	1
2886	1441	1
2886	1829	0
2886	2501	0
2886	2727	0
2886	2925	1
2886	2958	0
2887	938	0
2887	939	0
2887	940	1
2887	980	0
2887	1370	0
2887	1795	1
2887	2095	1
2887	2134	1
2887	2752	0
2887	3017	1
2888	439	0
2888	654	1
2888	840	1
2888	842	1
2888	1615	0
2888	2126	0
2888	2463	1
2888	2661	1
2888	2748	0
2888	2831	0
2889	102	0
2889	478	1
2889	503	1
2889	845	1
2889	951	0
2889	1241	0
2889	1660	0
2889	2418	1
2889	2644	0
2889	2706	1
2890	135	1
2890	422	1
2890	660	0
2890	701	0
2890	1346	1
2890	1722	0
2890	2178	0
2890	2400	1
2890	2640	1
2890	3216	0
2891	366	0
2891	658	1
2891	1304	0
2891	1429	0
2891	1735	0
2891	1818	1
2891	2277	0
2891	2708	1
2891	2916	1
2891	3087	1
2892	344	1
2892	361	1
2892	580	0
2892	960	1
2892	1323	0
2892	1484	0
2892	1754	1
2892	2613	0
2892	2984	0
2892	3056	1
2893	457	1
2893	507	1
2893	876	1
2893	1364	1
2893	1816	0
2893	2424	1
2893	2626	0
2893	2978	0
2893	3152	0
2893	3178	0
2894	46	0
2894	1115	1
2894	1630	1
2894	1645	0
2894	2112	0
2894	2375	0
2894	2413	1
2894	3017	0
2894	3039	1
2894	3213	1
2895	32	0
2895	224	0
2895	463	0
2895	967	1
2895	1050	0
2895	1102	1
2895	1193	0
2895	1722	1
2895	2370	1
2895	3232	1
2896	102	0
2896	255	0
2896	587	1
2896	643	0
2896	1251	0
2896	2278	1
2896	2370	1
2896	2736	1
2896	3052	0
2896	3221	1
2897	592	1
2897	731	0
2897	941	0
2897	1266	0
2897	1426	0
2897	2157	1
2897	2299	0
2897	2836	1
2897	3057	1
2897	3086	1
2898	333	1
2898	337	0
2898	446	0
2898	823	1
2898	1575	1
2898	1972	1
2898	2741	0
2898	2920	0
2898	2941	1
2898	3140	0
2899	302	0
2899	1818	0
2899	2101	0
2899	2644	0
2899	2927	0
2899	2988	1
2899	3017	1
2899	3149	1
2899	3163	1
2899	3181	1
2900	344	1
2900	540	0
2900	541	1
2900	1652	1
2900	1691	0
2900	1916	0
2900	2047	1
2900	2501	0
2900	2848	0
2900	2960	1
2901	85	1
2901	366	0
2901	478	1
2901	1013	1
2901	1222	0
2901	1267	1
2901	1615	0
2901	1834	0
2901	2858	1
2901	2984	0
2902	252	0
2902	827	0
2902	906	0
2902	1046	1
2902	1117	0
2902	1476	0
2902	1636	1
2902	2760	1
2902	2818	1
2902	2928	1
2903	33	0
2903	248	1
2903	384	0
2903	1303	1
2903	1660	0
2903	2088	1
2903	2178	1
2903	2503	0
2903	2708	0
2903	2890	1
2904	239	1
2904	1205	0
2904	1340	0
2904	1629	1
2904	1907	1
2904	2442	0
2904	2455	1
2904	2734	0
2904	2834	0
2904	3066	1
2905	1129	0
2905	1410	1
2905	1632	1
2905	2209	0
2905	2661	0
2905	2910	1
2905	3019	0
2905	3139	1
2905	3180	0
2905	3225	1
2906	824	0
2906	1227	0
2906	1614	0
2906	1889	0
2906	2290	1
2906	2343	1
2906	2407	0
2906	2583	1
2906	2863	1
2906	3021	1
2907	1454	1
2907	1523	0
2907	1964	0
2907	2226	1
2907	2327	0
2907	2464	0
2907	2529	1
2907	2644	0
2907	2818	1
2907	3227	1
2908	19	1
2908	243	0
2908	495	1
2908	1305	1
2908	1633	0
2908	2503	1
2908	2680	0
2908	2828	1
2908	2937	0
2908	3067	0
2909	19	0
2909	221	1
2909	403	0
2909	845	1
2909	1117	1
2909	1552	1
2909	2277	1
2909	2468	0
2909	2619	0
2909	3196	0
2910	341	0
2910	428	1
2910	842	0
2910	938	1
2910	1166	0
2910	1439	1
2910	1513	0
2910	1565	0
2910	2023	1
2910	2920	1
2911	70	0
2911	295	1
2911	429	1
2911	502	0
2911	1271	0
2911	1512	1
2911	1711	1
2911	2011	0
2911	2418	1
2911	3115	0
2912	80	0
2912	425	0
2912	461	0
2912	490	0
2912	1476	1
2912	1552	0
2912	1649	1
2912	2136	1
2912	2151	1
2912	3194	1
2913	174	1
2913	208	1
2913	507	0
2913	1370	1
2913	1478	1
2913	1730	0
2913	1856	0
2913	2479	0
2913	2706	0
2913	3019	1
2914	656	1
2914	1013	0
2914	1312	1
2914	1439	0
2914	1444	0
2914	1745	0
2914	2557	1
2914	2590	1
2914	2759	0
2914	3241	1
2915	296	0
2915	458	1
2915	1232	0
2915	1591	0
2915	1636	1
2915	1718	1
2915	1730	0
2915	1822	1
2915	2032	1
2915	2663	0
2916	289	0
2916	324	1
2916	635	0
2916	2620	0
2916	2708	0
2916	2920	1
2916	2941	1
2916	2969	0
2916	3078	1
2916	3226	1
2917	276	0
2917	823	1
2917	1240	0
2917	1527	0
2917	1794	0
2917	1955	0
2917	2220	1
2917	2502	1
2917	2744	1
2917	2928	1
2918	437	0
2918	513	1
2918	744	1
2918	1306	1
2918	1735	0
2918	1745	1
2918	1786	0
2918	2106	1
2918	3004	0
2918	3174	0
2919	120	0
2919	254	0
2919	994	0
2919	1117	1
2919	1138	0
2919	1605	1
2919	1948	0
2919	2684	1
2919	2708	1
2919	2749	1
2920	954	0
2920	1224	0
2920	1363	1
2920	1818	0
2920	1929	1
2920	2299	1
2920	2418	1
2920	2938	1
2920	2978	0
2920	3210	0
2921	1017	0
2921	1156	0
2921	1552	1
2921	1960	1
2921	2157	1
2921	2293	0
2921	2690	0
2921	2912	1
2921	2928	0
2921	2960	1
2922	183	0
2922	187	0
2922	519	0
2922	1146	1
2922	1556	1
2922	1594	1
2922	1811	1
2922	2284	0
2922	2661	0
2922	2928	1
2923	490	0
2923	716	1
2923	1211	0
2923	1476	1
2923	1552	1
2923	1892	0
2923	1969	1
2923	2084	1
2923	2373	0
2923	2960	0
2924	585	1
2924	1552	1
2924	1605	1
2924	1702	0
2924	1802	1
2924	2006	0
2924	2337	1
2924	2377	0
2924	2388	0
2924	2827	0
2925	173	0
2925	457	1
2925	927	1
2925	939	1
2925	994	0
2925	1195	1
2925	1412	0
2925	1774	0
2925	2120	0
2925	3223	1
2926	271	0
2926	617	1
2926	635	0
2926	701	0
2926	1037	0
2926	1078	1
2926	1629	1
2926	2038	1
2926	2644	0
2926	3138	1
2927	208	1
2927	316	0
2927	350	0
2927	520	1
2927	661	0
2927	994	1
2927	1036	1
2927	1047	1
2927	1301	0
2927	1856	0
2928	86	0
2928	174	0
2928	344	0
2928	1097	0
2928	1137	1
2928	1636	1
2928	1649	0
2928	1781	1
2928	2938	1
2928	3238	1
2929	222	0
2929	506	0
2929	1027	1
2929	1085	1
2929	1816	1
2929	1969	0
2929	2661	0
2929	2988	1
2929	3035	1
2929	3129	0
2930	1066	0
2930	1314	1
2930	1850	1
2930	2278	1
2930	2319	0
2930	2385	0
2930	2809	0
2930	2960	0
2930	3028	1
2930	3111	1
2931	344	1
2931	523	0
2931	1335	0
2931	2031	1
2931	2033	0
2931	2239	1
2931	2282	1
2931	2519	0
2931	2828	1
2931	2942	0
2932	30	0
2932	174	0
2932	257	1
2932	566	0
2932	1064	1
2932	1385	1
2932	1413	1
2932	1852	1
2932	2017	0
2932	2206	0
2933	446	0
2933	447	1
2933	608	0
2933	910	1
2933	1727	1
2933	1915	0
2933	2217	1
2933	2783	1
2933	2892	0
2933	2916	0
2934	164	0
2934	208	1
2934	428	0
2934	440	1
2934	826	0
2934	2555	0
2934	2590	0
2934	2753	1
2934	3020	1
2934	3203	1
2935	33	0
2935	820	1
2935	935	0
2935	1266	1
2935	1468	0
2935	1680	1
2935	2073	1
2935	2109	0
2935	2289	0
2935	2825	1
2936	701	0
2936	955	1
2936	1757	0
2936	1974	0
2936	2004	1
2936	2157	0
2936	2437	0
2936	2463	1
2936	2988	1
2936	3149	1
2937	307	1
2937	466	0
2937	1117	0
2937	1239	1
2937	1590	1
2937	1635	0
2937	1856	1
2937	2734	1
2937	3019	0
2937	3220	0
2938	101	0
2938	102	1
2938	148	0
2938	220	0
2938	507	1
2938	649	1
2938	1563	1
2938	1590	0
2938	2267	0
2938	2318	1
2939	33	1
2939	239	0
2939	1439	1
2939	1505	0
2939	1917	0
2939	1975	1
2939	2256	0
2939	2375	1
2939	2529	0
2939	2557	1
2940	555	1
2940	653	1
2940	920	1
2940	1255	0
2940	1757	0
2940	2049	0
2940	2348	1
2940	2517	0
2940	2619	1
2940	2719	0
2941	101	0
2941	403	1
2941	527	1
2941	1020	1
2941	2515	0
2941	2551	1
2941	2691	0
2941	2925	0
2941	3117	0
2941	3181	1
2942	463	1
2942	848	0
2942	1234	1
2942	1271	0
2942	1340	0
2942	1727	1
2942	2077	1
2942	2340	0
2942	2644	0
2942	3021	1
2943	502	1
2943	623	0
2943	1032	1
2943	1348	0
2943	1439	1
2943	1513	0
2943	1722	0
2943	1983	0
2943	2503	1
2943	3094	1
2944	938	0
2944	1269	0
2944	1363	1
2944	1485	1
2944	1654	1
2944	1790	0
2944	1922	1
2944	2151	1
2944	3009	0
2944	3050	0
2945	121	1
2945	252	1
2945	507	1
2945	875	1
2945	976	0
2945	1170	0
2945	1172	1
2945	1232	0
2945	1630	0
2945	3146	0
2946	208	1
2946	221	1
2946	310	0
2946	319	0
2946	440	1
2946	850	0
2946	1774	0
2946	1856	0
2946	2023	1
2946	2708	1
2947	107	0
2947	390	0
2947	403	0
2947	664	1
2947	1029	1
2947	1947	1
2947	2421	0
2947	2581	0
2947	2920	1
2947	2938	1
2948	260	1
2948	656	1
2948	1166	0
2948	1240	0
2948	1476	1
2948	1484	1
2948	1727	1
2948	2890	0
2948	3021	0
2948	3144	0
2949	523	1
2949	527	1
2949	598	1
2949	1000	0
2949	1181	1
2949	1893	0
2949	1978	0
2949	2735	0
2949	2924	0
2949	2937	1
2950	224	1
2950	278	0
2950	316	1
2950	616	1
2950	984	0
2950	1043	1
2950	2130	0
2950	2256	0
2950	2595	1
2950	2926	0
2951	884	0
2951	1697	0
2951	1713	0
2951	1803	0
2951	2233	1
2951	2284	0
2951	2299	1
2951	2320	1
2951	2978	1
2951	3154	1
2952	818	1
2952	998	0
2952	1744	1
2952	1745	0
2952	1792	1
2952	1955	1
2952	2118	0
2952	2598	0
2952	2756	1
2952	2881	0
2953	174	1
2953	472	0
2953	664	1
2953	985	1
2953	1266	1
2953	1571	0
2953	2115	0
2953	2151	1
2953	2932	0
2953	2967	0
2954	1227	1
2954	1301	1
2954	1596	0
2954	1757	1
2954	1894	0
2954	2307	1
2954	2555	0
2954	2661	1
2954	2788	0
2954	3205	0
2955	403	1
2955	452	0
2955	1035	1
2955	1332	1
2955	1340	0
2955	1702	0
2955	2077	1
2955	2314	1
2955	2725	0
2955	2881	0
2956	291	0
2956	901	1
2956	1138	1
2956	1615	0
2956	1737	0
2956	1757	1
2956	2141	0
2956	2690	1
2956	2941	1
2956	3248	0
2957	174	1
2957	605	0
2957	1201	1
2957	1358	0
2957	1552	0
2957	1919	1
2957	2026	0
2957	2583	1
2957	2828	1
2957	3131	0
2958	1	0
2958	145	0
2958	206	1
2958	507	1
2958	675	1
2958	994	1
2958	1370	0
2958	1790	0
2958	2277	0
2958	2466	1
2959	867	0
2959	1001	0
2959	1291	1
2959	1495	1
2959	1717	1
2959	1730	0
2959	1972	1
2959	1993	0
2959	2154	1
2959	3015	0
2960	183	0
2960	244	1
2960	643	1
2960	1105	1
2960	2025	0
2960	2490	0
2960	2552	0
2960	2557	1
2960	2708	1
2960	2830	0
2961	7	0
2961	110	1
2961	366	1
2961	506	0
2961	744	1
2961	758	0
2961	1786	0
2961	2309	1
2961	2557	0
2961	2931	1
2962	135	1
2962	289	1
2962	440	0
2962	1239	1
2962	1711	1
2962	2178	0
2962	2299	0
2962	2421	0
2962	2619	1
2962	3203	0
2963	102	1
2963	761	0
2963	1110	1
2963	1593	0
2963	1798	1
2963	1955	0
2963	1972	1
2963	2648	0
2963	3019	1
2963	3066	0
2964	15	0
2964	759	0
2964	1002	0
2964	1280	1
2964	1439	1
2964	1485	1
2964	2196	0
2964	2320	1
2964	2669	1
2964	3182	0
2965	455	1
2965	552	1
2965	640	0
2965	845	0
2965	968	0
2965	1687	0
2965	1860	1
2965	2312	1
2965	3020	1
2965	3227	0
2966	824	0
2966	845	1
2966	933	1
2966	1303	0
2966	2148	0
2966	2209	1
2966	2627	0
2966	2717	1
2966	2979	1
2966	3114	0
2967	384	0
2967	527	1
2967	623	0
2967	1046	1
2967	1117	1
2967	1550	1
2967	1590	0
2967	1816	0
2967	1906	0
2967	2686	1
2968	289	1
2968	360	0
2968	643	1
2968	1513	1
2968	1615	0
2968	1883	0
2968	2040	0
2968	2113	1
2968	2734	1
2968	3094	0
2969	108	1
2969	461	1
2969	559	0
2969	643	0
2969	765	0
2969	1589	1
2969	1636	1
2969	2016	0
2969	2384	0
2969	2437	1
2970	791	0
2970	998	1
2970	1377	0
2970	1429	1
2970	1724	0
2970	2450	0
2970	2532	1
2970	2654	0
2970	2920	1
2970	3212	1
2971	24	1
2971	33	0
2971	1772	0
2971	1779	1
2971	1822	0
2971	2211	1
2971	2418	1
2971	2894	0
2971	2972	0
2971	3020	1
2972	336	1
2972	1449	1
2972	1760	0
2972	1960	1
2972	2299	0
2972	2373	0
2972	2460	0
2972	2518	1
2972	2564	1
2972	2896	0
2973	720	1
2973	845	1
2973	891	1
2973	1032	0
2973	1307	1
2973	2312	0
2973	2421	1
2973	2496	0
2973	2963	0
2973	3005	0
2974	373	1
2974	914	0
2974	962	0
2974	1137	0
2974	1358	0
2974	1998	1
2974	2046	1
2974	2073	0
2974	2449	1
2974	2960	1
2975	135	0
2975	1118	1
2975	1410	1
2975	1752	1
2975	2132	0
2975	2451	0
2975	2661	0
2975	2690	0
2975	2752	1
2975	3238	1
2976	994	0
2976	1332	0
2976	1348	1
2976	1592	1
2976	1631	0
2976	2046	1
2976	2330	1
2976	2494	0
2976	2832	0
2976	3187	1
2977	423	0
2977	695	0
2977	1352	1
2977	1402	0
2977	1412	0
2977	1525	1
2977	2332	0
2977	2421	1
2977	3139	1
2977	3216	1
2978	648	1
2978	965	1
2978	1117	1
2978	1477	0
2978	1622	0
2978	1806	0
2978	2101	0
2978	3065	1
2978	3066	1
2978	3131	0
2979	92	0
2979	276	1
2979	503	0
2979	568	1
2979	1138	0
2979	1523	1
2979	1565	1
2979	1745	1
2979	2023	0
2979	2761	0
2980	237	1
2980	788	0
2980	1215	0
2980	1255	0
2980	1614	0
2980	1649	1
2980	1856	1
2980	2603	1
2980	2734	1
2980	2782	0
2981	135	0
2981	209	1
2981	604	0
2981	640	0
2981	885	1
2981	1418	1
2981	1972	0
2981	2319	1
2981	2595	1
2981	2972	0
2982	435	1
2982	661	1
2982	994	0
2982	1067	0
2982	1195	0
2982	1731	1
2982	1897	0
2982	2464	1
2982	2557	1
2982	3069	0
2983	203	0
2983	224	1
2983	849	0
2983	1064	1
2983	1427	1
2983	1915	0
2983	1975	0
2983	2470	1
2983	2595	1
2983	2941	0
2984	49	0
2984	74	0
2984	495	1
2984	546	1
2984	851	1
2984	1032	1
2984	2041	1
2984	2453	0
2984	2774	0
2984	2927	0
2985	389	1
2985	503	0
2985	1304	0
2985	1724	1
2985	1774	1
2985	2266	1
2985	2425	1
2985	2619	0
2985	2944	0
2985	3182	0
2986	221	1
2986	701	0
2986	723	0
2986	1160	1
2986	1686	0
2986	1877	1
2986	2181	0
2986	2791	1
2986	3094	1
2986	3238	0
2987	240	0
2987	481	1
2987	720	1
2987	1280	1
2987	1651	0
2987	1975	1
2987	2209	0
2987	2443	0
2987	2814	1
2987	2851	0
2988	174	1
2988	403	0
2988	716	1
2988	1138	0
2988	1907	1
2988	2157	0
2988	2463	1
2988	2595	0
2988	2863	1
2988	3220	0
2989	648	0
2989	660	1
2989	1135	1
2989	1571	1
2989	1741	0
2989	2151	1
2989	2170	0
2989	2619	0
2989	2689	1
2989	3152	0
2990	49	0
2990	858	1
2990	1024	0
2990	1036	0
2990	1201	0
2990	1589	0
2990	1990	1
2990	2375	1
2990	2489	1
2990	2818	1
2991	257	0
2991	344	1
2991	641	0
2991	1087	0
2991	1207	1
2991	1446	1
2991	1775	1
2991	1834	0
2991	2211	1
2991	2221	0
2992	183	1
2992	336	1
2992	720	0
2992	1752	1
2992	2195	0
2992	2221	0
2992	2320	0
2992	2337	1
2992	2552	1
2992	2708	0
2993	493	0
2993	1174	0
2993	1303	0
2993	1327	1
2993	1595	1
2993	2004	1
2993	2120	0
2993	2133	0
2993	2312	1
2993	3156	1
2994	35	0
2994	252	0
2994	278	0
2994	559	0
2994	1226	1
2994	1386	1
2994	1972	0
2994	2023	1
2994	2927	1
2994	2978	1
2995	475	1
2995	564	0
2995	670	1
2995	784	1
2995	944	1
2995	1446	0
2995	2504	0
2995	2603	1
2995	2604	0
2995	3227	0
2996	171	1
2996	257	0
2996	502	1
2996	994	0
2996	1249	0
2996	2139	0
2996	2221	0
2996	2278	1
2996	2418	1
2996	3031	1
2997	135	1
2997	484	0
2997	612	1
2997	637	0
2997	935	1
2997	1146	1
2997	1221	0
2997	1652	0
2997	1848	0
2997	1990	1
2998	296	0
2998	623	1
2998	970	0
2998	1211	0
2998	1283	1
2998	1592	0
2998	1636	1
2998	2595	1
2998	3076	0
2998	3139	1
2999	314	0
2999	994	1
2999	1052	0
2999	1211	0
2999	1223	1
2999	1477	1
2999	1685	1
2999	1751	0
2999	2020	1
2999	2832	0
3000	105	0
3000	174	1
3000	299	0
3000	350	1
3000	506	1
3000	633	0
3000	1193	0
3000	1693	1
3000	1806	0
3000	2046	1
3001	185	0
3001	239	0
3001	302	1
3001	552	1
3001	555	0
3001	994	0
3001	1271	1
3001	1414	0
3001	1454	1
3001	2348	1
3002	104	1
3002	457	1
3002	463	0
3002	784	0
3002	1370	0
3002	1418	1
3002	1746	0
3002	2413	0
3002	3019	1
3002	3181	1
3003	212	1
3003	372	1
3003	384	0
3003	1630	0
3003	1730	1
3003	1969	0
3003	2209	1
3003	2437	0
3003	2938	1
3003	2959	0
3004	613	0
3004	660	1
3004	761	0
3004	1110	0
3004	1199	1
3004	1601	1
3004	2101	1
3004	2366	0
3004	2648	0
3004	3066	1
3005	218	0
3005	1139	0
3005	1207	0
3005	1226	1
3005	1386	0
3005	1722	1
3005	1857	1
3005	2108	1
3005	2261	1
3005	2512	0
3006	455	0
3006	506	1
3006	540	1
3006	901	1
3006	968	1
3006	1047	1
3006	2126	0
3006	2312	0
3006	2314	0
3006	2967	0
3007	299	1
3007	1284	0
3007	1520	1
3007	1615	0
3007	1906	0
3007	2361	0
3007	2641	0
3007	2708	1
3007	2857	1
3007	2860	1
3008	440	0
3008	478	1
3008	1106	1
3008	1513	1
3008	1687	0
3008	2345	0
3008	2836	0
3008	3009	1
3008	3091	0
3008	3156	1
3009	384	0
3009	434	0
3009	507	1
3009	944	1
3009	1066	1
3009	1476	1
3009	1730	0
3009	2318	0
3009	2827	0
3009	3205	1
3010	493	0
3010	926	1
3010	1118	1
3010	1222	0
3010	2539	0
3010	2591	0
3010	2618	1
3010	2635	1
3010	2761	0
3010	3078	1
3011	434	1
3011	507	1
3011	751	0
3011	1026	0
3011	1036	1
3011	1172	0
3011	1660	0
3011	1970	0
3011	2585	1
3011	2635	1
3012	553	0
3012	1300	0
3012	1596	0
3012	2151	1
3012	2278	1
3012	2406	0
3012	2416	1
3012	2706	1
3012	2818	1
3012	3221	0
3013	564	1
3013	1201	1
3013	1783	0
3013	1949	1
3013	2030	0
3013	2816	1
3013	2823	0
3013	2938	0
3013	2941	1
3013	3087	0
3014	274	0
3014	389	0
3014	926	1
3014	1348	1
3014	1682	0
3014	2053	1
3014	2327	0
3014	2361	1
3014	3075	1
3014	3076	0
3015	302	0
3015	610	1
3015	648	1
3015	660	0
3015	1575	0
3015	1646	0
3015	1856	1
3015	2260	1
3015	2916	1
3015	3225	0
3016	831	0
3016	1139	1
3016	1250	1
3016	1476	1
3016	1525	0
3016	1686	0
3016	2026	0
3016	2099	0
3016	2277	1
3016	2425	1
3017	324	0
3017	923	1
3017	1156	1
3017	1242	1
3017	1280	1
3017	1370	0
3017	1722	0
3017	2143	0
3017	2519	1
3017	2586	0
3018	1856	0
3018	2164	1
3018	2211	0
3018	2305	1
3018	2384	0
3018	2418	1
3018	2635	0
3018	2644	0
3018	2661	1
3018	2938	1
3019	885	0
3019	1284	0
3019	1514	0
3019	1746	0
3019	2030	1
3019	2088	1
3019	2118	1
3019	2136	0
3019	2960	1
3019	3065	1
3020	69	0
3020	140	1
3020	1066	0
3020	1307	1
3020	1848	1
3020	2277	1
3020	2916	0
3020	2926	0
3020	2932	1
3020	3058	0
3021	517	0
3021	924	0
3021	1249	0
3021	1913	1
3021	2143	1
3021	2281	1
3021	2316	0
3021	2370	1
3021	2618	1
3021	2920	0
3022	235	0
3022	559	1
3022	1476	1
3022	1541	0
3022	1757	1
3022	1825	0
3022	2661	1
3022	3031	0
3022	3139	1
3022	3242	0
3023	213	0
3023	274	0
3023	1118	0
3023	1229	1
3023	1446	1
3023	1476	1
3023	1614	1
3023	2236	0
3023	3039	0
3023	3115	1
3024	235	0
3024	403	1
3024	649	0
3024	1207	1
3024	1324	0
3024	1974	0
3024	2954	0
3024	3154	1
3024	3213	1
3024	3220	1
3025	58	0
3025	915	0
3025	1042	0
3025	1050	1
3025	1362	1
3025	1372	1
3025	1512	1
3025	2193	0
3025	2706	0
3025	2839	1
3026	209	0
3026	274	0
3026	299	0
3026	873	1
3026	1495	1
3026	1562	1
3026	1566	0
3026	1654	1
3026	2479	1
3026	2804	0
3027	171	0
3027	390	0
3027	595	0
3027	722	1
3027	927	0
3027	1357	1
3027	2146	1
3027	2434	1
3027	2712	1
3027	2954	0
3028	404	0
3028	440	0
3028	1211	0
3028	1615	1
3028	1668	0
3028	1864	1
3028	2143	1
3028	2254	1
3028	2466	0
3028	2736	1
3029	155	0
3029	818	1
3029	856	0
3029	932	0
3029	1031	1
3029	1119	1
3029	1354	1
3029	1392	1
3029	1470	0
3029	3028	0
3030	414	0
3030	1211	0
3030	1439	1
3030	1545	0
3030	2361	0
3030	2459	1
3030	2484	0
3030	2557	1
3030	2797	1
3030	2831	1
3031	106	0
3031	720	1
3031	1017	0
3031	1266	0
3031	1514	1
3031	1727	1
3031	2385	1
3031	2519	0
3031	2816	1
3031	2884	0
3032	220	0
3032	309	1
3032	566	0
3032	1115	1
3032	1340	1
3032	1883	0
3032	2427	1
3032	2522	1
3032	3015	0
3032	3064	0
3033	218	1
3033	262	1
3033	528	0
3033	544	0
3033	557	0
3033	2136	1
3033	2711	0
3033	2805	0
3033	3061	1
3033	3184	1
3034	43	0
3034	624	1
3034	687	1
3034	1063	0
3034	1346	0
3034	1989	0
3034	2401	1
3034	2753	1
3034	3084	0
3034	3086	1
3035	174	1
3035	325	0
3035	1088	0
3035	1361	1
3035	1476	1
3035	2484	0
3035	2661	0
3035	2717	1
3035	2978	0
3035	3066	1
3036	503	1
3036	1013	1
3036	1047	0
3036	1333	1
3036	1760	0
3036	1870	1
3036	2137	0
3036	2400	0
3036	2503	0
3036	2910	1
3037	29	1
3037	815	0
3037	1577	0
3037	1775	0
3037	1776	0
3037	2030	0
3037	2427	1
3037	2651	1
3037	2719	1
3037	3065	1
3038	463	0
3038	585	1
3038	653	1
3038	1495	1
3038	1552	0
3038	2150	1
3038	2277	0
3038	2373	1
3038	2455	0
3038	2552	0
3039	239	1
3039	366	0
3039	1087	1
3039	1603	0
3039	1701	1
3039	2039	0
3039	2223	1
3039	2277	0
3039	2751	1
3039	3241	0
3040	352	1
3040	447	1
3040	712	0
3040	1708	0
3040	1802	0
3040	1808	0
3040	2753	1
3040	2818	1
3040	3214	0
3040	3253	1
3041	189	1
3041	1036	0
3041	1364	0
3041	1615	1
3041	1630	0
3041	2213	1
3041	2316	1
3041	2635	1
3041	3013	0
3041	3076	0
3042	221	0
3042	527	0
3042	552	1
3042	2143	0
3042	2222	0
3042	2271	0
3042	2461	1
3042	2512	1
3042	2819	1
3042	3021	1
3043	350	1
3043	434	0
3043	649	1
3043	1056	0
3043	1444	1
3043	1754	0
3043	1991	0
3043	2375	1
3043	2990	1
3043	3152	0
3044	108	0
3044	360	0
3044	440	0
3044	659	0
3044	1512	1
3044	2277	1
3044	2619	0
3044	2661	1
3044	3066	1
3044	3078	1
3045	296	1
3045	1139	1
3045	1261	1
3045	1685	0
3045	1696	0
3045	2295	0
3045	2460	0
3045	2466	1
3045	2753	1
3045	2794	0
3046	46	1
3046	94	0
3046	413	0
3046	617	1
3046	847	1
3046	1056	0
3046	1563	1
3046	2938	0
3046	3039	0
3046	3095	1
3047	6	0
3047	531	0
3047	555	1
3047	1794	0
3047	1936	0
3047	2442	0
3047	2557	1
3047	3123	1
3047	3156	1
3047	3215	1
3048	221	1
3048	653	1
3048	793	1
3048	1239	1
3048	1444	0
3048	1605	1
3048	2011	0
3048	2046	0
3048	2644	0
3048	2960	0
3049	25	0
3049	219	1
3049	316	0
3049	1181	1
3049	1301	0
3049	1746	1
3049	1856	0
3049	2032	1
3049	2406	0
3049	2968	1
3050	206	1
3050	626	0
3050	654	1
3050	1271	1
3050	1283	1
3050	1286	0
3050	1530	1
3050	2613	0
3050	2995	0
3050	3075	0
3051	177	0
3051	653	1
3051	758	0
3051	1211	0
3051	1226	1
3051	1358	0
3051	2127	0
3051	2327	1
3051	2761	1
3051	3187	1
3052	174	0
3052	208	0
3052	874	1
3052	955	1
3052	1221	0
3052	1636	1
3052	2063	0
3052	2320	1
3052	3076	1
3052	3086	0
3053	1138	1
3053	1211	1
3053	1314	1
3053	1566	0
3053	2483	0
3053	2634	0
3053	2713	1
3053	2963	0
3053	3078	1
3053	3139	0
3054	243	1
3054	503	1
3054	1224	1
3054	1630	0
3054	1870	0
3054	2399	1
3054	2660	0
3054	2862	1
3054	3073	0
3054	3154	0
3055	516	0
3055	938	1
3055	1714	0
3055	1848	0
3055	1929	1
3055	2046	1
3055	3076	0
3055	3184	1
3055	3213	1
3055	3253	0
3056	257	1
3056	985	0
3056	1221	0
3056	1304	1
3056	1552	1
3056	1605	1
3056	1927	1
3056	2211	0
3056	2937	0
3056	3010	0
3057	171	0
3057	664	1
3057	686	1
3057	1043	0
3057	1372	1
3057	1605	0
3057	1812	1
3057	2479	0
3057	2557	1
3057	2577	0
3058	653	0
3058	719	1
3058	988	0
3058	1228	1
3058	1439	0
3058	2375	1
3058	2704	0
3058	2752	0
3058	2848	1
3058	3017	1
3059	298	1
3059	885	0
3059	1036	0
3059	1116	1
3059	1138	0
3059	1352	0
3059	1727	1
3059	1975	1
3059	2332	0
3059	3232	1
3060	366	0
3060	423	0
3060	968	1
3060	1269	1
3060	1791	0
3060	2134	1
3060	2425	0
3060	2708	0
3060	2858	1
3060	3000	1
3061	361	1
3061	552	1
3061	1316	0
3061	1485	1
3061	1555	0
3061	1974	0
3061	2083	0
3061	2312	1
3061	2375	1
3061	2486	0
3062	4	0
3062	254	0
3062	513	1
3062	716	1
3062	2413	0
3062	2463	1
3062	2565	0
3062	2863	1
3062	2954	1
3062	3102	0
3063	731	0
3063	1267	1
3063	1481	1
3063	1555	0
3063	2023	1
3063	2030	1
3063	2585	1
3063	2643	0
3063	2932	0
3063	3020	0
3064	182	1
3064	403	0
3064	845	0
3064	888	0
3064	1117	1
3064	1118	1
3064	2101	0
3064	2355	1
3064	2828	0
3064	2920	1
3065	1408	0
3065	1552	1
3065	1698	0
3065	1728	1
3065	1834	0
3065	2352	0
3065	2651	1
3065	2708	1
3065	2844	0
3065	2920	1
3066	86	1
3066	324	1
3066	968	0
3066	1481	1
3066	1681	0
3066	1747	0
3066	1834	0
3066	2407	0
3066	2818	1
3066	2934	1
3067	33	0
3067	673	0
3067	1552	1
3067	1714	1
3067	2118	1
3067	2157	1
3067	2529	0
3067	2960	0
3067	3065	1
3067	3220	0
3068	1207	1
3068	1266	0
3068	1485	0
3068	2419	0
3068	2557	1
3068	2615	1
3068	2794	0
3068	2992	1
3068	3052	0
3068	3099	1
3069	261	0
3069	712	0
3069	877	1
3069	939	0
3069	1552	1
3069	1597	0
3069	2356	1
3069	2459	0
3069	2619	1
3069	3216	1
3070	148	1
3070	155	0
3070	453	0
3070	705	0
3070	1055	1
3070	1192	0
3070	1207	1
3070	1332	0
3070	2460	1
3070	2651	1
3071	500	0
3071	513	1
3071	902	1
3071	924	1
3071	1166	1
3071	1873	0
3071	2238	1
3071	2464	0
3071	2800	0
3071	3042	0
3072	27	0
3072	411	0
3072	530	0
3072	824	1
3072	1006	1
3072	1252	1
3072	1972	1
3072	2157	1
3072	2528	0
3072	2814	0
3073	69	0
3073	164	0
3073	487	1
3073	994	1
3073	1250	1
3073	1631	0
3073	1797	1
3073	1870	0
3073	2875	1
3073	2881	0
3074	612	1
3074	637	1
3074	939	1
3074	1118	0
3074	1194	1
3074	1372	1
3074	2048	0
3074	2312	0
3074	2541	0
3074	3042	0
3075	526	0
3075	664	1
3075	876	0
3075	1006	1
3075	1283	0
3075	1454	1
3075	1601	0
3075	2010	0
3075	2299	1
3075	2600	1
3076	34	0
3076	208	1
3076	1231	1
3076	1478	1
3076	1589	0
3076	1652	0
3076	2517	1
3076	2706	0
3076	2824	0
3076	3065	1
3077	311	0
3077	405	1
3077	989	1
3077	1160	1
3077	1307	1
3077	2115	0
3077	2529	0
3077	2666	1
3077	3073	0
3077	3139	0
3078	403	1
3078	1630	0
3078	1729	0
3078	1730	0
3078	2277	1
3078	2486	0
3078	2517	1
3078	2557	1
3078	2627	0
3078	3216	1
3079	239	1
3079	1298	1
3079	1307	1
3079	1552	0
3079	1803	1
3079	1823	0
3079	1841	0
3079	1848	0
3079	2083	0
3079	2816	1
3080	208	1
3080	507	1
3080	1036	0
3080	1097	1
3080	1269	1
3080	1592	0
3080	1772	0
3080	1841	0
3080	2281	1
3080	3126	0
3081	428	0
3081	783	0
3081	1369	0
3081	1834	1
3081	1936	1
3081	1972	1
3081	2425	1
3081	2879	0
3081	3078	1
3081	3243	0
3082	221	1
3082	440	1
3082	446	1
3082	518	0
3082	675	0
3082	1017	1
3082	2086	0
3082	2264	0
3082	2680	0
3082	2938	1
3083	80	0
3083	302	1
3083	707	1
3083	1062	0
3083	1446	0
3083	1555	1
3083	2044	0
3083	2170	0
3083	2178	1
3083	3114	1
3084	300	0
3084	544	0
3084	789	1
3084	800	0
3084	1085	0
3084	1311	1
3084	1359	1
3084	1666	1
3084	2282	1
3084	2629	0
3085	372	0
3085	404	0
3085	1333	1
3085	1446	1
3085	1776	0
3085	1834	0
3085	2023	1
3085	2118	1
3085	2143	1
3085	2619	0
3086	1214	1
3086	1595	0
3086	1655	1
3086	1686	1
3086	1729	0
3086	1735	0
3086	2150	0
3086	2312	0
3086	2370	1
3086	3094	1
3087	218	1
3087	389	1
3087	2101	1
3087	2425	0
3087	2466	0
3087	3049	1
3087	3059	1
3087	3073	0
3087	3078	0
3087	3202	0
3088	207	0
3088	214	0
3088	620	1
3088	1314	1
3088	1512	0
3088	1649	0
3088	2049	1
3088	2317	1
3088	2643	0
3088	3138	1
3089	21	0
3089	35	1
3089	207	0
3089	306	1
3089	656	1
3089	1072	0
3089	1453	1
3089	1565	0
3089	2582	0
3089	2852	1
3090	1648	1
3090	1862	1
3090	2018	0
3090	2320	1
3090	2357	0
3090	2505	0
3090	2652	0
3090	2815	1
3090	3030	0
3090	3187	1
3091	25	1
3091	615	1
3091	968	0
3091	970	1
3091	1265	0
3091	1272	0
3091	1728	1
3091	2293	1
3091	2314	0
3091	3216	0
3092	344	1
3092	871	0
3092	1095	0
3092	1436	0
3092	1949	1
3092	2280	0
3092	2290	1
3092	2596	0
3092	2756	1
3092	3021	1
3093	255	0
3093	289	1
3093	310	1
3093	1046	1
3093	1907	1
3093	2211	0
3093	2220	0
3093	2392	1
3093	2449	0
3093	2541	0
3094	472	1
3094	901	1
3094	939	0
3094	960	1
3094	1283	1
3094	1476	1
3094	1772	0
3094	1803	0
3094	2301	0
3094	2942	0
3095	158	0
3095	221	1
3095	295	1
3095	502	1
3095	850	0
3095	1007	1
3095	1340	0
3095	1746	0
3095	2582	0
3095	2828	1
3096	86	0
3096	148	0
3096	514	1
3096	605	1
3096	935	1
3096	1213	0
3096	1232	0
3096	1429	1
3096	3216	0
3096	3220	1
3097	46	1
3097	221	0
3097	279	0
3097	872	1
3097	900	0
3097	1386	1
3097	1394	0
3097	2137	0
3097	2618	1
3097	3049	1
3098	648	1
3098	673	1
3098	796	1
3098	953	1
3098	1037	0
3098	1420	0
3098	2037	0
3098	2073	0
3098	2834	0
3098	2968	1
3099	92	1
3099	167	1
3099	994	0
3099	1211	0
3099	1591	1
3099	2157	1
3099	2330	0
3099	2557	0
3099	2959	0
3099	3156	1
3100	720	0
3100	985	1
3100	1026	0
3100	1731	1
3100	1858	1
3100	2030	0
3100	2315	0
3100	2362	0
3100	2672	1
3100	2848	1
3101	206	1
3101	661	0
3101	1036	1
3101	1044	0
3101	1301	1
3101	1730	0
3101	1737	0
3101	2307	1
3101	2627	1
3101	2775	0
3102	104	1
3102	336	0
3102	560	1
3102	617	1
3102	707	1
3102	1267	0
3102	1856	0
3102	2136	0
3102	2557	0
3102	2661	1
3103	110	1
3103	167	1
3103	297	1
3103	360	0
3103	617	0
3103	684	0
3103	799	0
3103	1668	0
3103	2285	1
3103	2717	1
3104	239	1
3104	796	1
3104	854	0
3104	895	0
3104	927	0
3104	1247	1
3104	1474	1
3104	1764	0
3104	2284	0
3104	2556	1
3105	148	0
3105	319	0
3105	490	1
3105	498	0
3105	507	1
3105	550	1
3105	1877	0
3105	2366	0
3105	2385	1
3105	2531	1
3106	86	0
3106	244	1
3106	1193	1
3106	1592	0
3106	1844	1
3106	2036	0
3106	2427	1
3106	2523	0
3106	2684	1
3106	2960	0
3107	543	1
3107	796	1
3107	938	1
3107	1137	0
3107	1340	0
3107	1527	0
3107	2118	1
3107	2419	0
3107	2466	1
3107	3107	0
3108	162	1
3108	360	0
3108	546	0
3108	1307	1
3108	2254	1
3108	2419	1
3108	2517	1
3108	2668	0
3108	2734	0
3108	3219	0
3109	52	0
3109	173	1
3109	299	1
3109	369	0
3109	585	1
3109	1066	1
3109	1271	0
3109	1418	1
3109	1808	0
3109	2277	0
3110	389	1
3110	567	1
3110	1151	0
3110	1304	1
3110	1680	1
3110	1702	0
3110	1820	0
3110	2301	1
3110	2836	0
3110	2972	0
3111	592	1
3111	617	1
3111	1630	0
3111	1818	0
3111	2132	0
3111	2583	0
3111	2690	1
3111	2818	1
3111	2835	0
3111	3253	1
3112	27	0
3112	208	1
3112	701	0
3112	1560	0
3112	1700	0
3112	2117	1
3112	2438	1
3112	2455	1
3112	2468	1
3112	2783	0
3113	391	1
3113	505	0
3113	616	1
3113	1584	0
3113	1921	1
3113	2224	0
3113	2463	1
3113	2496	0
3113	3108	1
3113	3196	0
3114	131	0
3114	137	1
3114	1088	1
3114	1264	1
3114	1709	0
3114	1797	0
3114	1929	1
3114	2373	1
3114	2956	0
3114	3095	0
3115	257	0
3115	274	0
3115	447	1
3115	649	0
3115	831	1
3115	1020	0
3115	1921	0
3115	2201	1
3115	2268	1
3115	2686	1
3116	6	1
3116	336	0
3116	797	1
3116	1250	1
3116	1342	0
3116	1440	0
3116	1751	0
3116	2113	0
3116	2951	1
3116	3139	1
3117	845	0
3117	1083	1
3117	1095	1
3117	1724	0
3117	2164	0
3117	2753	0
3117	2893	1
3117	3007	1
3117	3050	0
3117	3220	1
3118	208	1
3118	325	0
3118	410	0
3118	1066	1
3118	1160	0
3118	1631	0
3118	2136	1
3118	2157	1
3118	2495	1
3118	2652	0
3119	459	0
3119	615	0
3119	1363	0
3119	1844	1
3119	2151	1
3119	2413	1
3119	2455	0
3119	2585	0
3119	2968	1
3119	3043	1
3120	33	0
3120	420	1
3120	516	0
3120	750	1
3120	764	0
3120	1466	1
3120	1474	1
3120	1744	0
3120	2037	0
3120	3020	1
3121	472	0
3121	550	1
3121	938	1
3121	1546	1
3121	1724	0
3121	2863	1
3121	3020	0
3121	3026	1
3121	3078	0
3121	3216	0
3122	171	0
3122	206	0
3122	350	1
3122	434	0
3122	661	1
3122	900	1
3122	1605	0
3122	2230	0
3122	2555	1
3122	3066	1
3123	139	0
3123	273	0
3123	843	0
3123	1024	1
3123	1640	1
3123	1745	1
3123	1970	0
3123	2230	1
3123	2437	1
3123	2968	0
3124	98	1
3124	213	0
3124	745	0
3124	1404	1
3124	1527	0
3124	1567	1
3124	1975	0
3124	2217	0
3124	2564	1
3124	3183	1
3125	440	1
3125	487	0
3125	994	1
3125	1340	1
3125	1592	0
3125	1834	1
3125	2159	0
3125	2722	0
3125	2944	0
3125	3213	1
3126	162	1
3126	257	0
3126	938	1
3126	1436	0
3126	1555	0
3126	1565	1
3126	1783	1
3126	2416	1
3126	2574	0
3126	3173	0
3127	252	1
3127	292	1
3127	847	0
3127	1565	0
3127	2179	1
3127	2216	1
3127	2296	0
3127	2593	1
3127	2861	0
3127	2919	0
3128	167	0
3128	648	1
3128	1193	1
3128	1304	0
3128	2109	1
3128	2164	0
3128	2285	1
3128	2418	1
3128	2618	0
3128	3010	0
3129	478	1
3129	597	0
3129	1106	1
3129	1203	0
3129	1512	1
3129	2222	0
3129	2281	1
3129	2942	1
3129	2979	0
3129	3107	0
3130	252	0
3130	316	0
3130	1222	1
3130	1226	1
3130	1592	0
3130	1860	1
3130	2270	1
3130	2503	1
3130	2566	0
3130	2644	0
3131	209	0
3131	415	0
3131	938	1
3131	1160	0
3131	2541	0
3131	2686	1
3131	2828	1
3131	2877	0
3131	3078	1
3131	3196	1
3132	80	0
3132	450	1
3132	586	1
3132	649	1
3132	749	0
3132	1078	0
3132	2247	0
3132	2593	1
3132	3088	1
3132	3152	0
3133	536	0
3133	896	0
3133	1655	1
3133	1685	1
3133	2271	0
3133	2529	0
3133	2585	1
3133	2619	1
3133	2925	0
3133	3216	1
3134	515	0
3134	560	0
3134	656	1
3134	796	1
3134	1083	1
3134	1214	1
3134	1485	0
3134	1989	0
3134	2592	0
3134	3196	1
3135	33	1
3135	643	0
3135	758	0
3135	938	1
3135	1118	1
3135	1224	0
3135	1506	0
3135	1615	0
3135	2268	1
3135	3026	1
3136	289	0
3136	344	1
3136	984	0
3136	1104	0
3136	1187	0
3136	1358	1
3136	1790	0
3136	2418	1
3136	2425	1
3136	2468	1
3137	43	0
3137	197	0
3137	856	1
3137	1304	1
3137	2312	1
3137	2343	0
3137	2547	0
3137	2760	1
3137	3067	0
3137	3095	1
3138	43	0
3138	890	1
3138	1408	0
3138	1520	1
3138	1555	0
3138	2106	1
3138	2482	1
3138	2627	0
3138	2753	1
3138	3102	0
3139	1088	0
3139	1220	0
3139	1284	0
3139	1636	1
3139	1757	1
3139	2160	0
3139	2651	1
3139	2837	1
3139	2863	0
3139	3075	1
3140	140	0
3140	552	0
3140	1512	0
3140	1552	1
3140	2418	1
3140	2539	0
3140	2595	1
3140	2822	1
3140	3075	1
3140	3110	0
3141	101	0
3141	401	1
3141	434	0
3141	1160	1
3141	1730	1
3141	1737	1
3141	2277	0
3141	2442	0
3141	2653	0
3141	3203	1
3142	24	1
3142	204	1
3142	1332	0
3142	1398	0
3142	1481	1
3142	2161	0
3142	2529	0
3142	2736	1
3142	2768	0
3142	3110	1
3143	21	0
3143	169	0
3143	204	1
3143	534	1
3143	592	1
3143	1615	0
3143	1968	0
3143	2187	1
3143	2644	0
3143	2671	1
3144	106	0
3144	204	1
3144	1340	0
3144	2230	0
3144	2312	0
3144	2753	1
3144	2906	1
3144	2925	0
3144	3017	1
3144	3075	1
3145	49	1
3145	1452	0
3145	1746	0
3145	2243	0
3145	2343	0
3145	2357	1
3145	2789	0
3145	2837	1
3145	3064	1
3145	3086	1
3146	203	0
3146	278	0
3146	291	0
3146	1026	1
3146	1636	1
3146	1989	0
3146	2544	1
3146	2778	1
3146	3048	0
3146	3099	1
3147	517	1
3147	1067	0
3147	1156	1
3147	1410	0
3147	2307	0
3147	2320	0
3147	2361	1
3147	2418	1
3147	2661	1
3147	2787	0
3148	255	1
3148	296	0
3148	975	0
3148	1051	1
3148	1172	0
3148	1555	1
3148	2505	1
3148	2745	1
3148	2834	0
3148	2940	0
3149	493	0
3149	612	1
3149	850	0
3149	892	0
3149	998	0
3149	1474	1
3149	1816	1
3149	1892	1
3149	1972	1
3149	2618	0
3150	81	0
3150	148	1
3150	596	0
3150	760	0
3150	1617	0
3150	1711	1
3150	1754	0
3150	2104	1
3150	2831	1
3150	2877	1
3151	336	0
3151	403	0
3151	1306	0
3151	1783	0
3151	1786	1
3151	2125	1
3151	2309	0
3151	2672	1
3151	2752	1
3151	2938	1
3152	720	1
3152	930	1
3152	1523	0
3152	1794	0
3152	1843	0
3152	1969	1
3152	2133	1
3152	2461	0
3152	2747	1
3152	3236	0
3153	493	0
3153	554	1
3153	697	0
3153	1118	1
3153	1137	1
3153	1606	0
3153	2529	1
3153	2556	1
3153	2619	0
3153	2972	0
3154	220	0
3154	257	1
3154	1332	0
3154	1856	1
3154	2251	0
3154	2585	1
3154	2661	0
3154	2753	1
3154	2789	1
3154	2827	0
3155	608	1
3155	617	1
3155	961	0
3155	1201	0
3155	1281	0
3155	1284	1
3155	1358	0
3155	2505	0
3155	2848	1
3155	3127	1
3156	1724	0
3156	1753	1
3156	1989	1
3156	2277	1
3156	2752	1
3156	2890	1
3156	2965	0
3156	2992	0
3156	3049	0
3156	3212	0
3157	220	0
3157	1201	0
3157	1218	0
3157	1747	0
3157	1888	1
3157	2315	1
3157	2406	1
3157	2990	1
3157	3066	1
3157	3174	0
3158	336	1
3158	537	0
3158	687	1
3158	866	0
3158	1138	1
3158	1475	0
3158	1975	1
3158	2753	0
3158	3077	0
3158	3172	1
3159	405	1
3159	440	1
3159	497	0
3159	845	1
3159	1137	1
3159	1892	0
3159	2008	1
3159	2513	0
3159	2716	0
3159	3078	0
3160	490	0
3160	900	0
3160	1255	0
3160	1297	1
3160	2241	1
3160	2619	1
3160	2670	0
3160	2960	1
3160	3131	0
3160	3156	1
3161	455	0
3161	793	1
3161	1375	0
3161	1525	1
3161	1797	1
3161	1972	0
3161	3017	1
3161	3039	0
3161	3050	1
3161	3156	0
3162	65	1
3162	1043	0
3162	1394	0
3162	1565	0
3162	2221	1
3162	2277	1
3162	2312	0
3162	2640	1
3162	2967	0
3162	3075	1
3163	299	1
3163	1221	1
3163	1283	0
3163	1709	1
3163	1803	0
3163	2028	0
3163	2299	1
3163	2486	0
3163	2596	0
3163	2619	1
3164	350	0
3164	1009	1
3164	1264	1
3164	2278	1
3164	2513	0
3164	2583	1
3164	2670	1
3164	2701	0
3164	2971	0
3164	3129	0
3165	92	0
3165	206	1
3165	344	1
3165	531	0
3165	566	0
3165	908	1
3165	938	1
3165	1416	0
3165	1910	0
3165	2681	1
3166	88	0
3166	111	1
3166	520	1
3166	1042	1
3166	1146	1
3166	1454	0
3166	2599	0
3166	2661	0
3166	2903	1
3166	2978	0
3167	796	0
3167	903	0
3167	1106	0
3167	1649	1
3167	2019	0
3167	2020	1
3167	2281	1
3167	2551	1
3167	2641	0
3167	3020	1
3168	206	0
3168	336	1
3168	1047	0
3168	1146	1
3168	1446	1
3168	2024	0
3168	2373	0
3168	2375	1
3168	2427	1
3168	2437	0
3169	221	1
3169	1156	0
3169	1301	0
3169	1856	1
3169	1892	1
3169	2284	0
3169	2427	0
3169	2606	0
3169	3020	1
3169	3184	1
3170	239	1
3170	554	0
3170	1280	1
3170	1968	0
3170	2018	0
3170	2049	0
3170	2118	1
3170	2132	0
3170	2640	1
3170	2877	1
3171	167	0
3171	926	1
3171	970	1
3171	1655	0
3171	1752	1
3171	2728	0
3171	3044	1
3171	3082	0
3171	3139	0
3171	3149	1
3172	336	0
3172	384	0
3172	497	1
3172	1241	1
3172	1295	0
3172	1949	1
3172	2320	1
3172	2418	1
3172	2708	0
3172	3205	0
3173	279	0
3173	344	1
3173	637	0
3173	848	1
3173	1217	0
3173	1834	1
3173	2585	0
3173	2941	1
3173	2978	1
3173	3196	0
3174	33	1
3174	148	0
3174	866	0
3174	1570	1
3174	2277	1
3174	2421	1
3174	2690	0
3174	2731	0
3174	3056	1
3174	3107	0
3175	81	0
3175	479	1
3175	1427	0
3175	1552	1
3175	1860	1
3175	1985	0
3175	2075	0
3175	2118	1
3175	2980	0
3175	3086	1
3176	319	0
3176	1011	0
3176	1207	0
3176	1239	0
3176	1267	1
3176	1304	1
3176	1922	1
3176	2466	1
3176	2753	1
3176	3126	0
3177	153	1
3177	238	0
3177	361	1
3177	554	1
3177	665	1
3177	694	1
3177	1008	0
3177	1907	0
3177	2704	0
3177	3010	0
3178	6	0
3178	88	1
3178	204	1
3178	457	1
3178	568	0
3178	791	0
3178	1005	0
3178	1418	0
3178	2374	1
3178	2562	1
3179	518	0
3179	845	1
3179	1067	0
3179	1117	0
3179	1880	0
3179	2418	1
3179	2561	1
3179	2863	1
3179	3044	0
3179	3156	1
3180	221	1
3180	449	0
3180	1046	1
3180	1347	1
3180	1673	0
3180	1898	0
3180	2484	1
3180	2511	0
3180	2651	1
3180	3191	0
3181	102	0
3181	387	0
3181	733	1
3181	796	1
3181	1229	1
3181	1439	1
3181	1566	0
3181	2063	0
3181	2502	0
3181	2604	1
3182	344	1
3182	360	0
3182	368	0
3182	653	1
3182	1476	1
3182	1856	0
3182	2731	1
3182	2827	0
3182	3066	1
3182	3254	0
3183	167	1
3183	212	0
3183	367	0
3183	984	1
3183	1803	1
3183	1929	1
3183	1956	0
3183	2515	0
3183	2741	0
3183	2875	1
3184	479	1
3184	664	1
3184	1146	1
3184	1201	0
3184	1527	0
3184	1787	0
3184	1972	1
3184	2319	1
3184	2362	0
3184	2591	0
3185	52	0
3185	678	0
3185	720	1
3185	901	1
3185	1591	1
3185	1734	0
3185	1917	0
3185	2023	1
3185	3026	1
3185	3077	0
3186	218	0
3186	336	1
3186	1211	0
3186	1250	1
3186	1636	1
3186	2425	0
3186	2858	1
3186	2875	0
3186	3026	0
3186	3086	1
3187	108	1
3187	1117	1
3187	1820	0
3187	2083	0
3187	2141	1
3187	2350	0
3187	2548	0
3187	2708	1
3187	2793	0
3187	3017	1
3188	366	0
3188	440	0
3188	1066	1
3188	1284	1
3188	1388	0
3188	1922	0
3188	2023	0
3188	2752	1
3188	3005	1
3188	3066	1
3189	252	0
3189	796	1
3189	850	0
3189	1047	1
3189	1943	0
3189	2517	1
3189	2744	1
3189	2747	1
3189	2831	0
3189	3220	0
3190	506	1
3190	577	0
3190	741	1
3190	800	0
3190	1046	1
3190	1776	1
3190	2298	0
3190	2419	1
3190	2478	0
3190	2688	0
3191	209	0
3191	1190	0
3191	1359	1
3191	1362	1
3191	1741	0
3191	1850	0
3191	1972	1
3191	2109	1
3191	2501	1
3191	2635	0
3192	255	1
3192	635	0
3192	1172	1
3192	1390	0
3192	1527	1
3192	1605	0
3192	2056	0
3192	2501	0
3192	2557	1
3192	3221	1
3193	125	1
3193	477	0
3193	732	1
3193	913	0
3193	1242	1
3193	1590	0
3193	1711	0
3193	1972	1
3193	2987	0
3193	3187	1
3194	449	0
3194	765	1
3194	1066	0
3194	1577	0
3194	1614	1
3194	1787	1
3194	1972	0
3194	2694	0
3194	2984	1
3194	3039	1
3195	901	1
3195	1032	0
3195	1358	1
3195	1552	1
3195	2084	0
3195	2157	1
3195	2524	0
3195	2954	1
3195	3140	0
3195	3184	0
3196	368	0
3196	918	1
3196	1552	1
3196	1877	0
3196	1896	0
3196	2157	1
3196	2351	1
3196	2485	0
3196	2824	0
3196	3178	1
3197	254	0
3197	650	0
3197	771	0
3197	804	1
3197	1303	0
3197	1420	1
3197	1972	1
3197	2278	1
3197	2466	1
3197	2631	0
3198	324	1
3198	465	0
3198	760	0
3198	1476	1
3198	1734	0
3198	2036	0
3198	2221	0
3198	2672	1
3198	2857	1
3198	3159	1
3199	52	1
3199	208	1
3199	440	1
3199	1670	0
3199	1839	0
3199	2105	0
3199	2401	0
3199	2794	0
3199	2878	1
3199	3028	1
3200	242	1
3200	295	0
3200	440	0
3200	758	1
3200	1972	1
3200	2118	0
3200	2496	0
3200	2706	1
3200	2854	1
3200	3078	0
3201	517	1
3201	541	1
3201	673	0
3201	694	0
3201	701	1
3201	1301	0
3201	1956	1
3201	1972	0
3201	2812	0
3201	3021	1
3202	14	1
3202	99	0
3202	403	0
3202	1269	1
3202	1566	0
3202	1702	1
3202	2061	0
3202	2340	1
3202	2787	1
3202	3095	0
3203	257	1
3203	434	1
3203	831	1
3203	1172	0
3203	1737	0
3203	2222	1
3203	2384	0
3203	2466	1
3203	2690	0
3203	2764	0
3204	196	1
3204	851	0
3204	900	1
3204	1346	1
3204	1714	0
3204	1958	0
3204	2449	0
3204	2652	1
3204	2860	1
3204	3174	0
3205	54	1
3205	207	0
3205	361	0
3205	762	1
3205	764	0
3205	1303	1
3205	1313	0
3205	1746	1
3205	2661	1
3205	2689	0
3206	254	1
3206	477	1
3206	975	0
3206	998	0
3206	1062	0
3206	1175	0
3206	1476	1
3206	2814	1
3206	3000	1
3206	3095	0
3207	167	0
3207	344	1
3207	497	0
3207	579	1
3207	1269	1
3207	1370	0
3207	1394	0
3207	1615	0
3207	2995	1
3207	3111	1
3208	101	0
3208	217	0
3208	608	0
3208	939	0
3208	1412	0
3208	1570	1
3208	2088	1
3208	2418	1
3208	2587	1
3208	3189	1
3209	85	0
3209	518	0
3209	555	1
3209	626	0
3209	664	1
3209	1346	0
3209	1454	0
3209	1565	1
3209	1746	1
3209	1937	1
3210	385	0
3210	910	1
3210	1366	0
3210	1419	0
3210	1474	0
3210	1618	1
3210	2760	1
3210	3020	1
3210	3023	1
3210	3124	0
3211	164	1
3211	654	0
3211	665	1
3211	793	1
3211	881	0
3211	2361	1
3211	2863	1
3211	2990	0
3211	3138	0
3211	3195	0
3212	237	1
3212	339	0
3212	706	0
3212	848	0
3212	1614	0
3212	1907	1
3212	2557	1
3212	2582	0
3212	2984	1
3212	3087	1
3213	503	0
3213	586	0
3213	649	1
3213	664	1
3213	867	1
3213	1526	0
3213	2046	0
3213	2734	1
3213	2932	0
3213	3216	1
3214	294	1
3214	389	1
3214	428	0
3214	1834	0
3214	2109	1
3214	2178	1
3214	2496	1
3214	2539	0
3214	3010	0
3214	3091	0
3215	88	1
3215	787	0
3215	1067	0
3215	2008	1
3215	2011	0
3215	2400	0
3215	2790	0
3215	2828	1
3215	3058	1
3215	3115	1
3216	1255	1
3216	1888	0
3216	1955	1
3216	2271	1
3216	2421	1
3216	2741	0
3216	2916	1
3216	2928	0
3216	2938	0
3216	3149	0
3217	224	1
3217	299	1
3217	786	0
3217	1550	0
3217	1877	0
3217	2342	1
3217	2427	1
3217	2744	0
3217	2863	1
3217	2978	0
3218	319	0
3218	731	0
3218	975	0
3218	1046	1
3218	1512	0
3218	1729	0
3218	2235	1
3218	2322	1
3218	2418	1
3218	2788	1
3219	315	0
3219	368	0
3219	646	0
3219	1481	1
3219	1636	1
3219	1820	0
3219	2157	1
3219	2361	1
3219	2891	0
3219	3213	1
3220	417	1
3220	738	0
3220	1118	0
3220	1137	0
3220	1291	1
3220	1563	1
3220	1747	0
3220	2015	1
3220	2318	1
3220	2753	0
3221	429	1
3221	601	1
3221	1084	1
3221	1458	0
3221	1466	0
3221	1572	0
3221	1599	1
3221	1770	1
3221	1776	0
3221	2709	0
3222	39	0
3222	205	0
3222	237	0
3222	299	1
3222	653	1
3222	744	0
3222	1214	1
3222	1314	1
3222	1410	0
3222	2209	1
3223	108	0
3223	411	0
3223	479	1
3223	1591	1
3223	1929	1
3223	2024	0
3223	2064	1
3223	2640	1
3223	2670	0
3223	2828	0
3224	131	0
3224	387	1
3224	958	0
3224	1080	1
3224	1696	1
3224	1838	0
3224	2557	1
3224	2672	0
3224	2684	1
3224	2934	0
3225	282	1
3225	601	1
3225	656	0
3225	1652	1
3225	1777	1
3225	2072	0
3225	2436	0
3225	2463	0
3225	3023	1
3225	3051	0
3226	615	0
3226	716	1
3226	732	0
3226	1117	0
3226	2019	0
3226	2277	1
3226	2278	1
3226	2827	0
3226	2848	1
3226	2938	1
3227	1198	0
3227	1346	1
3227	1439	0
3227	1552	1
3227	1615	0
3227	1803	1
3227	1894	0
3227	2375	1
3227	2619	1
3227	2680	0
3228	157	0
3228	187	0
3228	250	0
3228	390	1
3228	1728	0
3228	2020	1
3228	2134	1
3228	2151	1
3228	2442	0
3228	2814	1
3229	244	1
3229	985	0
3229	1036	0
3229	1441	1
3229	1447	0
3229	1730	0
3229	2217	1
3229	2460	1
3229	2770	1
3229	3152	0
3230	429	0
3230	967	1
3230	1148	0
3230	1591	1
3230	1743	0
3230	1892	1
3230	1991	0
3230	2591	1
3230	2951	0
3230	3241	1
3231	295	1
3231	344	1
3231	440	0
3231	777	0
3231	1892	0
3231	2046	1
3231	2418	1
3231	2466	0
3231	3038	0
3231	3138	1
3232	162	1
3232	403	1
3232	1193	0
3232	1340	0
3232	1552	1
3232	2454	1
3232	2466	0
3232	2486	0
3232	2496	0
3232	2818	1
3233	222	1
3233	294	1
3233	424	0
3233	836	1
3233	1107	1
3233	1146	0
3233	1181	0
3233	1697	0
3233	2091	0
3233	3056	1
3234	88	1
3234	366	0
3234	517	1
3234	986	0
3234	1066	1
3234	1566	0
3234	2023	1
3234	2332	0
3234	2877	1
3234	3180	0
3235	167	0
3235	213	0
3235	299	1
3235	453	1
3235	457	1
3235	463	1
3235	716	1
3235	1370	0
3235	2753	0
3235	2788	0
3236	148	0
3236	174	1
3236	1118	1
3236	1271	1
3236	1380	1
3236	1848	0
3236	2385	1
3236	2529	0
3236	2661	0
3236	2828	0
3237	279	0
3237	490	1
3237	1047	0
3237	1307	0
3237	1412	0
3237	1525	1
3237	2539	1
3237	2566	0
3237	2595	1
3237	3039	1
3238	503	0
3238	939	1
3238	1160	0
3238	1474	0
3238	1872	0
3238	2084	1
3238	2686	1
3238	2965	0
3238	3066	1
3238	3172	1
3239	239	0
3239	648	1
3239	968	1
3239	1283	0
3239	1540	0
3239	2151	1
3239	2950	0
3239	2960	1
3239	2965	0
3239	3181	1
3240	111	1
3240	181	0
3240	403	0
3240	620	0
3240	885	1
3240	1746	1
3240	1924	0
3240	2023	0
3240	2551	1
3240	3075	1
3241	5	1
3241	12	1
3241	92	0
3241	224	0
3241	555	1
3241	1123	0
3241	1890	0
3241	2477	0
3241	2809	1
3241	3238	1
3242	454	1
3242	723	0
3242	932	0
3242	1156	1
3242	2256	0
3242	2277	1
3242	2288	0
3242	2477	1
3242	2611	1
3242	2735	0
3243	490	1
3243	913	0
3243	930	0
3243	1481	1
3243	1543	0
3243	1591	1
3243	1711	1
3243	2160	0
3243	2724	1
3243	2927	0
3244	344	1
3244	428	0
3244	546	1
3244	613	0
3244	1682	1
3244	1834	0
3244	2134	1
3244	2686	1
3244	2875	0
3244	3010	0
3245	548	0
3245	1103	0
3245	1437	1
3245	1640	1
3245	2178	1
3245	2251	0
3245	2375	0
3245	2960	1
3245	3036	1
3245	3151	0
3246	592	1
3246	1226	1
3246	1566	0
3246	1604	1
3246	1731	0
3246	1774	0
3246	2760	1
3246	2775	0
3246	2836	0
3246	2877	1
3247	216	1
3247	643	0
3247	823	1
3247	998	0
3247	1806	0
3247	2049	1
3247	2413	1
3247	3045	0
3247	3052	1
3247	3081	0
3248	52	0
3248	239	0
3248	250	0
3248	293	0
3248	1429	1
3248	1927	1
3248	2137	1
3248	2706	1
3248	3076	1
3248	3102	0
3249	106	0
3249	225	1
3249	411	0
3249	1284	1
3249	1468	1
3249	1856	0
3249	2097	1
3249	2582	0
3249	2875	1
3249	3084	0
3250	66	0
3250	106	1
3250	169	1
3250	597	1
3250	842	0
3250	1420	1
3250	1543	0
3250	2327	0
3250	2513	0
3250	2643	1
3251	56	1
3251	662	1
3251	994	0
3251	1218	1
3251	1444	0
3251	2008	1
3251	2065	0
3251	2640	0
3251	3055	0
3251	3194	1
3252	303	1
3252	1697	0
3252	1858	0
3252	1937	0
3252	2086	1
3252	2153	0
3252	2282	1
3252	2343	1
3252	2419	0
3252	2920	1
3253	360	1
3253	1110	0
3253	1207	1
3253	1834	0
3253	1913	1
3253	2066	0
3253	2088	0
3253	2221	1
3253	2663	0
3253	2863	1
3254	193	0
3254	507	0
3254	813	1
3254	839	1
3254	960	1
3254	2419	0
3254	2424	0
3254	2572	1
3254	2846	0
3254	3079	1
3255	433	1
3255	617	0
3255	648	0
3255	823	1
3255	917	1
3255	1514	1
3255	2030	0
3255	2459	1
3255	2661	0
3255	2680	0
3256	220	1
3256	221	1
3256	324	0
3256	1702	0
3256	1790	0
3256	2018	0
3256	2221	1
3256	2809	1
3256	2921	0
3256	3223	1
3257	62	1
3257	563	0
3257	924	0
3257	970	1
3257	1267	1
3257	1595	0
3257	2020	1
3257	2453	1
3257	3136	0
3257	3184	0
3258	382	0
3258	713	1
3258	994	0
3258	1075	1
3258	1454	1
3258	1648	0
3258	1663	1
3258	1794	0
3258	2496	0
3258	3111	1
3259	31	0
3259	207	1
3259	299	1
3259	1194	1
3259	1794	0
3259	1849	0
3259	2118	1
3259	2651	1
3259	2886	0
3259	2943	0
3260	25	0
3260	387	1
3260	1064	0
3260	1420	0
3260	1446	1
3260	1601	1
3260	2097	0
3260	2118	1
3260	2437	0
3260	3049	1
3261	472	1
3261	824	1
3261	1063	0
3261	1217	0
3261	1297	0
3261	2598	0
3261	2672	0
3261	2770	1
3261	3131	1
3261	3154	1
3262	80	1
3262	338	1
3262	1370	1
3262	1730	0
3262	2095	0
3262	2421	1
3262	2595	0
3262	2626	0
3262	2706	1
3262	2794	0
3263	42	0
3263	460	1
3263	533	0
3263	566	0
3263	890	1
3263	1960	1
3263	2188	1
3263	2268	1
3263	2431	0
3263	3065	0
3264	290	1
3264	411	0
3264	507	1
3264	1388	1
3264	1772	0
3264	1779	0
3264	2016	0
3264	3049	1
3264	3138	0
3264	3213	1
3265	337	1
3265	1004	0
3265	1260	0
3265	1404	1
3265	1441	0
3265	2108	1
3265	2503	0
3265	2747	1
3265	2752	0
3265	3057	1
3266	276	0
3266	340	1
3266	434	0
3266	881	1
3266	1036	0
3266	1232	0
3266	1241	1
3266	1481	0
3266	1856	1
3266	3138	1
3267	212	1
3267	901	0
3267	1207	1
3267	1373	0
3267	1446	0
3267	2023	1
3267	2109	1
3267	2425	1
3267	2513	0
3267	3131	0
3268	35	1
3268	102	0
3268	183	1
3268	206	0
3268	237	1
3268	294	0
3268	552	1
3268	874	1
3268	1752	0
3268	1760	0
3269	207	0
3269	1006	1
3269	1239	1
3269	1714	0
3269	1820	0
3269	1892	1
3269	1972	1
3269	2271	0
3269	2418	1
3269	2753	0
3270	174	1
3270	506	0
3270	1363	1
3270	1439	0
3270	1544	0
3270	1556	0
3270	1566	0
3270	2337	1
3270	3005	1
3270	3196	1
3271	845	1
3271	906	1
3271	1414	0
3271	1591	1
3271	1834	1
3271	2151	1
3271	2161	0
3271	2316	0
3271	3038	0
3271	3095	0
3272	167	1
3272	449	0
3272	579	1
3272	626	0
3272	938	1
3272	1088	1
3272	1590	0
3272	1888	0
3272	2111	0
3272	2728	1
3273	855	0
3273	975	0
3273	1233	0
3273	1592	0
3273	1774	1
3273	2634	0
3273	2818	1
3273	2863	1
3273	2960	1
3273	3163	1
3274	570	0
3274	817	1
3274	1334	0
3274	1476	1
3274	1652	1
3274	1866	0
3274	2463	1
3274	2625	0
3274	3055	0
3274	3058	1
3275	52	1
3275	108	1
3275	274	1
3275	615	1
3275	932	0
3275	1752	0
3275	2164	0
3275	2708	1
3275	2721	0
3275	2801	0
3276	647	0
3276	902	1
3276	954	0
3276	1118	0
3276	1636	1
3276	1660	0
3276	1790	1
3276	1820	0
3276	1872	1
3276	2920	1
3277	604	1
3277	818	0
3277	1027	0
3277	1240	0
3277	1324	1
3277	1552	1
3277	1790	0
3277	3017	1
3277	3236	1
3277	3253	0
3278	733	1
3278	1313	1
3278	1701	0
3278	2172	1
3278	2367	0
3278	2370	0
3278	2374	1
3278	2453	1
3278	2708	0
3278	2995	0
3279	164	0
3279	499	0
3279	546	1
3279	1640	1
3279	1775	1
3279	2153	1
3279	2337	0
3279	2467	0
3279	2892	0
3279	3181	1
3280	371	0
3280	679	0
3280	1067	0
3280	1103	1
3280	1193	1
3280	1210	1
3280	2685	0
3280	2770	1
3280	3143	0
3280	3196	1
3281	208	1
3281	1514	1
3281	1523	1
3281	2459	0
3281	2501	0
3281	2548	1
3281	2646	0
3281	2981	0
3281	3139	0
3281	3187	1
3282	206	1
3282	1731	1
3282	2019	0
3282	2025	1
3282	2213	0
3282	2340	0
3282	2447	1
3282	2459	0
3282	2829	0
3282	3220	1
3283	157	1
3283	268	0
3283	558	1
3283	1453	1
3283	1481	0
3283	1685	1
3283	2240	0
3283	2574	0
3283	2598	0
3283	3215	1
3284	257	1
3284	411	0
3284	720	0
3284	1276	1
3284	2118	1
3284	2591	0
3284	2638	0
3284	2789	1
3284	2862	0
3284	2863	1
3285	52	0
3285	97	1
3285	125	1
3285	319	0
3285	842	0
3285	1816	0
3285	1856	1
3285	2619	1
3285	2638	1
3285	2709	0
3286	140	1
3286	183	1
3286	892	1
3286	932	0
3286	1468	1
3286	2231	0
3286	2288	0
3286	2320	0
3286	2555	0
3286	2761	1
3287	360	0
3287	503	0
3287	1067	0
3287	1340	1
3287	1409	0
3287	1513	0
3287	1949	1
3287	1972	1
3287	2753	1
3287	3139	1
3288	935	0
3288	1207	1
3288	1418	1
3288	1570	0
3288	1834	1
3288	1860	1
3288	2049	0
3288	2337	0
3288	2503	0
3288	2583	1
3289	384	1
3289	648	1
3289	854	1
3289	871	0
3289	1796	0
3289	2361	0
3289	2401	0
3289	2418	1
3289	2858	0
3289	2863	1
3290	174	1
3290	257	0
3290	289	0
3290	550	1
3290	1106	0
3290	1834	1
3290	2374	0
3290	2513	0
3290	2619	1
3290	2834	1
3291	148	0
3291	490	1
3291	1266	0
3291	1717	1
3291	1730	0
3291	1806	0
3291	1972	1
3291	2467	1
3291	2634	1
3291	2712	0
3292	405	1
3292	1066	1
3292	1124	0
3292	1550	0
3292	1584	0
3292	1737	0
3292	1879	1
3292	2551	0
3292	2927	1
3292	3131	1
3293	135	0
3293	440	0
3293	592	1
3293	1117	0
3293	1137	1
3293	1204	1
3293	1417	0
3293	2510	1
3293	3014	1
3293	3213	0
3294	503	0
3294	938	1
3294	1081	0
3294	1117	1
3294	1284	1
3294	1468	1
3294	1745	0
3294	1952	1
3294	2335	0
3294	2708	0
3295	9	0
3295	24	1
3295	507	0
3295	720	0
3295	1125	1
3295	1866	1
3295	1955	0
3295	2354	0
3295	2459	1
3295	2818	1
3296	39	1
3296	126	1
3296	800	1
3296	1520	0
3296	1543	0
3296	1700	0
3296	1879	1
3296	1922	0
3296	2388	0
3296	2824	1
3297	390	1
3297	560	1
3297	1117	1
3297	1449	0
3297	2219	1
3297	2418	0
3297	2734	0
3297	2816	1
3297	3107	0
3297	3131	0
3298	174	1
3298	313	0
3298	478	1
3298	654	0
3298	1046	0
3298	1267	1
3298	1527	0
3298	2361	1
3298	2496	0
3298	2619	1
3299	24	1
3299	440	0
3299	518	1
3299	900	0
3299	929	0
3299	1052	1
3299	1063	0
3299	1340	0
3299	2877	1
3299	2937	1
3300	167	1
3300	412	1
3300	488	0
3300	1122	0
3300	1207	1
3300	1818	0
3300	2049	1
3300	2181	0
3300	2424	1
3300	2529	0
3301	206	0
3301	447	1
3301	507	1
3301	577	0
3301	994	0
3301	1241	0
3301	2318	1
3301	2690	1
3301	2789	0
3301	2818	1
3302	339	0
3302	716	1
3302	1313	1
3302	1314	1
3302	1746	0
3302	1747	1
3302	2354	1
3302	2708	0
3302	2965	0
3302	3157	0
3303	4	0
3303	53	1
3303	550	1
3303	664	1
3303	944	0
3303	1012	1
3303	1275	1
3303	1418	0
3303	2988	0
3303	3218	0
3304	244	0
3304	296	0
3304	310	1
3304	648	1
3304	1242	1
3304	1525	0
3304	1648	1
3304	2015	1
3304	2412	0
3304	2691	0
3305	1	0
3305	69	0
3305	1000	0
3305	1333	1
3305	1361	0
3305	1484	0
3305	2099	1
3305	2327	1
3305	2910	1
3305	2984	1
3306	85	0
3306	224	1
3306	824	0
3306	968	1
3306	1523	0
3306	1596	1
3306	1745	1
3306	2011	0
3306	2529	0
3306	3139	1
3307	12	0
3307	165	1
3307	171	0
3307	1440	0
3307	2278	1
3307	2413	0
3307	2611	1
3307	2974	1
3307	2995	1
3307	3253	0
3308	429	1
3308	980	0
3308	1737	0
3308	1820	1
3308	1856	0
3308	2151	0
3308	2466	1
3308	3009	1
3308	3050	0
3308	3196	1
3309	34	0
3309	1093	0
3309	1105	1
3309	1565	1
3309	2133	0
3309	2240	0
3309	2367	1
3309	2897	1
3309	3007	1
3309	3223	0
3310	203	0
3310	624	1
3310	807	0
3310	904	1
3310	928	1
3310	1174	0
3310	1563	1
3310	1670	0
3310	2517	1
3310	3108	0
3311	164	0
3311	208	1
3311	454	0
3311	855	1
3311	994	0
3311	1026	0
3311	1078	1
3311	1717	1
3311	3066	1
3311	3130	0
3312	261	0
3312	985	1
3312	995	0
3312	1146	1
3312	1151	0
3312	1366	1
3312	1748	0
3312	2136	1
3312	2458	0
3312	2747	1
3313	237	0
3313	403	1
3313	908	1
3313	1013	1
3313	1439	0
3313	1652	0
3313	1840	1
3313	3039	1
3313	3138	0
3313	3184	0
3314	508	0
3314	654	1
3314	1017	1
3314	1067	0
3314	1348	1
3314	1614	0
3314	1770	1
3314	2435	1
3314	2878	0
3314	2910	0
3315	630	1
3315	938	0
3315	1160	1
3315	1936	1
3315	2337	1
3315	2354	0
3315	2424	0
3315	2730	0
3315	3093	1
3315	3108	0
3316	5	1
3316	213	0
3316	716	1
3316	765	1
3316	1267	0
3316	1700	1
3316	1832	1
3316	1944	0
3316	1984	0
3316	3010	0
3317	8	0
3317	503	1
3317	1036	1
3317	1232	0
3317	1242	0
3317	1615	1
3317	1717	1
3317	2118	1
3317	2669	0
3317	2978	0
3318	336	0
3318	1346	1
3318	1573	0
3318	2157	0
3318	2348	1
3318	2582	1
3318	2644	0
3318	2825	0
3318	2863	1
3318	3094	1
3319	585	0
3319	985	1
3319	1126	1
3319	1218	0
3319	1512	1
3319	1790	0
3319	1816	1
3319	2302	0
3319	2622	0
3319	3127	1
3320	65	0
3320	180	0
3320	867	0
3320	904	1
3320	1260	0
3320	1330	1
3320	2101	1
3320	2565	1
3320	2670	1
3320	3194	0
3321	0	1
3321	588	0
3321	718	0
3321	1837	0
3321	2036	0
3321	2320	1
3321	2400	0
3321	2528	1
3321	2583	1
3321	2661	1
3322	432	0
3322	527	1
3322	641	1
3322	1101	0
3322	1107	1
3322	1135	1
3322	1698	0
3322	1891	0
3322	2760	1
3322	2789	0
3323	497	1
3323	501	1
3323	647	0
3323	889	0
3323	1363	0
3323	1495	1
3323	1512	0
3323	1565	1
3323	1811	1
3323	1872	0
3324	546	1
3324	944	0
3324	1303	0
3324	1614	1
3324	1894	0
3324	1972	1
3324	2170	0
3324	2305	1
3324	2760	1
3324	3045	0
3325	181	1
3325	969	1
3325	1123	0
3325	1174	0
3325	1487	1
3325	1775	0
3325	1883	0
3325	2595	0
3325	2619	1
3325	3059	1
3326	35	0
3326	123	0
3326	626	1
3326	923	0
3326	1020	1
3326	1201	0
3326	1573	1
3326	1676	1
3326	2940	1
3326	3115	0
3327	815	1
3327	939	1
3327	1386	0
3327	1429	0
3327	1481	1
3327	1514	0
3327	2091	0
3327	2134	1
3327	2374	1
3327	2459	0
3328	65	0
3328	687	0
3328	1103	1
3328	1137	1
3328	2281	0
3328	2367	1
3328	2374	1
3328	2651	0
3328	2795	0
3328	3004	1
3329	531	0
3329	1332	0
3329	1449	0
3329	1566	1
3329	1972	1
3329	2361	1
3329	2496	0
3329	2787	1
3329	2828	0
3329	3139	1
3330	204	1
3330	477	0
3330	551	0
3330	908	0
3330	1834	1
3330	1835	1
3330	2164	1
3330	2361	0
3330	2418	1
3330	3107	0
3331	12	0
3331	69	0
3331	296	0
3331	502	1
3331	716	1
3331	1525	0
3331	1717	1
3331	1746	1
3331	2217	1
3331	2421	0
3332	88	0
3332	1469	0
3332	1605	1
3332	1636	0
3332	1969	1
3332	2453	1
3332	2519	0
3332	2661	0
3332	2752	1
3332	2995	1
3333	277	1
3333	340	0
3333	1006	1
3333	1377	1
3333	1783	0
3333	2541	0
3333	2650	0
3333	2761	0
3333	2816	1
3333	2858	1
3334	379	0
3334	694	1
3334	892	0
3334	910	1
3334	1053	0
3334	2164	0
3334	2271	1
3334	2587	1
3334	3020	1
3334	3102	0
3335	39	1
3335	527	1
3335	532	0
3335	1234	1
3335	1357	0
3335	1590	0
3335	2517	0
3335	2562	1
3335	2717	1
3335	2884	0
3336	644	1
3336	1213	1
3336	1222	0
3336	1636	1
3336	1917	0
3336	2277	0
3336	2425	1
3336	2672	0
3336	2912	0
3336	3213	1
3337	1306	1
3337	2106	0
3337	2451	0
3337	2583	0
3337	2704	0
3337	2752	1
3337	2938	1
3337	2988	1
3337	3017	1
3337	3195	0
3338	466	0
3338	1231	0
3338	1446	1
3338	2110	0
3338	2299	1
3338	2522	1
3338	2551	0
3338	2557	1
3338	2861	0
3338	3058	1
3339	9	1
3339	126	0
3339	506	1
3339	1146	0
3339	1305	1
3339	1892	0
3339	2458	1
3339	2941	0
3339	3017	0
3339	3225	1
3340	244	0
3340	344	1
3340	446	1
3340	460	1
3340	901	1
3340	2831	0
3340	2877	1
3340	2955	0
3340	3238	0
3340	3241	0
3341	250	0
3341	314	0
3341	546	1
3341	565	0
3341	1914	0
3341	2020	1
3341	2091	1
3341	2104	1
3341	2424	1
3341	2456	0
3342	481	0
3342	654	0
3342	1266	1
3342	1446	1
3342	1636	0
3342	1642	1
3342	2046	0
3342	2374	1
3342	2459	1
3342	3019	0
3343	14	1
3343	1221	0
3343	1474	1
3343	2170	1
3343	2273	1
3343	2513	0
3343	2619	1
3343	2747	0
3343	2937	0
3343	3094	0
3344	579	1
3344	791	0
3344	1410	0
3344	1727	1
3344	2137	0
3344	2858	1
3344	2987	0
3344	3123	0
3344	3176	1
3344	3195	1
3345	413	0
3345	804	1
3345	1192	0
3345	1388	0
3345	1523	1
3345	2355	0
3345	2542	1
3345	2607	0
3345	3154	1
3345	3159	1
3346	179	1
3346	206	0
3346	1269	0
3346	1823	1
3346	2073	1
3346	2106	1
3346	2253	0
3346	2631	0
3346	3007	1
3346	3094	0
3347	154	0
3347	181	1
3347	503	0
3347	968	0
3347	1088	0
3347	1584	1
3347	1632	1
3347	2030	1
3347	2992	1
3347	3056	0
3348	19	0
3348	390	0
3348	561	1
3348	797	1
3348	1002	1
3348	1176	1
3348	1246	0
3348	2136	0
3348	2672	1
3348	3149	0
3349	207	1
3349	309	0
3349	344	1
3349	908	1
3349	1377	0
3349	1781	0
3349	2207	1
3349	2540	0
3349	2752	0
3349	2816	1
3350	221	1
3350	527	1
3350	1605	0
3350	1727	1
3350	1752	0
3350	1827	1
3350	2134	0
3350	2157	0
3350	3044	1
3350	3137	0
3351	140	0
3351	564	1
3351	913	0
3351	1341	0
3351	1481	0
3351	1972	1
3351	2241	0
3351	2278	1
3351	2557	1
3351	3212	1
3352	748	1
3352	1344	0
3352	1429	0
3352	1835	0
3352	1854	1
3352	2289	1
3352	2474	0
3352	2549	0
3352	2860	1
3352	3238	1
3353	296	0
3353	932	1
3353	994	0
3353	1301	0
3353	2356	1
3353	2847	0
3353	2938	1
3353	2941	0
3353	2984	1
3353	3039	1
3354	22	1
3354	86	1
3354	106	0
3354	206	0
3354	525	1
3354	737	0
3354	850	1
3354	1026	0
3354	1563	1
3354	2267	0
3355	213	1
3355	566	1
3355	718	0
3355	944	0
3355	1305	1
3355	1555	0
3355	1646	0
3355	2504	1
3355	2855	1
3355	2934	0
3356	366	1
3356	586	0
3356	866	0
3356	1375	1
3356	1485	1
3356	1702	0
3356	2523	0
3356	2591	1
3356	2627	0
3356	2858	1
3357	135	0
3357	502	0
3357	550	1
3357	997	1
3357	1232	0
3357	1749	0
3357	2030	1
3357	2427	0
3357	2557	1
3357	3050	1
3358	86	1
3358	274	1
3358	502	1
3358	552	0
3358	744	0
3358	1722	1
3358	1964	1
3358	2513	0
3358	3095	0
3358	3107	0
3359	206	0
3359	310	1
3359	994	0
3359	1361	1
3359	1513	0
3359	1552	1
3359	1856	1
3359	2375	1
3359	2517	0
3359	3130	0
3360	580	1
3360	582	1
3360	1625	0
3360	1633	0
3360	1747	1
3360	2053	1
3360	2302	0
3360	2522	1
3360	2925	0
3360	3184	0
3361	84	0
3361	259	1
3361	441	0
3361	678	1
3361	800	1
3361	1031	0
3361	1512	1
3361	1914	0
3361	3011	1
3361	3150	0
3362	686	1
3362	691	1
3362	1050	1
3362	1138	1
3362	1592	0
3362	1749	1
3362	2596	0
3362	2847	0
3362	2960	0
3362	3254	0
3363	299	1
3363	731	0
3363	1552	1
3363	1746	1
3363	1883	0
3363	1892	1
3363	2760	0
3363	2932	0
3363	3178	0
3363	3227	1
3364	218	1
3364	290	0
3364	311	0
3364	487	1
3364	932	0
3364	938	1
3364	1227	1
3364	1477	0
3364	1714	0
3364	2299	1
3365	558	0
3365	930	0
3365	1218	0
3365	1358	1
3365	1675	0
3365	1803	1
3365	2293	0
3365	2316	1
3365	3087	1
3365	3129	1
3366	266	1
3366	490	1
3366	854	0
3366	1139	0
3366	1234	1
3366	1724	1
3366	1877	0
3366	2268	0
3366	3031	0
3366	3038	1
3367	45	0
3367	295	1
3367	493	1
3367	998	1
3367	1043	0
3367	1283	0
3367	1565	1
3367	1745	0
3367	2739	0
3367	2863	1
3368	403	1
3368	1512	0
3368	1746	1
3368	1979	1
3368	2318	0
3368	2356	0
3368	2418	1
3368	2480	0
3368	2519	0
3368	3160	1
3369	451	0
3369	533	0
3369	550	1
3369	938	1
3369	1636	1
3369	1937	0
3369	2731	1
3369	3020	0
3369	3086	0
3369	3181	1
3370	601	1
3370	784	1
3370	1241	0
3370	1879	1
3370	2120	1
3370	2267	0
3370	2314	0
3370	2468	0
3370	2579	1
3370	3170	0
3371	420	0
3371	783	0
3371	977	1
3371	1347	0
3371	1474	1
3371	1754	1
3371	1990	1
3371	2133	1
3371	2643	0
3371	2803	0
3372	110	0
3372	295	1
3372	411	0
3372	998	1
3372	1207	1
3372	1629	1
3372	1714	0
3372	2011	0
3372	2932	1
3372	3114	0
3373	428	0
3373	491	0
3373	578	1
3373	1366	1
3373	1485	1
3373	2548	0
3373	2671	0
3373	2747	1
3373	2787	0
3373	2951	1
3374	121	0
3374	592	1
3374	653	1
3374	784	1
3374	1730	0
3374	1802	0
3374	2063	1
3374	2557	1
3374	2794	0
3374	3253	0
3375	404	1
3375	429	1
3375	554	0
3375	610	0
3375	1029	1
3375	1856	0
3375	1899	1
3375	1900	0
3375	2661	0
3375	2863	1
3376	115	0
3376	257	1
3376	310	1
3376	446	0
3376	654	0
3376	998	1
3376	1475	1
3376	1570	1
3376	1615	0
3376	1964	0
3377	219	0
3377	299	1
3377	465	0
3377	1307	1
3377	1555	0
3377	1605	0
3377	1714	0
3377	2266	1
3377	2762	1
3377	2968	1
3378	743	1
3378	844	1
3378	895	0
3378	924	1
3378	1160	0
3378	1332	0
3378	2150	1
3378	2221	1
3378	2757	0
3378	2767	0
3379	110	1
3379	434	0
3379	856	0
3379	1605	1
3379	1802	0
3379	2460	0
3379	2595	1
3379	2661	1
3379	3066	1
3379	3220	0
3380	140	0
3380	455	0
3380	507	0
3380	686	1
3380	1314	1
3380	2095	1
3380	2370	0
3380	2953	1
3380	3076	0
3380	3178	1
3381	478	1
3381	550	1
3381	980	1
3381	1117	1
3381	1525	0
3381	1571	0
3381	1652	0
3381	2717	0
3381	2794	1
3381	2910	0
3382	156	1
3382	582	0
3382	733	1
3382	1171	0
3382	1531	1
3382	1751	1
3382	1761	1
3382	2353	0
3382	2829	0
3382	3242	0
3383	440	1
3383	1092	0
3383	1566	1
3383	1636	1
3383	2209	0
3383	2278	1
3383	2425	0
3383	2563	0
3383	2674	0
3383	3138	1
3384	1024	1
3384	1592	0
3384	1633	1
3384	1652	1
3384	1856	1
3384	2312	0
3384	2337	1
3384	2706	0
3384	2884	0
3384	3216	0
3385	174	1
3385	295	1
3385	954	0
3385	1213	0
3385	1891	1
3385	1969	1
3385	2023	0
3385	2413	0
3385	2583	0
3385	2828	1
3386	206	0
3386	344	0
3386	1686	0
3386	2284	1
3386	2582	1
3386	2835	0
3386	2932	1
3386	2960	1
3386	3042	1
3386	3143	0
3387	25	0
3387	833	1
3387	1055	0
3387	1088	1
3387	2157	1
3387	2209	0
3387	2425	0
3387	2941	1
3387	2984	0
3387	3086	1
3388	12	1
3388	39	0
3388	86	0
3388	297	0
3388	813	0
3388	904	1
3388	1006	1
3388	2305	0
3388	2348	1
3388	2860	1
3389	257	0
3389	758	0
3389	1047	0
3389	1808	0
3389	2278	0
3389	2299	1
3389	2305	1
3389	2348	1
3389	2463	1
3389	2595	1
3390	33	1
3390	555	1
3390	603	0
3390	1304	1
3390	1774	1
3390	1816	0
3390	1972	0
3390	2529	0
3390	3094	0
3390	3139	1
3391	364	0
3391	824	0
3391	1146	1
3391	1220	1
3391	1587	0
3391	2151	1
3391	2486	0
3391	2988	0
3391	2992	1
3391	3037	1
3392	167	1
3392	294	1
3392	305	0
3392	437	0
3392	1080	0
3392	1824	0
3392	1838	1
3392	2046	1
3392	2395	0
3392	2689	1
3393	433	1
3393	797	0
3393	2023	0
3393	2160	0
3393	2283	1
3393	2509	1
3393	2602	0
3393	3061	1
3393	3129	0
3393	3194	1
3394	174	1
3394	384	0
3394	403	1
3394	487	1
3394	516	0
3394	916	0
3394	949	0
3394	1271	1
3394	1513	1
3394	2794	0
3395	174	0
3395	412	1
3395	1850	1
3395	1917	1
3395	1927	0
3395	2299	1
3395	2708	1
3395	2770	0
3395	2834	0
3395	3154	0
3396	159	0
3396	189	0
3396	661	0
3396	986	1
3396	1973	1
3396	2104	1
3396	2307	0
3396	2529	1
3396	2552	0
3396	3031	1
3397	66	0
3397	224	1
3397	299	1
3397	497	0
3397	670	0
3397	1460	1
3397	2459	0
3397	2557	0
3397	2878	1
3397	3058	1
3398	142	0
3398	158	0
3398	433	1
3398	1776	1
3398	1907	1
3398	2233	0
3398	2386	1
3398	2570	1
3398	2734	0
3398	2960	0
3399	429	1
3399	750	0
3399	2088	1
3399	2172	0
3399	2557	1
3399	2680	1
3399	3019	0
3399	3020	1
3399	3026	0
3399	3216	0
3400	340	1
3400	425	1
3400	559	0
3400	664	1
3400	1226	0
3400	1541	0
3400	2511	0
3400	2706	1
3400	2734	1
3400	2834	0
3401	398	0
3401	463	1
3401	615	1
3401	1037	0
3401	1582	1
3401	2348	1
3401	2638	0
3401	2653	0
3401	2708	1
3401	3202	0
3402	140	0
3402	208	1
3402	653	1
3402	654	0
3402	1271	0
3402	1391	0
3402	2836	1
3402	3082	0
3402	3094	1
3402	3115	1
3403	19	0
3403	390	1
3403	472	0
3403	648	0
3403	824	0
3403	938	1
3403	1137	1
3403	2164	0
3403	2273	1
3403	2551	1
3404	478	1
3404	515	0
3404	586	1
3404	588	1
3404	758	1
3404	1239	1
3404	1284	0
3404	1439	0
3404	2118	0
3404	3106	0
3405	261	1
3405	570	0
3405	1011	0
3405	1067	0
3405	1888	1
3405	2240	0
3405	2557	1
3405	2909	0
3405	2984	1
3405	2990	1
3406	86	0
3406	1200	1
3406	1226	1
3406	1298	1
3406	1485	0
3406	1879	0
3406	2479	1
3406	2579	1
3406	2690	0
3406	2782	0
3407	506	0
3407	516	1
3407	661	0
3407	1860	1
3407	1914	0
3407	2375	1
3407	2583	1
3407	2809	1
3407	2978	0
3407	3095	0
3408	209	1
3408	325	0
3408	497	1
3408	975	0
3408	1048	0
3408	1565	1
3408	1747	1
3408	1956	1
3408	2936	0
3408	3234	0
3409	156	0
3409	495	1
3409	656	0
3409	850	0
3409	1266	1
3409	1655	1
3409	1972	1
3409	2041	0
3409	2126	0
3409	2818	1
3410	171	1
3410	174	0
3410	729	0
3410	1479	1
3410	1776	0
3410	2273	1
3410	2562	0
3410	2761	0
3410	2818	1
3410	3241	1
3411	104	0
3411	206	1
3411	463	0
3411	1239	1
3411	1324	0
3411	1606	0
3411	2475	0
3411	2595	1
3411	2619	1
3411	3163	1
3412	440	0
3412	578	0
3412	615	0
3412	1607	0
3412	2046	1
3412	2101	0
3412	2543	1
3412	2785	1
3412	2809	1
3412	2828	1
3413	208	1
3413	220	0
3413	261	0
3413	648	1
3413	1472	0
3413	1801	0
3413	1979	1
3413	2530	1
3413	3045	1
3413	3151	0
3414	686	0
3414	748	0
3414	939	0
3414	1202	1
3414	1271	1
3414	1514	1
3414	2352	0
3414	2419	1
3414	2816	1
3414	3139	0
3415	213	1
3415	707	0
3415	843	1
3415	1506	0
3415	1702	1
3415	2241	1
3415	2314	0
3415	2662	0
3415	2887	0
3415	2988	1
3416	251	0
3416	319	0
3416	390	0
3416	497	1
3416	731	0
3416	1834	1
3416	1927	1
3416	2157	1
3416	2361	0
3416	2562	1
3417	165	0
3417	738	0
3417	1047	0
3417	1605	1
3417	2413	1
3417	2434	0
3417	2670	0
3417	2690	1
3417	2828	1
3417	3221	1
3418	624	1
3418	850	1
3418	1146	1
3418	1156	0
3418	1211	0
3418	1231	0
3418	2967	0
3418	3139	1
3418	3156	0
3418	3184	1
3419	653	1
3419	975	1
3419	1284	0
3419	1447	0
3419	1527	0
3419	1584	1
3419	1687	0
3419	2551	1
3419	2960	1
3419	3005	0
3420	180	0
3420	190	0
3420	579	0
3420	1066	1
3420	1614	1
3420	2001	1
3420	2091	0
3420	2118	1
3420	2330	1
3420	2585	0
3421	12	0
3421	319	0
3421	1201	0
3421	1476	1
3421	1552	1
3421	1722	1
3421	2447	0
3421	2519	1
3421	2717	0
3421	3019	1
3422	224	1
3422	531	0
3422	612	0
3422	625	0
3422	949	0
3422	1066	1
3422	2141	1
3422	2486	1
3422	3039	0
3422	3087	1
3423	208	1
3423	1146	0
3423	1303	0
3423	1892	0
3423	2437	1
3423	2519	0
3423	2744	1
3423	2890	0
3423	2990	1
3423	3151	1
3424	52	0
3424	228	0
3424	716	1
3424	1280	1
3424	1365	1
3424	1784	0
3424	2635	1
3424	2653	0
3424	2822	0
3424	3031	1
3425	453	0
3425	550	1
3425	985	0
3425	1017	1
3425	2022	0
3425	2157	1
3425	2213	0
3425	2226	1
3425	2419	0
3425	3065	1
3426	335	0
3426	337	0
3426	1747	1
3426	2213	0
3426	2418	1
3426	2459	0
3426	2670	1
3426	2690	1
3426	2925	1
3426	2988	0
3427	224	1
3427	578	0
3427	881	0
3427	1013	0
3427	1340	1
3427	1349	0
3427	1858	1
3427	1897	0
3427	1943	1
3427	2253	1
3428	507	1
3428	600	0
3428	732	1
3428	1322	0
3428	1475	1
3428	2118	0
3428	2337	0
3428	2818	1
3428	2875	0
3428	2978	1
3429	30	1
3429	209	0
3429	295	0
3429	824	1
3429	1133	1
3429	1224	0
3429	1267	1
3429	2418	1
3429	2427	0
3429	2760	0
3430	22	0
3430	206	1
3430	316	1
3430	751	0
3430	1207	1
3430	1370	1
3430	1746	1
3430	2442	0
3430	2595	0
3430	3205	0
3431	427	1
3431	507	0
3431	1017	0
3431	1085	1
3431	1857	1
3431	2348	1
3431	2613	0
3431	2644	1
3431	2704	0
3431	3163	0
3432	29	1
3432	738	0
3432	1027	1
3432	1376	0
3432	1466	0
3432	1566	0
3432	1648	1
3432	1929	1
3432	2425	1
3432	2887	0
3433	1271	0
3433	1375	1
3433	1834	1
3433	1972	0
3433	2015	0
3433	2151	1
3433	2361	0
3433	2557	1
3433	2990	0
3433	3213	1
3434	1301	0
3434	1354	1
3434	1756	0
3434	1816	0
3434	1929	0
3434	2106	1
3434	2275	0
3434	2593	1
3434	3065	1
3434	3138	1
3435	597	0
3435	1249	0
3435	1566	1
3435	1790	0
3435	1890	0
3435	2337	1
3435	2350	0
3435	2620	1
3435	2736	1
3435	2831	1
3436	49	0
3436	387	0
3436	417	0
3436	446	1
3436	507	1
3436	873	1
3436	904	1
3436	1205	0
3436	2046	1
3436	2959	0
3437	388	1
3437	509	1
3437	664	1
3437	1194	1
3437	1522	0
3437	1699	0
3437	1849	1
3437	2351	0
3437	2368	0
3437	2395	0
3438	183	1
3438	336	1
3438	558	0
3438	716	0
3438	720	0
3438	1227	1
3438	1280	1
3438	2254	0
3438	2513	0
3438	2670	1
3439	86	1
3439	751	0
3439	1037	0
3439	1239	0
3439	1332	0
3439	1333	1
3439	1512	0
3439	1592	1
3439	1779	1
3439	3094	1
3440	221	0
3440	644	1
3440	938	1
3440	970	0
3440	1856	1
3440	1972	0
3440	2311	0
3440	2519	1
3440	2673	1
3440	2967	0
3441	39	1
3441	221	1
3441	299	0
3441	425	0
3441	503	1
3441	1211	0
3441	1527	1
3441	1825	1
3441	1922	0
3441	2558	0
3442	319	1
3442	403	1
3442	626	0
3442	643	0
3442	1429	1
3442	1806	0
3442	2221	0
3442	2262	0
3442	2280	1
3442	2938	1
3443	52	1
3443	180	0
3443	435	0
3443	716	1
3443	1446	1
3443	2037	0
3443	2644	1
3443	2782	0
3443	2998	0
3443	3026	1
3444	104	1
3444	472	1
3444	1346	0
3444	1960	0
3444	2020	0
3444	2143	1
3444	2412	0
3444	2427	0
3444	2595	1
3444	2960	1
3445	247	0
3445	608	1
3445	1227	1
3445	1301	0
3445	1676	0
3445	1731	1
3445	2277	0
3445	2565	1
3445	2928	0
3445	3020	1
3446	552	0
3446	1078	1
3446	1174	1
3446	1447	1
3446	1477	0
3446	1495	1
3446	2463	0
3446	2480	0
3446	2651	1
3446	3163	0
3447	127	1
3447	179	0
3447	299	1
3447	644	1
3447	867	1
3447	875	1
3447	1558	0
3447	1614	0
3447	2421	0
3447	2455	0
3448	0	1
3448	209	1
3448	555	1
3448	1176	0
3448	1211	0
3448	1231	1
3448	1304	0
3448	1432	0
3448	2595	1
3448	2859	0
3449	167	0
3449	174	1
3449	260	1
3449	653	0
3449	687	1
3449	1460	0
3449	2305	0
3449	2426	0
3449	2968	1
3449	3152	1
3450	165	0
3450	208	1
3450	463	0
3450	1802	0
3450	2132	0
3450	2157	1
3450	2595	1
3450	2627	1
3450	2661	1
3450	2827	0
3451	344	1
3451	794	0
3451	813	0
3451	1016	1
3451	1269	1
3451	1443	0
3451	1670	1
3451	1777	1
3451	2268	0
3451	2606	0
3452	949	0
3452	1264	0
3452	1552	1
3452	1582	0
3452	1921	0
3452	2109	1
3452	2216	1
3452	2319	0
3452	3078	1
3452	3139	1
3453	183	0
3453	938	1
3453	1097	1
3453	1447	0
3453	1530	0
3453	1790	1
3453	1860	0
3453	2136	1
3453	2143	0
3453	2496	1
3454	239	1
3454	253	0
3454	361	0
3454	518	1
3454	943	1
3454	1394	1
3454	1729	0
3454	1772	0
3454	1888	1
3454	2100	0
3455	324	1
3455	342	1
3455	403	1
3455	1644	0
3455	1818	0
3455	1888	1
3455	2018	0
3455	2459	0
3455	3149	0
3455	3213	1
3456	86	0
3456	135	1
3456	440	1
3456	1233	0
3456	1439	0
3456	1784	0
3456	2361	1
3456	2595	1
3456	2916	0
3456	3049	1
3457	193	1
3457	312	0
3457	478	1
3457	508	0
3457	648	1
3457	1006	1
3457	1116	0
3457	1271	1
3457	1523	0
3457	1841	0
3458	276	0
3458	867	1
3458	1243	1
3458	1429	1
3458	1512	0
3458	1717	1
3458	2066	1
3458	2220	0
3458	2276	0
3458	2511	0
3459	484	0
3459	508	0
3459	847	0
3459	1117	1
3459	1201	1
3459	1399	1
3459	1473	0
3459	1746	1
3459	1834	0
3459	2877	1
3460	206	0
3460	310	0
3460	312	1
3460	325	1
3460	998	0
3460	1370	1
3460	2023	0
3460	2051	1
3460	2119	1
3460	2832	0
3461	86	0
3461	513	0
3461	953	1
3461	1050	1
3461	1266	1
3461	2307	0
3461	2527	0
3461	2950	1
3461	3000	1
3461	3180	0
3462	214	1
3462	324	0
3462	1284	1
3462	1314	0
3462	1552	0
3462	1685	0
3462	1728	1
3462	2557	1
3462	2828	1
3462	3086	0
3463	12	0
3463	181	1
3463	255	0
3463	618	0
3463	1123	1
3463	1129	0
3463	2233	1
3463	2619	1
3463	2884	0
3463	2968	1
3464	69	1
3464	923	0
3464	1118	1
3464	1605	1
3464	2662	0
3464	2676	1
3464	2968	1
3464	2984	0
3464	3076	0
3464	3221	0
3465	86	0
3465	612	0
3465	804	1
3465	1122	1
3465	1860	0
3465	2054	1
3465	2157	0
3465	2443	1
3465	2466	1
3465	3049	0
3466	523	1
3466	550	1
3466	1264	0
3466	1424	1
3466	1546	0
3466	1584	1
3466	1744	0
3466	2373	0
3466	2708	0
3466	2960	1
3467	1747	1
3467	1837	1
3467	2005	0
3467	2356	0
3467	2358	0
3467	2359	1
3467	2547	0
3467	2557	0
3467	2762	1
3467	3007	1
3468	169	1
3468	364	0
3468	541	1
3468	1083	1
3468	1171	0
3468	1172	0
3468	2139	0
3468	2443	0
3468	2662	1
3468	3031	1
3469	315	1
3469	543	0
3469	592	1
3469	1095	1
3469	1441	0
3469	1447	0
3469	1501	0
3469	1837	1
3469	2311	1
3469	3242	0
3470	402	1
3470	845	1
3470	949	1
3470	1180	1
3470	2011	0
3470	2164	0
3470	2314	0
3470	2925	0
3470	3020	0
3470	3213	1
3471	104	1
3471	121	1
3471	155	0
3471	252	1
3471	648	1
3471	1970	0
3471	2248	0
3471	2278	1
3471	2460	0
3471	2827	0
3472	344	1
3472	384	0
3472	490	1
3472	1570	1
3472	1858	1
3472	1990	1
3472	2216	0
3472	2348	0
3472	3048	0
3472	3187	0
3473	187	1
3473	1476	0
3473	1807	0
3473	1929	1
3473	2046	0
3473	2133	0
3473	2401	1
3473	2518	1
3473	3074	0
3473	3183	1
3474	560	1
3474	847	1
3474	908	1
3474	1036	0
3474	1316	0
3474	1552	1
3474	1652	1
3474	2619	0
3474	3009	0
3474	3196	0
3475	310	1
3475	580	0
3475	714	0
3475	1670	0
3475	1850	1
3475	2018	1
3475	2032	1
3475	2557	0
3475	2706	1
3475	2852	0
3476	137	0
3476	635	0
3476	663	0
3476	755	1
3476	989	1
3476	1167	0
3476	1474	1
3476	2860	1
3476	3005	1
3476	3050	0
3477	360	0
3477	939	0
3477	1266	0
3477	1284	0
3477	1552	1
3477	1614	1
3477	2109	0
3477	2361	1
3477	3075	1
3477	3138	1
3478	395	0
3478	910	1
3478	1024	1
3478	1223	1
3478	1499	0
3478	1555	0
3478	2109	1
3478	2156	0
3478	3085	0
3478	3250	1
3479	221	1
3479	1142	0
3479	1446	0
3479	1595	1
3479	1895	0
3479	1978	0
3479	2121	0
3479	2143	1
3479	2522	1
3479	2619	1
3480	340	1
3480	502	0
3480	1211	1
3480	1361	1
3480	1592	0
3480	1614	0
3480	1687	1
3480	2015	0
3480	2399	1
3480	3149	0
3481	268	0
3481	417	1
3481	429	0
3481	765	0
3481	1831	1
3481	1973	1
3481	2053	0
3481	2161	1
3481	2582	0
3481	2822	1
3482	923	1
3482	1117	1
3482	1527	1
3482	1854	0
3482	1979	0
3482	2619	1
3482	2671	0
3482	2752	0
3482	3075	0
3482	3227	1
3483	22	0
3483	209	1
3483	252	0
3483	266	1
3483	403	1
3483	1207	0
3483	1803	1
3483	2066	1
3483	2465	0
3483	2466	0
3484	208	1
3484	277	1
3484	967	0
3484	1314	1
3484	1363	1
3484	1619	0
3484	1856	0
3484	2557	1
3484	2858	0
3484	2860	0
3485	245	1
3485	254	0
3485	472	1
3485	640	1
3485	893	0
3485	1241	0
3485	1748	0
3485	2501	1
3485	2782	1
3485	3152	0
3486	173	1
3486	221	1
3486	251	1
3486	1255	0
3486	1446	0
3486	1829	0
3486	1841	0
3486	2156	0
3486	2761	1
3486	3111	1
3487	174	0
3487	206	1
3487	310	0
3487	644	1
3487	1346	0
3487	1595	0
3487	2330	0
3487	2418	1
3487	2619	1
3487	2877	1
3488	22	0
3488	252	0
3488	447	0
3488	783	1
3488	1194	1
3488	1301	1
3488	1605	0
3488	2307	1
3488	2775	1
3488	2981	0
3489	174	1
3489	336	0
3489	617	1
3489	823	1
3489	872	0
3489	1514	1
3489	2211	1
3489	2670	0
3489	2684	0
3489	3095	0
3490	121	0
3490	167	1
3490	360	1
3490	447	1
3490	1641	0
3490	1684	0
3490	1956	1
3490	2484	1
3490	2486	0
3490	2634	0
3491	208	1
3491	626	0
3491	848	0
3491	998	0
3491	1757	1
3491	1921	1
3491	2543	1
3491	2676	1
3491	2708	0
3491	3216	0
3492	46	0
3492	299	1
3492	466	1
3492	620	1
3492	1227	0
3492	1299	1
3492	1348	0
3492	1408	0
3492	1929	1
3492	2222	0
3493	22	1
3493	135	0
3493	836	1
3493	944	0
3493	970	1
3493	1526	0
3493	2216	0
3493	2549	1
3493	2718	0
3493	3163	1
3494	169	1
3494	297	0
3494	617	1
3494	1449	0
3494	1591	0
3494	2001	1
3494	2299	1
3494	2455	0
3494	2775	1
3494	3221	0
3495	208	1
3495	463	1
3495	1207	1
3495	1964	0
3495	1972	0
3495	2132	0
3495	2375	1
3495	2434	0
3495	2517	1
3495	2690	0
3496	19	1
3496	403	1
3496	555	0
3496	592	0
3496	804	0
3496	2298	1
3496	2362	1
3496	2513	0
3496	2831	0
3496	3176	1
3497	5	1
3497	319	1
3497	906	0
3497	1088	0
3497	1117	1
3497	1552	1
3497	1634	0
3497	1757	0
3497	2377	0
3497	2418	1
3498	33	1
3498	85	0
3498	277	0
3498	389	1
3498	577	0
3498	783	1
3498	1006	1
3498	1883	0
3498	2539	0
3498	2611	1
3499	207	0
3499	429	1
3499	1036	0
3499	1555	1
3499	1888	1
3499	2164	0
3499	2267	0
3499	3059	1
3499	3078	1
3499	3107	0
3500	230	0
3500	831	0
3500	908	0
3500	1000	0
3500	1979	1
3500	2343	1
3500	2348	1
3500	2938	1
3500	2960	0
3500	3255	1
3501	282	0
3501	743	1
3501	1226	0
3501	1512	1
3501	1696	0
3501	1722	1
3501	1956	0
3501	2108	1
3501	2544	0
3501	2837	1
3502	106	0
3502	236	1
3502	1048	0
3502	1280	0
3502	1548	1
3502	1745	1
3502	2270	0
3502	2320	0
3502	2375	1
3502	3139	1
3503	193	0
3503	1174	0
3503	1245	1
3503	1329	0
3503	1359	1
3503	1447	0
3503	1640	1
3503	2603	1
3503	2893	0
3503	2960	1
3504	495	0
3504	496	1
3504	744	0
3504	1205	0
3504	1358	0
3504	2150	1
3504	2179	1
3504	2386	1
3504	2424	1
3504	3179	0
3505	31	0
3505	308	0
3505	757	1
3505	843	1
3505	891	1
3505	1106	0
3505	2178	0
3505	2533	0
3505	2574	1
3505	2729	1
3506	490	1
3506	938	1
3506	1166	0
3506	1224	0
3506	1284	1
3506	1380	0
3506	1702	0
3506	1853	1
3506	2637	0
3506	3220	1
3507	179	0
3507	212	0
3507	221	1
3507	384	0
3507	592	1
3507	955	0
3507	1892	1
3507	2111	0
3507	3066	1
3507	3154	1
3508	949	0
3508	1051	0
3508	1207	1
3508	1603	1
3508	1636	1
3508	1714	0
3508	2386	1
3508	2619	0
3508	3138	1
3508	3152	0
3509	406	1
3509	463	0
3509	1316	0
3509	1327	0
3509	1394	1
3509	1797	0
3509	1979	1
3509	2238	0
3509	2342	1
3509	2916	1
3510	487	0
3510	635	0
3510	975	0
3510	1512	1
3510	1530	0
3510	1834	1
3510	1888	1
3510	2015	0
3510	2157	1
3510	2834	1
3511	34	1
3511	1213	0
3511	1314	1
3511	1353	1
3511	1512	0
3511	1609	0
3511	2073	0
3511	2230	0
3511	2594	1
3511	2928	1
3512	1053	0
3512	1605	1
3512	2118	1
3512	2157	0
3512	2418	1
3512	2619	1
3512	2670	0
3512	2835	0
3512	2956	1
3512	3216	0
3513	169	1
3513	507	1
3513	1227	1
3513	1614	0
3513	1929	1
3513	2235	0
3513	2818	1
3513	3039	0
3513	3058	0
3513	3216	0
3514	251	0
3514	752	0
3514	1002	1
3514	1088	1
3514	1630	1
3514	1752	1
3514	1825	1
3514	1972	0
3514	2213	0
3514	2708	0
3515	850	1
3515	1213	0
3515	1418	0
3515	1485	1
3515	1790	0
3515	2299	1
3515	2818	1
3515	2972	0
3515	3107	0
3515	3205	1
3516	202	1
3516	251	0
3516	1216	1
3516	1513	1
3516	1729	0
3516	2049	0
3516	2222	1
3516	2312	0
3516	2455	0
3516	2828	1
3517	135	0
3517	157	1
3517	295	1
3517	665	1
3517	1210	0
3517	2619	1
3517	2753	0
3517	2960	0
3517	2965	0
3517	3065	1
3518	254	1
3518	386	1
3518	424	1
3518	472	0
3518	1093	0
3518	1123	0
3518	1586	1
3518	1787	0
3518	2144	1
3518	2958	0
3519	21	1
3519	38	0
3519	593	0
3519	1021	1
3519	1815	0
3519	2065	0
3519	2459	1
3519	2562	1
3519	2661	1
3519	2804	0
3520	121	1
3520	518	1
3520	748	1
3520	1573	0
3520	1891	0
3520	1972	0
3520	2063	1
3520	2322	0
3520	2651	1
3520	3073	0
3521	276	0
3521	360	1
3521	516	0
3521	555	1
3521	612	1
3521	716	0
3521	1513	1
3521	1956	0
3521	2216	0
3521	3196	1
3522	250	1
3522	527	0
3522	1053	0
3522	1284	0
3522	1774	1
3522	2278	0
3522	2636	1
3522	2704	1
3522	2938	0
3522	3094	1
3523	121	0
3523	384	0
3523	1207	1
3523	1241	0
3523	1476	1
3523	1696	0
3523	2278	1
3523	2586	1
3523	3019	1
3523	3064	0
3524	213	0
3524	221	0
3524	425	1
3524	477	1
3524	487	0
3524	1605	0
3524	2061	1
3524	2669	1
3524	2728	1
3524	3139	0
3525	27	0
3525	1008	0
3525	2065	0
3525	2248	1
3525	2255	1
3525	2425	1
3525	2924	0
3525	2996	0
3525	3078	1
3525	3156	1
3526	623	0
3526	1061	0
3526	1380	1
3526	1552	1
3526	2585	0
3526	2690	1
3526	2706	0
3526	2776	0
3526	2890	1
3526	2995	1
3527	148	0
3527	172	1
3527	626	0
3527	919	0
3527	1969	1
3527	2270	1
3527	2433	0
3527	2831	1
3527	3065	1
3527	3115	0
3528	0	0
3528	239	1
3528	465	0
3528	1682	0
3528	1746	1
3528	1747	0
3528	1802	0
3528	2023	1
3528	2387	1
3528	2818	1
3529	110	1
3529	334	1
3529	361	0
3529	1148	0
3529	1948	0
3529	2021	1
3529	2661	1
3529	2776	1
3529	2794	0
3529	3152	0
3530	220	0
3530	648	1
3530	925	0
3530	975	0
3530	1605	1
3530	1802	0
3530	2418	1
3530	2425	1
3530	2981	1
3530	3253	0
3531	33	1
3531	110	0
3531	460	1
3531	1211	0
3531	1550	1
3531	1587	0
3531	2268	1
3531	2384	0
3531	2595	0
3531	2848	1
3532	606	0
3532	1314	0
3532	1363	1
3532	1464	1
3532	1834	0
3532	2522	1
3532	2623	1
3532	2731	1
3532	2737	0
3532	2863	0
3533	260	1
3533	518	0
3533	589	0
3533	641	0
3533	699	0
3533	1307	1
3533	1552	1
3533	1562	0
3533	2177	1
3533	3213	1
3534	319	1
3534	389	0
3534	555	0
3534	1006	1
3534	1979	1
3534	2345	0
3534	2348	1
3534	2582	1
3534	3009	0
3534	3238	0
3535	165	0
3535	550	1
3535	920	1
3535	1410	1
3535	1802	0
3535	2063	1
3535	2384	0
3535	2916	0
3535	2938	1
3535	3150	0
3536	104	1
3536	221	1
3536	387	1
3536	1172	0
3536	1712	0
3536	1954	0
3536	2132	0
3536	2221	1
3536	2708	0
3536	3097	1
3537	527	1
3537	832	1
3537	1118	1
3537	1160	1
3537	1333	0
3537	1399	0
3537	1605	0
3537	2419	1
3537	2489	0
3537	2960	0
3538	306	0
3538	823	0
3538	1370	1
3538	1455	1
3538	1743	0
3538	1800	1
3538	2046	1
3538	2611	0
3538	2666	0
3538	2938	1
3539	550	1
3539	885	1
3539	1375	0
3539	2400	0
3539	2585	1
3539	3009	1
3539	3075	0
3539	3184	1
3539	3216	0
3539	3227	0
3540	540	0
3540	687	1
3540	1042	0
3540	1488	0
3540	2118	1
3540	2286	0
3540	2455	1
3540	2562	1
3540	2748	1
3540	2986	0
3541	387	0
3541	847	1
3541	913	0
3541	1526	0
3541	1781	1
3541	1979	1
3541	2305	1
3541	2361	0
3541	2621	1
3541	3216	0
3542	208	1
3542	299	1
3542	316	0
3542	450	0
3542	1487	0
3542	1629	1
3542	1862	0
3542	2221	1
3542	2271	0
3542	2828	1
3543	626	0
3543	701	1
3543	926	0
3543	1214	0
3543	1888	1
3543	1915	1
3543	2583	0
3543	2702	1
3543	2987	1
3543	3123	0
3544	478	1
3544	536	0
3544	1804	1
3544	1990	1
3544	2037	0
3544	2553	0
3544	2674	0
3544	2863	1
3544	2996	0
3544	3082	1
3545	143	1
3545	1321	0
3545	1479	1
3545	1573	0
3545	1920	1
3545	2281	1
3545	2424	0
3545	2425	0
3545	2582	0
3545	2860	1
3546	351	0
3546	648	0
3546	675	1
3546	960	1
3546	1615	0
3546	1636	1
3546	1774	1
3546	2266	0
3546	2676	1
3546	2886	0
3547	104	0
3547	1362	1
3547	1737	0
3547	2005	1
3547	2307	0
3547	2320	1
3547	2401	1
3547	2518	1
3547	2575	0
3547	3028	0
3548	403	0
3548	765	0
3548	1332	0
3548	2109	1
3548	2277	1
3548	2816	1
3548	3014	1
3548	3020	1
3548	3038	0
3548	3253	0
3549	1365	0
3549	1760	1
3549	1783	0
3549	1930	0
3549	2063	0
3549	2327	1
3549	2752	1
3549	2927	1
3549	2968	1
3549	3237	0
3550	390	0
3550	654	1
3550	1658	0
3550	2005	1
3550	2361	1
3550	2405	1
3550	2418	0
3550	2659	0
3550	2995	0
3550	3058	1
3551	221	1
3551	416	0
3551	1735	0
3551	1856	1
3551	2118	0
3551	2139	0
3551	2361	1
3551	2753	1
3551	2822	0
3551	3133	1
3552	208	1
3552	290	0
3552	390	1
3552	866	1
3552	1283	0
3552	1783	0
3552	2069	0
3552	2544	0
3552	2557	1
3552	2920	1
3553	1280	1
3553	2157	1
3553	2228	0
3553	2229	1
3553	2486	0
3553	2662	1
3553	2924	0
3553	2949	0
3553	2968	1
3553	3084	0
3554	0	0
3554	221	1
3554	788	0
3554	1043	0
3554	1046	1
3554	1266	1
3554	1847	0
3554	2132	0
3554	3066	1
3554	3176	1
3555	174	1
3555	606	1
3555	1221	0
3555	1929	0
3555	2053	1
3555	2152	0
3555	2216	1
3555	2419	0
3555	3007	0
3555	3179	1
3556	299	0
3556	372	1
3556	531	0
3556	916	1
3556	1737	1
3556	1865	1
3556	2407	0
3556	2466	0
3556	2525	1
3556	3245	0
3557	39	1
3557	171	1
3557	440	0
3557	1891	1
3557	2270	1
3557	2466	0
3557	2479	0
3557	2512	0
3557	2627	1
3557	2967	0
3558	45	1
3558	278	0
3558	497	0
3558	845	0
3558	1115	0
3558	1757	1
3558	1788	1
3558	2503	0
3558	2765	1
3558	3039	1
3559	236	0
3559	278	0
3559	336	0
3559	864	1
3559	1280	1
3559	1589	1
3559	1858	1
3559	2098	0
3559	2774	0
3559	3216	1
3560	183	1
3560	216	0
3560	250	1
3560	306	0
3560	357	0
3560	490	1
3560	547	0
3560	1295	0
3560	2061	1
3560	2965	1
3561	927	0
3561	1306	1
3561	1742	0
3561	2208	0
3561	2617	0
3561	2689	1
3561	2738	1
3561	3058	1
3561	3170	1
3561	3208	0
3562	385	0
3562	436	1
3562	625	0
3562	675	0
3562	764	0
3562	1004	1
3562	1055	1
3562	2460	1
3562	3042	0
3562	3187	1
3563	403	0
3563	600	1
3563	720	1
3563	1097	1
3563	1314	0
3563	1691	0
3563	2157	1
3563	2736	1
3563	2738	0
3563	2960	0
3564	39	0
3564	312	1
3564	513	0
3564	585	1
3564	720	0
3564	1207	1
3564	1746	0
3564	2278	1
3564	2370	1
3564	2814	0
3565	97	1
3565	747	0
3565	893	0
3565	1210	1
3565	1822	0
3565	2233	1
3565	2307	1
3565	2562	0
3565	2640	0
3565	2828	1
3566	206	0
3566	450	1
3566	793	1
3566	908	1
3566	1051	0
3566	1198	1
3566	1227	0
3566	2704	0
3566	2932	0
3566	3031	1
3567	203	0
3567	295	1
3567	350	0
3567	768	1
3567	1176	0
3567	1288	0
3567	1856	1
3567	2053	1
3567	2238	0
3567	2844	1
3568	104	1
3568	165	0
3568	323	0
3568	649	1
3568	1894	1
3568	1980	1
3568	2239	1
3568	2555	0
3568	2627	0
3568	2775	0
3569	483	1
3569	497	1
3569	1227	1
3569	1239	0
3569	1316	0
3569	2005	1
3569	2011	0
3569	2486	0
3569	2557	1
3569	3065	0
3570	938	1
3570	1006	1
3570	1512	0
3570	1520	0
3570	2011	1
3570	2088	1
3570	2285	0
3570	2470	1
3570	2613	0
3570	3075	0
3571	88	0
3571	158	1
3571	209	1
3571	797	0
3571	1623	0
3571	2024	1
3571	2686	0
3571	2960	1
3571	3156	1
3571	3254	0
3572	289	0
3572	296	0
3572	644	0
3572	1526	1
3572	1756	0
3572	1841	1
3572	2463	1
3572	2734	1
3572	2920	1
3572	3196	0
3573	101	0
3573	350	1
3573	659	0
3573	664	1
3573	2012	0
3573	2091	1
3573	2874	1
3573	3034	0
3573	3130	1
3573	3187	0
3574	1232	0
3574	1267	0
3574	1333	0
3574	1485	0
3574	1577	1
3574	1700	1
3574	1944	0
3574	2666	1
3574	3049	1
3574	3066	1
3575	119	0
3575	1066	1
3575	1358	1
3575	2109	1
3575	2437	0
3575	2459	1
3575	2596	0
3575	2837	1
3575	2868	0
3575	3159	0
3576	374	0
3576	440	0
3576	502	1
3576	1361	1
3576	1969	0
3576	2305	1
3576	2311	0
3576	2753	0
3576	3058	1
3576	3163	1
3577	104	1
3577	208	1
3577	360	0
3577	384	0
3577	912	0
3577	949	0
3577	1242	1
3577	1612	0
3577	2466	1
3577	3213	1
3578	592	0
3578	1104	0
3578	1854	1
3578	2037	0
3578	2133	1
3578	2464	0
3578	2635	0
3578	2818	1
3578	3009	1
3578	3196	1
3579	517	1
3579	856	0
3579	1036	0
3579	1563	0
3579	1858	1
3579	2017	0
3579	2189	0
3579	3023	1
3579	3066	1
3579	3194	1
3580	43	0
3580	336	1
3580	856	1
3580	1297	0
3580	1361	1
3580	2238	1
3580	2242	0
3580	2300	0
3580	2752	0
3580	3017	1
3581	94	0
3581	281	1
3581	461	0
3581	640	1
3581	933	0
3581	1413	1
3581	2195	0
3581	2473	0
3581	2690	1
3581	2828	1
3582	206	0
3582	550	1
3582	926	0
3582	1267	1
3582	1596	0
3582	1888	1
3582	1972	1
3582	2256	0
3582	2776	0
3582	3111	1
3583	52	1
3583	88	0
3583	404	0
3583	664	0
3583	986	1
3583	1264	1
3583	1879	1
3583	1979	1
3583	2273	0
3583	2672	0
3584	315	1
3584	428	1
3584	615	0
3584	1240	0
3584	1588	0
3584	2418	1
3584	2834	1
3584	2944	0
3584	2967	0
3584	2990	1
3585	50	0
3585	502	1
3585	764	0
3585	1142	1
3585	1184	0
3585	1644	0
3585	1676	0
3585	2236	1
3585	2519	1
3585	3076	1
3586	257	0
3586	299	0
3586	411	0
3586	1046	1
3586	1224	0
3586	2327	1
3586	2704	1
3586	2722	0
3586	2995	1
3586	3026	1
3587	251	0
3587	403	1
3587	603	0
3587	654	0
3587	1267	1
3587	1332	0
3587	1676	1
3587	2300	0
3587	2956	1
3587	3163	1
3588	4	0
3588	325	1
3588	449	0
3588	961	1
3588	1310	1
3588	1429	0
3588	1915	1
3588	2160	0
3588	2281	1
3588	2877	0
3589	209	1
3589	371	0
3589	644	1
3589	1000	0
3589	2459	0
3589	2661	1
3589	2745	0
3589	2797	0
3589	2877	1
3589	3200	1
3590	101	0
3590	208	1
3590	463	1
3590	875	1
3590	1160	1
3590	1324	0
3590	2267	0
3590	2277	0
3590	2595	1
3590	2690	0
3591	167	1
3591	1468	0
3591	1484	1
3591	1552	0
3591	2418	1
3591	2449	0
3591	2571	0
3591	2661	1
3591	2680	1
3591	3117	0
3592	179	0
3592	183	1
3592	1213	1
3592	1280	1
3592	1341	0
3592	1441	0
3592	1523	0
3592	1609	1
3592	3039	0
3592	3236	1
3593	228	0
3593	239	0
3593	390	1
3593	550	0
3593	1239	1
3593	1251	0
3593	1918	0
3593	2088	1
3593	2837	1
3593	2863	1
3594	260	1
3594	360	0
3594	615	0
3594	720	1
3594	1117	1
3594	1473	0
3594	2020	0
3594	2152	0
3594	2512	1
3594	3216	1
3595	173	1
3595	366	0
3595	860	1
3595	1550	1
3595	1642	1
3595	1656	1
3595	1670	0
3595	1969	0
3595	3066	0
3595	3226	0
3596	104	1
3596	204	1
3596	1271	1
3596	1297	0
3596	1341	0
3596	1386	0
3596	1547	0
3596	2981	1
3596	3076	1
3596	3238	0
3597	360	1
3597	369	0
3597	570	1
3597	626	0
3597	913	0
3597	1375	0
3597	1870	1
3597	2209	0
3597	2483	1
3597	3094	1
3598	15	0
3598	350	0
3598	457	0
3598	997	1
3598	1207	0
3598	1266	1
3598	2517	1
3598	2916	1
3598	3026	1
3598	3203	0
3599	420	0
3599	686	1
3599	819	0
3599	1657	1
3599	1913	1
3599	1929	1
3599	2037	0
3599	2217	0
3599	2435	0
3599	3157	1
3600	297	0
3600	310	0
3600	626	0
3600	1059	0
3600	1092	1
3600	1266	1
3600	1634	0
3600	2178	1
3600	2327	1
3600	2557	1
3601	295	1
3601	508	0
3601	660	1
3601	975	0
3601	1553	0
3601	2151	1
3601	2435	0
3601	2500	1
3601	3078	0
3601	3213	1
3602	884	0
3602	926	1
3602	1114	0
3602	1832	1
3602	1962	0
3602	1972	1
3602	2218	0
3602	2437	1
3602	2496	0
3602	2981	1
3603	813	0
3603	826	1
3603	1017	1
3603	1446	1
3603	1487	1
3603	2088	1
3603	2570	0
3603	2731	0
3603	2928	0
3603	3164	0
3604	21	0
3604	513	1
3604	848	0
3604	901	1
3604	1555	0
3604	1702	0
3604	2178	1
3604	2609	0
3604	2717	1
3604	2863	1
3605	517	1
3605	842	0
3605	1093	0
3605	1331	0
3605	1358	1
3605	2385	1
3605	2661	1
3605	2884	0
3605	3039	0
3605	3156	1
3606	350	1
3606	552	1
3606	720	0
3606	1394	1
3606	2097	1
3606	2153	0
3606	2521	0
3606	2585	1
3606	2835	0
3606	2893	0
3607	289	1
3607	1146	0
3607	1319	1
3607	1476	0
3607	1979	1
3607	2010	0
3607	2717	1
3607	2878	0
3607	2992	1
3607	3005	0
3608	257	0
3608	422	0
3608	1235	0
3608	1332	0
3608	1834	0
3608	1943	1
3608	2151	1
3608	2824	1
3608	2906	1
3608	2941	1
3609	41	0
3609	52	1
3609	388	0
3609	1047	1
3609	1207	1
3609	1730	0
3609	1924	1
3609	2928	0
3609	3017	0
3609	3213	1
3610	403	0
3610	550	1
3610	758	0
3610	796	1
3610	1105	0
3610	1207	1
3610	1304	0
3610	1370	1
3610	1514	0
3610	3213	1
3611	140	0
3611	1017	1
3611	1137	1
3611	1717	0
3611	1803	1
3611	2046	1
3611	2305	1
3611	2562	0
3611	2964	0
3611	2978	0
3612	294	1
3612	309	1
3612	967	1
3612	1575	0
3612	1838	0
3612	1915	0
3612	1920	1
3612	2595	1
3612	2725	0
3612	2960	0
3613	660	1
3613	1244	0
3613	1307	1
3613	1319	1
3613	1446	0
3613	1590	0
3613	1603	1
3613	1894	0
3613	2266	1
3613	2951	0
3614	46	0
3614	206	1
3614	324	0
3614	404	1
3614	947	0
3614	1816	0
3614	2410	1
3614	2459	1
3614	2607	0
3614	2934	1
3615	478	0
3615	502	1
3615	640	0
3615	944	1
3615	1036	0
3615	1408	0
3615	1614	0
3615	2418	1
3615	2828	1
3615	3020	1
3616	8	0
3616	156	0
3616	427	1
3616	820	1
3616	930	0
3616	1605	0
3616	2152	1
3616	3000	1
3616	3138	1
3616	3242	0
3617	340	1
3617	384	0
3617	946	0
3617	1307	1
3617	1476	1
3617	2046	0
3617	2071	1
3617	2512	0
3617	2967	1
3617	3039	0
3618	88	1
3618	768	0
3618	881	0
3618	1042	1
3618	1267	1
3618	1361	0
3618	1917	1
3618	2285	0
3618	2713	1
3618	2968	0
3619	478	1
3619	487	0
3619	592	1
3619	847	1
3619	1012	0
3619	1848	0
3619	2233	1
3619	2525	0
3619	3208	1
3619	3220	0
3620	12	1
3620	423	0
3620	447	1
3620	586	0
3620	656	1
3620	1036	0
3620	1834	0
3620	2222	1
3620	2557	1
3620	2661	0
3621	210	0
3621	457	0
3621	548	0
3621	1033	0
3621	1348	0
3621	1476	1
3621	2680	1
3621	2706	1
3621	2752	1
3621	3078	1
3622	224	1
3622	503	0
3622	1009	0
3622	1146	1
3622	1213	0
3622	1489	1
3622	1899	0
3622	1979	1
3622	2419	1
3622	3213	0
3623	34	1
3623	289	0
3623	506	0
3623	694	0
3623	850	0
3623	990	1
3623	1790	1
3623	1972	1
3623	2149	0
3623	2848	1
3624	618	1
3624	1067	1
3624	1730	1
3624	1772	0
3624	2101	1
3624	2235	0
3624	2566	0
3624	2582	0
3624	3182	0
3624	3213	1
3625	279	0
3625	325	0
3625	734	1
3625	1552	1
3625	1560	1
3625	1575	1
3625	2268	0
3625	2288	1
3625	3005	0
3625	3114	0
3626	4	1
3626	239	0
3626	434	1
3626	716	0
3626	1066	1
3626	1636	0
3626	2152	0
3626	2442	0
3626	2734	1
3626	2794	1
3627	250	1
3627	1011	0
3627	1211	0
3627	1227	1
3627	1612	0
3627	1686	0
3627	1772	0
3627	1972	1
3627	2311	1
3627	3213	1
3628	220	1
3628	252	0
3628	319	0
3628	389	1
3628	737	0
3628	1117	1
3628	1476	1
3628	1927	0
3628	2133	1
3628	3010	0
3629	202	1
3629	440	1
3629	1153	0
3629	1565	1
3629	1687	0
3629	1790	0
3629	2073	0
3629	2928	0
3629	2960	1
3629	3182	1
3630	80	0
3630	238	1
3630	959	0
3630	1649	1
3630	1944	1
3630	2143	0
3630	2204	0
3630	2818	1
3630	2858	0
3630	3116	1
3631	174	1
3631	208	1
3631	257	0
3631	1204	0
3631	1622	0
3631	1951	1
3631	2343	0
3631	2661	1
3631	3044	1
3631	3157	0
3632	568	1
3632	776	0
3632	1248	0
3632	1531	1
3632	1860	1
3632	2277	0
3632	2424	0
3632	2557	0
3632	2684	1
3632	2752	1
3633	174	1
3633	1307	1
3633	1360	0
3633	1790	1
3633	2284	1
3633	2422	1
3633	2425	0
3633	2582	0
3633	2637	0
3633	2722	0
3634	360	1
3634	648	1
3634	927	0
3634	1227	1
3634	1737	0
3634	1803	1
3634	1943	0
3634	2940	0
3634	3085	0
3634	3213	1
3635	87	0
3635	552	0
3635	938	0
3635	985	1
3635	1439	1
3635	2318	1
3635	2374	1
3635	2570	0
3635	2704	1
3635	2863	0
3636	224	1
3636	255	0
3636	274	1
3636	508	0
3636	1614	1
3636	2230	1
3636	2627	0
3636	2644	0
3636	2925	0
3636	3213	1
3637	118	0
3637	590	1
3637	758	1
3637	929	0
3637	1595	0
3637	1642	1
3637	1705	0
3637	1716	0
3637	2794	1
3637	3052	1
3638	24	0
3638	433	1
3638	866	0
3638	1487	1
3638	1512	1
3638	1956	0
3638	2108	1
3638	2268	1
3638	2327	0
3638	2470	0
3639	206	0
3639	314	1
3639	644	0
3639	653	0
3639	994	0
3639	1018	1
3639	1349	1
3639	2719	0
3639	2828	1
3639	3139	1
3640	605	1
3640	1002	1
3640	1093	0
3640	1227	0
3640	1590	1
3640	1897	0
3640	2435	1
3640	2463	1
3640	2585	0
3640	2676	0
3641	25	1
3641	35	0
3641	649	1
3641	802	0
3641	1310	0
3641	1394	1
3641	1555	1
3641	2348	0
3641	2406	0
3641	2877	1
3642	633	0
3642	690	0
3642	943	1
3642	1017	1
3642	1477	1
3642	1481	1
3642	2582	0
3642	2644	0
3642	2955	0
3642	3138	1
3643	39	0
3643	306	1
3643	503	0
3643	626	0
3643	659	1
3643	846	0
3643	1975	0
3643	2299	1
3643	2717	1
3643	3226	1
3644	85	0
3644	585	1
3644	968	1
3644	1348	0
3644	1927	0
3644	2041	0
3644	2166	0
3644	2284	1
3644	2925	1
3644	3178	1
3645	312	1
3645	615	1
3645	722	1
3645	744	0
3645	1392	0
3645	1786	0
3645	2619	1
3645	2983	0
3645	3154	0
3645	3193	1
3646	340	1
3646	977	1
3646	998	1
3646	1061	0
3646	1173	0
3646	1313	1
3646	1454	1
3646	2172	0
3646	2690	0
3646	2927	0
3647	174	1
3647	656	0
3647	933	1
3647	1047	1
3647	1460	1
3647	1591	0
3647	1790	0
3647	2337	0
3647	2952	1
3647	3031	0
3648	1731	1
3648	1865	0
3648	1972	0
3648	2109	0
3648	2118	0
3648	2151	1
3648	2463	1
3648	2483	1
3648	2938	1
3648	3124	0
3649	167	1
3649	189	0
3649	319	1
3649	924	0
3649	1266	0
3649	1408	1
3649	1560	1
3649	1612	0
3649	1687	0
3649	3016	1
3650	850	0
3650	1118	0
3650	1267	1
3650	1860	0
3650	2595	1
3650	2752	0
3650	2834	0
3650	2877	1
3650	2960	1
3650	2990	1
3651	559	1
3651	742	0
3651	965	1
3651	1324	0
3651	1727	1
3651	1915	1
3651	2367	0
3651	2502	0
3651	2531	1
3651	3064	0
3652	19	0
3652	544	0
3652	550	1
3652	1181	0
3652	1305	0
3652	1734	1
3652	1800	1
3652	1850	1
3652	2206	0
3652	2565	1
3653	250	0
3653	299	1
3653	560	1
3653	615	0
3653	908	0
3653	1138	1
3653	1370	1
3653	1523	1
3653	1700	0
3653	2631	0
3654	24	1
3654	1333	1
3654	1806	1
3654	1990	0
3654	2313	0
3654	2418	0
3654	3078	0
3654	3095	0
3654	3170	1
3654	3216	1
3655	155	0
3655	463	1
3655	507	1
3655	1008	0
3655	1198	1
3655	1283	0
3655	1307	1
3655	1577	1
3655	1729	0
3655	2789	0
3656	473	0
3656	568	0
3656	776	0
3656	796	1
3656	1036	0
3656	1915	1
3656	2133	1
3656	2437	1
3656	2501	0
3656	2583	1
3657	947	0
3657	953	1
3657	1752	1
3657	1860	1
3657	1929	1
3657	2454	1
3657	2459	0
3657	2635	0
3657	2822	0
3657	3076	0
3658	487	1
3658	1106	1
3658	1207	1
3658	1280	0
3658	1385	1
3658	1575	0
3658	1924	1
3658	2671	0
3658	2941	0
3658	2944	0
3659	257	0
3659	389	0
3659	472	1
3659	503	1
3659	998	0
3659	1137	1
3659	1193	1
3659	2519	0
3659	2920	0
3659	3016	1
3660	387	0
3660	758	0
3660	1231	1
3660	2017	0
3660	2022	1
3660	2265	1
3660	2446	1
3660	2753	1
3660	2794	0
3660	2928	0
3661	181	0
3661	218	1
3661	660	0
3661	933	1
3661	1618	1
3661	2085	0
3661	2147	1
3661	2421	0
3661	2580	0
3661	3050	1
3662	32	1
3662	996	0
3662	1207	1
3662	1280	0
3662	1440	0
3662	1605	0
3662	2091	1
3662	2143	0
3662	2591	1
3662	3232	1
3663	640	1
3663	854	0
3663	1013	0
3663	1046	1
3663	1346	0
3663	1877	0
3663	2011	0
3663	2109	1
3663	2704	1
3663	2828	1
3664	77	0
3664	390	1
3664	1303	1
3664	1652	0
3664	2095	1
3664	2246	0
3664	2312	0
3664	2653	1
3664	2654	1
3664	2708	0
3665	447	1
3665	1123	1
3665	1303	0
3665	1591	0
3665	2001	1
3665	2253	0
3665	2374	0
3665	2770	0
3665	2890	1
3665	3051	1
3666	290	0
3666	355	0
3666	938	1
3666	1146	1
3666	1834	1
3666	2118	0
3666	2277	1
3666	2399	0
3666	2557	1
3666	2567	0
3667	110	0
3667	428	1
3667	1523	1
3667	1892	1
3667	2095	0
3667	2438	0
3667	2557	1
3667	2582	0
3667	2761	1
3667	3131	0
3668	390	1
3668	850	1
3668	1563	1
3668	1570	1
3668	1629	0
3668	1790	0
3668	2958	0
3668	3007	0
3668	3079	1
3668	3184	0
3669	221	1
3669	604	0
3669	891	1
3669	1645	1
3669	1735	0
3669	1794	0
3669	2133	1
3669	2694	0
3669	3005	0
3669	3223	1
3670	190	1
3670	297	0
3670	324	0
3670	366	1
3670	758	0
3670	1213	0
3670	1227	1
3670	1636	1
3670	1717	1
3670	2517	0
3671	70	1
3671	403	1
3671	503	0
3671	795	1
3671	1428	1
3671	1870	0
3671	2426	1
3671	2717	0
3671	3013	0
3671	3102	0
3672	402	0
3672	697	1
3672	731	1
3672	1241	0
3672	1677	0
3672	1891	1
3672	2285	1
3672	2300	0
3672	3073	0
3672	3075	1
3673	125	1
3673	935	1
3673	980	0
3673	1468	0
3673	1542	1
3673	1776	0
3673	1790	1
3673	2290	0
3673	2343	1
3673	3021	0
3674	1929	1
3674	1990	1
3674	2233	0
3674	2311	0
3674	2320	1
3674	2519	1
3674	2543	0
3674	2910	0
3674	3086	1
3674	3216	0
3675	86	0
3675	515	1
3675	1936	0
3675	1990	0
3675	2281	1
3675	2422	0
3675	3058	1
3675	3059	1
3675	3172	1
3675	3184	0
3676	105	0
3676	506	0
3676	532	1
3676	1046	1
3676	1394	1
3676	2406	1
3676	2684	0
3676	2879	0
3676	3001	1
3676	3073	0
3677	158	0
3677	195	0
3677	299	1
3677	913	0
3677	1117	0
3677	1248	1
3677	1800	0
3677	1921	1
3677	2452	1
3677	3049	1
3678	13	1
3678	271	1
3678	949	1
3678	1737	0
3678	2104	0
3678	2442	1
3678	2548	0
3678	2599	0
3678	2661	1
3678	2662	0
3679	1166	1
3679	1357	0
3679	1724	0
3679	1864	0
3679	2133	1
3679	2634	1
3679	2718	0
3679	2836	1
3679	2916	1
3679	3010	0
3680	299	1
3680	390	1
3680	403	1
3680	404	0
3680	885	0
3680	1211	0
3680	1834	1
3680	2828	1
3680	2967	0
3680	3131	0
3681	210	0
3681	289	0
3681	299	0
3681	404	1
3681	648	1
3681	1032	1
3681	2281	1
3681	2906	0
3681	3213	1
3681	3226	0
3682	4	0
3682	42	1
3682	741	1
3682	1118	1
3682	1317	1
3682	1654	0
3682	2241	0
3682	2680	0
3682	2689	1
3682	2942	0
3683	221	1
3683	640	0
3683	1002	1
3683	1024	0
3683	1752	0
3683	1883	0
3683	2118	1
3683	2513	0
3683	2644	1
3683	2809	1
3684	351	0
3684	429	0
3684	954	0
3684	1285	1
3684	1466	1
3684	1526	1
3684	1820	1
3684	2377	0
3684	2557	0
3684	2770	1
3685	274	0
3685	1495	1
3685	2011	0
3685	2015	1
3685	2032	0
3685	2385	1
3685	2421	1
3685	2463	0
3685	2635	0
3685	3087	1
3686	1700	0
3686	1743	0
3686	1746	1
3686	2121	0
3686	2459	0
3686	2582	0
3686	2619	1
3686	2920	1
3686	3111	1
3686	3238	1
3687	834	0
3687	980	1
3687	996	1
3687	1557	0
3687	1774	0
3687	1955	0
3687	2012	1
3687	2106	0
3687	2492	1
3687	3000	1
3688	793	1
3688	1122	1
3688	1552	1
3688	2266	0
3688	2361	1
3688	2517	0
3688	2691	0
3688	3058	1
3688	3138	0
3688	3184	0
3689	27	0
3689	295	1
3689	578	0
3689	1006	0
3689	1123	0
3689	1727	1
3689	1929	1
3689	2049	1
3689	2419	1
3689	3095	0
3690	933	0
3690	935	0
3690	2290	0
3690	2619	1
3690	2682	0
3690	2834	1
3690	2960	1
3690	3026	1
3690	3213	1
3690	3252	0
3691	290	1
3691	403	1
3691	1211	1
3691	1345	1
3691	1724	0
3691	2368	1
3691	3091	0
3691	3094	0
3691	3153	0
3691	3182	0
3692	361	1
3692	610	1
3692	644	0
3692	954	1
3692	1512	0
3692	1890	1
3692	2593	0
3692	2729	0
3692	3060	1
3692	3223	0
3693	360	1
3693	1525	0
3693	1629	1
3693	2077	1
3693	2517	1
3693	2638	0
3693	3129	0
3693	3220	1
3693	3231	0
3693	3248	0
3694	183	0
3694	661	0
3694	1282	1
3694	1629	0
3694	1685	0
3694	1834	1
3694	1856	1
3694	2137	1
3694	2148	0
3694	3044	1
